kod_importu,dostawca,kod,ean,nazwa,marka,model,rozmiar,dot,cena_sprzedazy,stan
326606,MO1,MO1_15126981,8906117624387,OPONA VF710/70R42 CEAT TORQUEMAX 185D TL,CEAT,TORQUEMAX,710/70R42,nie starsza niz 3 lata,10676.0,2
326606,MO1,MO1_15126983,8906117626572,OPONA VF710/70R42 CEAT TORQUEMAX 185D TL STEEL BELTED,CEAT,TORQUEMAX,710/70R42,nie starsza niz 3 lata,12016.0,5
395214,MO1,MO1_10004682,8903635027409,OPONA 500/50R17 ALLIANCE FLOTMASTER 381 146D TL STEEL BELTED,ALLIANCE,FLOTMASTER 381,500/50R17,nie starsza niz 3 lata,1956.0,1
395214,MO1,MO1_15216050,7291050060622,OPONA 500/50R17 ALLIANCE FLOTMASTER 381 146D TL,ALLIANCE,FLOTMASTER 381,500/50R17,nie starsza niz 3 lata,1614.0,3
431638,MO1,MO1_15126850,8906117626909,OPONA VF650/60R34 CEAT TORQUEMAX 168D TL STEEL BELTED,CEAT,TORQUEMAX,650/60R34,nie starsza niz 3 lata,7208.0,10
431638,MO1,MO1_15126851,8906117626893,OPONA VF650/60R34 CEAT TORQUEMAX 168D TL TEXTIL BELTED,CEAT,TORQUEMAX,650/60R34,nie starsza niz 3 lata,6910.0,6
572386,MO1,MO1_10004937,8906117626091,OPONA 380/70R24 CEAT FARMAX R70 128A8/125D TL C.R.,CEAT,FARMAX R70,380/70R24,nie starsza niz 3 lata,1536.0,10
572386,MO1,MO1_15128827,8906117624226,OPONA 380/70R24 CEAT FARMAX R70 128A8/125D TL,CEAT,FARMAX R70,380/70R24,nie starsza niz 3 lata,1506.0,1
116135,MO2,MO2_48500301AL-IG,8903635028772,OPONA 20.8R38 (520/85R38) AGRISTAR II 169D TL Alliance,ALLIANCE,AGRI STAR II,20.8R38,nie starsza niz 3 lata,4441.0,1
116135,MO2,MO2_48500301AL-IN,0440000117818,520/85R38 ALLIANCE AGRISTAR II 169D STUBBLE GUARD TL,ALLIANCE,AGRI STAR II,20.8R38,nie starsza niz 3 lata,4441.0,2
128222,MO2,MO2_GLO00083,4792290001565,OPONA 16X6-8 GLOBE WIDE-TREAD /4.33 CLIP Globestar,GLOBESTAR,GLOBE WIDE-TREAD,16x6-8,nie starsza niz 3 lata,478.0,15
128222,MO2,MO2_GLO00084,0440000005719,OPONA 16X6-8 GLOBE WIDE-TREAD /4.33 CLIP Clean Globestar,GLOBESTAR,GLOBE WIDE-TREAD,16x6-8,nie starsza niz 3 lata,621.0,17
128222,MO2,MO2_S10166415113,0440000109646,OPONA 16X6-8 GLOBE WIDE-TREAD /4.33 STD Globestar,GLOBESTAR,GLOBE WIDE-TREAD,16x6-8,nie starsza niz 3 lata,410.0,3
128222,MO2,MO2_S10166415223,0440000108793,OPONA 16X6-8 GLOBE WIDE-TREAD /4.33 CLIP Clean Globestar,GLOBESTAR,GLOBE WIDE-TREAD,16x6-8,nie starsza niz 3 lata,593.0,1
141095,MO2,MO2_GLO00100,4792290003668,OPONA 250-15 GLOBE WIDE-TREAD /7.00 CLIP Globestar,GLOBESTAR,GLOBE WIDE-TREAD,250-15,nie starsza niz 3 lata,2007.0,1
141095,MO2,MO2_GLO00125,0440000004637,OPONA 250-15 GLOBE WIDE-TREAD /7.00 STD Clean Globestar,GLOBESTAR,GLOBE WIDE-TREAD,250-15,nie starsza niz 3 lata,2178.0,16
155734,MO2,MO2_GLO00111,4792290003293,OPONA 23X9-10 (225/75-10) GLOBE WIDE-TREAD 6.50 CLIP Globestar,GLOBESTAR,GLOBE WIDE-TREAD,23x9-10,nie starsza niz 3 lata,1226.0,12
155734,MO2,MO2_GLO00154,4792290003309,OPONA 23X9-10 (225/75-10) GLOBE WIDE-TREAD 6.50 CLIP Clean Globestar,GLOBESTAR,GLOBE WIDE-TREAD,23x9-10,nie starsza niz 3 lata,1447.0,14
222627,MO2,MO2_35045554ALL,7291050016346,OPONA 12.4R46 (320/90R46) 350 148D/151A8 TL Alliance,ALLIANCE,350,12.4R46,nie starsza niz 3 lata,2245.0,5
222627,MO2,MO2_35050020AL-IN,0440000092887,OPONA 12.4R46 (300/95R46) 350 148D/151A8 TL Alliance,ALLIANCE,350,12.4R46,nie starsza niz 3 lata,2372.0,1
237082,MO2,MO2_GLO00114,4792290004917,OPONA 5.00-8 GLOBE WIDE-TREAD /3.00 STD Globestar,GLOBESTAR,GLOBE WIDE-TREAD,5.00-8,nie starsza niz 3 lata,382.0,20
237082,MO2,MO2_GLO00116,0440000004712,OPONA 5.00-8 GLOBE WIDE-TREAD /3.00 CLIP Globestar,GLOBESTAR,GLOBE WIDE-TREAD,5.00-8,nie starsza niz 3 lata,374.0,7
240155,MO2,MO2_4006341720000,8590341070968,OPONA 20.8R38 (520/85R38) AC85 155A8/155B TL Mitas,MITAS,AC 85,20.8R38,nie starsza niz 3 lata,5421.0,2
240155,MO2,MO2_4006341720001,0440000081768,OPONA 20.8R38 (520/85R38) AC85 155A8/155B TL Mitas,MITAS,AC 85,20.8R38,nie starsza niz 3 lata,5421.0,1
251217,MO2,MO2_32016400VP-IG,0440000056322,OPONA 15.0/55-17 320 VALUE PLUS 10PR TL Alliance,ALLIANCE,320 VALUE PLUS,15.0/55-17,nie starsza niz 3 lata,684.0,5
251217,MO2,MO2_32016400VP-IN,8903635019558,OPONA 15.0/55-17 320 VALUE PLUS 10PR TL Alliance,ALLIANCE,320 VALUE PLUS,15.0/55-17,nie starsza niz 3 lata,684.0,1
257213,MO2,MO2_1370,4250427424965,"OPONA 205/75R17.5 RI151 124/122M 3PMSF M+S ALL POSITION Falken (E,C,B,72dB)",FALKEN,RI151,205/75R17.5,nie starsza niz 3 lata,864.0,3
257213,MO2,MO2_336875,0440000125523,"OPONA 205/75R17.5 RI151 124M/122M 3PMSF M+S ALL POSITION Falken (E,C,B,72dB)",FALKEN,RI151,205/75R17.5,nie starsza niz 3 lata,864.0,8
299795,MO2,MO2_GLO00095,4792290002029,OPONA 18X7-8 GLOBE WIDE-TREAD /4.33 STD Globestar,GLOBESTAR,GLOBE WIDE-TREAD,18x7-8,nie starsza niz 3 lata,501.0,1
299795,MO2,MO2_GLO00097,4792290002074,OPONA 18X7-8 GLOBE WIDE-TREAD /4.33 CLIP Clean Globestar,GLOBESTAR,GLOBE WIDE-TREAD,18x7-8,nie starsza niz 3 lata,705.0,6
299795,MO2,MO2_GLO00109,4792290002067,OPONA 18X7-8 GLOBE WIDE-TREAD 4.33 CLIP Globestar,GLOBESTAR,GLOBE WIDE-TREAD,18x7-8,nie starsza niz 3 lata,538.0,20
326279,MO2,MO2_32012112VP-IG,0440000079253,OPONA 400/60-15.5 320 VALUE PLUS 16PR TL Alliance,ALLIANCE,320 VALUE PLUS,400/60-15.5,nie starsza niz 3 lata,618.0,20
326279,MO2,MO2_32012112VP-IN,8903635012290,OPONA 400/60-15.5 320 VALUE PLUS 16PR TL Alliance,ALLIANCE,320 VALUE PLUS,400/60-15.5,nie starsza niz 3 lata,618.0,7
334396,MO2,MO2_GLO00086,0440000007096,OPONA 21X8-9 GLOBE WIDE-TREAD /6.00 CLIP Globestar,GLOBESTAR,GLOBE WIDE-TREAD,21x8-9,nie starsza niz 3 lata,929.0,9
334396,MO2,MO2_GLO00148,0440000007072,OPONA 21X8-9 GLOBE WIDE-TREAD /6.00 CLIP Clean Globestar,GLOBESTAR,GLOBE WIDE-TREAD,21x8-9,nie starsza niz 3 lata,1168.0,10
353827,MO2,MO2_KOIM61560061L,0440000106492,OPONA 15X6.00-6 IMP-06 LINIOWA IMPLEMENT 6PR TL Kabat,KABAT,IMP-06 IMPLEMENT LINIOWA,15x6.00-6,nie starsza niz 3 lata,126.0,2
353827,MO2,MO2_KOIM61560061T,5901765100323,OPONA 15X6.00-6 IMP-06 LINIOWA IMPLEMENT 6PR TT Kabat,KABAT,IMP-06 IMPLEMENT LINIOWA,15x6.00-6,nie starsza niz 3 lata,126.0,2
414937,MO2,MO2_2000044250101,0440000100490,OPONA 23.5R25 EMR 1030 201A2/185B TL Trelleborg,TRELLEBORG,EMR 1030,23.5R25,nie starsza niz 3 lata,12692.0,2
414937,MO2,MO2_4007112160000,0440000100506,OPONA 23.5R25 EMR 1030 201A2/185B TL Trelleborg,TRELLEBORG,EMR 1030,23.5R25,nie starsza niz 3 lata,12692.0,2
419097,MO2,MO2_13763600000,0440000055387,OPONA 6.50-10 SC20+ 5.00 CLIP Continental,CONTINENTAL,SC20+,6.50-10,nie starsza niz 3 lata,1495.0,2
419097,MO2,MO2_13763610000,0440000008901,OPONA 6.50-10 SC20+ 5.00 STD Continental,CONTINENTAL,SC20+,6.50-10,nie starsza niz 3 lata,1495.0,2
463003,MO2,MO2_GLO00126,0440000005481,OPONA 300-15 GLOBE WIDE-TREAD 8.00 CLIP Globestar,GLOBESTAR,GLOBE WIDE-TREAD,300-15,nie starsza niz 3 lata,2807.0,9
463003,MO2,MO2_GLO00140,0440000084219,OPONA 300-15 GLOBE WIDE-TREAD 8.00 STD Globestar,GLOBESTAR,GLOBE WIDE-TREAD,300-15,nie starsza niz 3 lata,2785.0,8
501996,MO2,MO2_88500710AL-IG,0440000055035,OPONA 750/60R30.5 885 181D TL Alliance,ALLIANCE,885,750/60R30.5,nie starsza niz 3 lata,5906.0,9
501996,MO2,MO2_88500710AL-IN,8903635015840,OPONA 750/60R30.5 885 181D TL Alliance,ALLIANCE,885,750/60R30.5,nie starsza niz 3 lata,5906.0,14
505958,MO2,MO2_GLO00110,0440000004699,OPONA 8.15-15 (28X9-15) GLOBE WIDE-TREAD /7.00 CLIP Globestar,GLOBESTAR,GLOBE WIDE-TREAD,8.15-15,nie starsza niz 3 lata,1524.0,20
505958,MO2,MO2_GLO00123,4792290006164,OPONA 8.15-15 (28X9-15) GLOBE WIDE-TREAD /7.00 STD Globestar,GLOBESTAR,GLOBE WIDE-TREAD,8.15-15,nie starsza niz 3 lata,1354.0,10
505958,MO2,MO2_GLO00127,0440000005450,OPONA 8.15-15 (28X9-15) GLOBE WIDE-TREAD /7.00 STD Clean Globestar,GLOBESTAR,GLOBE WIDE-TREAD,8.15-15,nie starsza niz 3 lata,1860.0,8
505958,MO2,MO2_GLO00150,0440000007126,OPONA 8.15-15 (28X9-15) GLOBE WIDE-TREAD /7.00 CLIP Clean Globestar,GLOBESTAR,GLOBE WIDE-TREAD,8.15-15,nie starsza niz 3 lata,1825.0,8
539605,MO2,MO2_64400010AL-IG,8903635022923,OPONA 600/50-22.5 644 FORESTAR III 20PR/159A8/167A2 Alliance,ALLIANCE,644 FORESTAR III,600/50-22.5,nie starsza niz 3 lata,6271.0,3
539605,MO2,MO2_64400011AL-IG,8903635048053,OPONA 600/50-22.5 644 FORESTAR III 20 PR/159A8/167A2 Alliance,ALLIANCE,644 FORESTAR III,600/50-22.5,nie starsza niz 3 lata,6271.0,8
546283,MO2,MO2_5017215580000,8059971005424,OPONA 460/70R24 (17.5R24) TH500 159A8/159B TL Trelleborg,TRELLEBORG,TH500,460/70R24,nie starsza niz 3 lata,3582.0,1
546283,MO2,MO2_5017215580001,0440000112493,OPONA 460/70R24 (17.5R24) TH500 159A8/159B TL Trelleborg,TRELLEBORG,TH500,460/70R24,nie starsza niz 3 lata,3481.0,1
552312,MO2,MO2_GLO00085,4792290005204,OPONA 6.00-9 GLOBE WIDE-TREAD 4.00 STD Clean Globestar,GLOBESTAR,GLOBE WIDE-TREAD,6.00-9,nie starsza niz 3 lata,782.0,10
552312,MO2,MO2_GLO00118,4792290005198,OPONA 6.00-9 GLOBE WIDE-TREAD 4.00 STD Globestar,GLOBESTAR,GLOBE WIDE-TREAD,6.00-9,nie starsza niz 3 lata,646.0,20
552312,MO2,MO2_GLO00119,0440000079628,OPONA 6.00-9 GLOBE WIDE-TREAD 4.00 CLIP Globestar,GLOBESTAR,GLOBE WIDE-TREAD,6.00-9,nie starsza niz 3 lata,584.0,4
556932,MO2,MO2_GLO00152,4792290031227,OPONA 23X9-10 (225/75-10) ULTIMATE XT 6.50 CLIP Globestar,GLOBESTAR,ULTIMATE XT,23x9-10,nie starsza niz 3 lata,1446.0,1
556932,MO2,MO2_ULT00005,0440000094409,OPONA 23X9-10 (225/75-10) ULTIMATE XT 6.50 CLIP Globestar,GLOBESTAR,ULTIMATE XT,23x9-10,nie starsza niz 3 lata,1473.0,20
564329,MO2,MO2_152.28.691,0440000088538,OPONA 16.9R34 (420/85R34) AGRISTAR II 142D TL Alliance,ALLIANCE,AGRI STAR II,16.9R34,nie starsza niz 3 lata,2796.0,2
564329,MO2,MO2_48500100AL-IG,8903635028826,OPONA 16.9R34 (420/85R34) AGRISTAR II 142D TL Alliance,ALLIANCE,AGRI STAR II,16.9R34,nie starsza niz 3 lata,2644.0,17
574483,MO2,MO2_GLO00088,0440000076214,OPONA 7.00-12 GLOBE WIDE-TREAD /5.00 STD Clean Globestar,GLOBESTAR,GLOBE WIDE-TREAD,7.00-12,nie starsza niz 3 lata,1442.0,6
574483,MO2,MO2_GLO00120,4792290005709,OPONA 7.00-12 GLOBE WIDE-TREAD 5.00 STD Globestar,GLOBESTAR,GLOBE WIDE-TREAD,7.00-12,nie starsza niz 3 lata,1044.0,20
581411,MO2,MO2_GLO00143,0440000007102,OPONA 4.00-8 GLOBE WIDE-TREAD /3.00 STD Globestar,GLOBESTAR,GLOBE WIDE-TREAD,4.00-8,nie starsza niz 3 lata,314.0,4
581411,MO2,MO2_GLO00149,0440000007010,OPONA 4.00-8 GLOBE WIDE-TREAD /3.00 CLIP Clean Globestar,GLOBESTAR,GLOBE WIDE-TREAD,4.00-8,nie starsza niz 3 lata,403.0,7
581411,MO2,MO2_GLO00160,0440000091972,OPONA 4.00-8 GLOBE WIDE-TREAD /3.00 STD Clean Globestar,GLOBESTAR,GLOBE WIDE-TREAD,4.00-8,nie starsza niz 3 lata,415.0,14
581411,MO2,MO2_GLO00161,0440000109653,OPONA 4.00-8 GLOBE WIDE-TREAD /3.00 CLIP Globestar,GLOBESTAR,GLOBE WIDE-TREAD,4.00-8,nie starsza niz 3 lata,398.0,10
607583,MO2,MO2_4006341630000,0440000009540,OPONA 710/70R38 AC65 166D/169A8 TL Mitas,MITAS,AC 65,710/70R38,nie starsza niz 3 lata,10271.0,2
607583,MO2,MO2_4006341630001,0440000079826,OPONA 710/70R38 AC65 166D/169A8 TL Mitas,MITAS,AC 65,710/70R38,nie starsza niz 3 lata,10185.0,1
633528,MO2,MO2_53350015AL-IN,8903635001607,OPONA 15.5/80-24 (400/80-24) 533 12PR TT Alliance,ALLIANCE,533,15.5/80-24,nie starsza niz 3 lata,1991.0,6
633528,MO2,MO2_53350022AL-IN,8903635002123,OPONA 15.5/80-24 (400/80-24) 533 12PR TL Alliance,ALLIANCE,533,15.5/80-24,nie starsza niz 3 lata,2033.0,1
673301,MO2,MO2_GLO00113,0440000005283,OPONA 27X10-12 (250/75-12) GLOBE WIDE-TREAD 8.00 CLIP Clean Globestar,GLOBESTAR,GLOBE WIDE-TREAD,27x10-12,nie starsza niz 3 lata,2535.0,8
673301,MO2,MO2_GLO00142,0440000004736,OPONA 27X10-12 (250/75-12) GLOBE WIDE-TREAD 8.00 CLIP Globestar,GLOBESTAR,GLOBE WIDE-TREAD,27x10-12,nie starsza niz 3 lata,1964.0,2
673301,MO2,MO2_GLO00159,0440000091965,OPONA 27X10-12 (250/75-12) GLOBE WIDE-TREAD 8.00 STD Globestar,GLOBESTAR,GLOBE WIDE-TREAD,27x10-12,nie starsza niz 3 lata,1860.0,2
686152,MO2,MO2_33020017AL-IG,0440000099190,OPONA 28-26 (28L-26) 330 16PR/173A8 TL Alliance,ALLIANCE,330,28-26,nie starsza niz 3 lata,5254.0,2
686152,MO2,MO2_33020017AL-IN,8903635000952,OPONA 28-26 (28L-26) 330 16PR/173A8 TL Alliance,ALLIANCE,330,28-26,nie starsza niz 3 lata,5254.0,20
686512,MO2,MO2_GLO00071,0440000007119,OPONA 250-15 PERFORMER /7.00 STD Globestar,GLOBESTAR,PERFORMER,250-15,nie starsza niz 3 lata,1597.0,10
686512,MO2,MO2_GLO00165,0440000123147,OPONA 250-15 PERFORMER 7.50 CLIP Globestar,GLOBESTAR,PERFORMER,250-15,nie starsza niz 3 lata,1902.0,18
711692,MO2,MO2_GLO00063,0440000054687,OPONA 6.50-10 PERFORMER 5.00 STD Globestar,GLOBESTAR,PERFORMER,6.50-10,nie starsza niz 3 lata,784.0,18
711692,MO2,MO2_GLO00064,4792290015678,OPONA 6.50-10 PERFORMER 5.00 CLIP Globestar,GLOBESTAR,PERFORMER,6.50-10,nie starsza niz 3 lata,822.0,5
727886,MO2,MO2_1011313680000,8590341111494,OPONA 360/85-20 (14.5-20) MPT04 IND 14PR TL Mitas,MITAS,MPT04 IND,360/85-20,nie starsza niz 3 lata,2415.0,1
727886,MO2,MO2_25029862,0440000127848,OPONA 360/85-20 (14.5-20) MPT04 IND 14PR TL Mitas,MITAS,MPT04 IND,360/85-20,nie starsza niz 3 lata,1252.0,3
736887,MO2,MO2_GLO00065,0440000005924,OPONA 200/50-10 PERFORMER 6.50 CLIP Globestar,GLOBESTAR,PERFORMER,200/50-10,nie starsza niz 3 lata,638.0,15
736887,MO2,MO2_GLO00087,0440000004613,OPONA 200/50-10 PERFORMER /6.50 STD Globestar,GLOBESTAR,PERFORMER,200/50-10,nie starsza niz 3 lata,488.0,4
739763,MO2,MO2_582392,4038526084460,"OPONA 315/70R22.5 KMAX D G3 154L/152M ELECTRIC DRIVE RFID 3PMSF M+S DRIVE Goodyear (C,B,A,73dB)",GOODYEAR,KMAX D G3,315/70R22.5,nie starsza niz 3 lata,2443.0,4
739763,MO2,MO2_728147,4038526528162,"OPONA 315/70R22.5 KMAX D G3 154L/152M ELECTRIC DRIVE RFID 3PMSF M+S DRIVE Goodyear (B,B,A,73dB)",GOODYEAR,KMAX D G3,315/70R22.5,nie starsza niz 3 lata,2390.0,12
793850,MO2,MO2_152.28.812,0440000124274,OPONA 280/70R20 AGRISTAR II 116D TL Alliance,ALLIANCE,AGRI STAR II,280/70R20,nie starsza niz 3 lata,949.0,2
793850,MO2,MO2_47000033AL-IN,8903635028390,OPONA 280/70R20 AGRISTAR II 116D TL Alliance,ALLIANCE,AGRI STAR II,280/70R20,nie starsza niz 3 lata,906.0,10
816822,MO2,MO2_GLO00099,4792290002364,OPONA 200/50-10 GLOBE WIDE-TREAD /6.50 CLIP Globestar,GLOBESTAR,GLOBE WIDE-TREAD,200/50-10,nie starsza niz 3 lata,732.0,20
816822,MO2,MO2_GLO00139,0440000004828,OPONA 200/50-10 GLOBE WIDE-TREAD 6.50 CLIP Clean Globestar,GLOBESTAR,GLOBE WIDE-TREAD,200/50-10,nie starsza niz 3 lata,981.0,7
816822,MO2,MO2_GLO00147,0440000004811,OPONA 200/50-10 GLOBE WIDE-TREAD /6.50 STD Clean Globestar,GLOBESTAR,GLOBE WIDE-TREAD,200/50-10,nie starsza niz 3 lata,728.0,4
870110,MO2,MO2_35050032AL-IG,0440000075552,OPONA 13.6R48 (340/85R48) 350 151D/154A8 TL Alliance,ALLIANCE,350,13.6R48,nie starsza niz 3 lata,3178.0,2
870110,MO2,MO2_35050032AL-IN,8903635011927,13.6R48 ALLIANCE 350 151D/154A8 TL,ALLIANCE,350,13.6R48,nie starsza niz 3 lata,3178.0,2
901036,MO2,MO2_GLO00103,4792290005471,OPONA 6.50-10 GLOBE WIDE-TREAD 5.00 STD Globestar,GLOBESTAR,GLOBE WIDE-TREAD,6.50-10,nie starsza niz 3 lata,846.0,10
901036,MO2,MO2_GLO00104,4792290005518,OPONA 6.50-10 GLOBE WIDE-TREAD /5.00 CLIP Globestar,GLOBESTAR,GLOBE WIDE-TREAD,6.50-10,nie starsza niz 3 lata,889.0,18
901036,MO2,MO2_GLO00105,0440000056452,OPONA 6.50-10 GLOBE WIDE-TREAD /5.00 CLIP Clean Globestar,GLOBESTAR,GLOBE WIDE-TREAD,6.50-10,nie starsza niz 3 lata,1104.0,8
901036,MO2,MO2_GLO00141,0440000004620,OPONA 6.50-10 GLOBE WIDE-TREAD 5.00 STD Clean Globestar,GLOBESTAR,GLOBE WIDE-TREAD,6.50-10,nie starsza niz 3 lata,1049.0,6
941143,MO2,MO2_GLO00128,0440000005436,OPONA 8.25-15 GLOBE WIDE-TREAD 5.50 CLIP Globestar,GLOBESTAR,GLOBE WIDE-TREAD,8.25-15,nie starsza niz 3 lata,1916.0,8
941143,MO2,MO2_GLO00144,0440000005276,OPONA 8.25-15 GLOBE WIDE-TREAD 6.50 STD Globestar,GLOBESTAR,GLOBE WIDE-TREAD,8.25-15,nie starsza niz 3 lata,1834.0,8
941143,MO2,MO2_GLO00146,0440000007034,OPONA 8.25-15 GLOBE WIDE-TREAD 6.50 CLIP Globestar,GLOBESTAR,GLOBE WIDE-TREAD,8.25-15,nie starsza niz 3 lata,2327.0,12
971093,MO2,MO2_57020300AL-IG,0440000079123,OPONA 17.5-24 (460/70-24) 570 12PR TL Alliance,ALLIANCE,570,17.5-24,nie starsza niz 3 lata,2288.0,3
971093,MO2,MO2_57020300AL-IN,8903635002147,"OPONA 17.5-24 (17.5L-24, 460/70-24) 570 12PR TL Alliance",ALLIANCE,570,17.5-24,nie starsza niz 3 lata,2118.0,20
981078,MO2,MO2_3002635,8808563399966,"OPONA 265/70R19.5 AH35 140/138M 3PMSF M+S FRONT Hankook (C,C,1,67dB)",HANKOOK,AH35,265/70R19.5,nie starsza niz 3 lata,1355.0,4
981078,MO2,MO2_3002718,8808563406749,"OPONA 265/70R19.5 AH35 140/138M 3PMSF M+S FRONT Hankook (C,C,1,67db)",HANKOOK,AH35,265/70R19.5,nie starsza niz 3 lata,1345.0,2
992218,MO2,MO2_GLO00069,0440000004644,OPONA 8.15-15 PERFORMER /7.00 STD Globestar,GLOBESTAR,PERFORMER,8.15-15,nie starsza niz 3 lata,1268.0,8
992218,MO2,MO2_GLO00070,0440000005290,OPONA 8.15-15 PERFORMER /7.00 CLIP Globestar,GLOBESTAR,PERFORMER,8.15-15,nie starsza niz 3 lata,1410.0,14
482626,MO4,MO4_MACR17524570MDR41,4050496001117,OPONA 245/70R17.5 MATADOR D HR 4 14PR 136/134M TL M+S 3PMSF,MATADOR,HR 4,245/70R17.5,2026,1092.0,4
482626,MO4,MO4_MACR17524570MFR41,4050496001094,OPONA 245/70R17.5 MATADOR F HR 4 14PR 136/134M TL M+S 3PMSF,MATADOR,HR 4,245/70R17.5,2026,1114.0,4
668581,MO4,MO4_AUTO_2207EA49ABE9371034,8907375000722,OPONA 10.0/75-15.3 MRL MAW 200 IMPLEMENT 12PR 126A6/122A8 TT,MRL,MAW 200 IMPLEMENT,10.0/75-15.3,2026,267.0,3
668581,MO4,MO4_AUTO_F8D858DED0A9B7408E,8907375000692,OPONA 10.0/75-15.3 MRL MAW 200 IMPLEMENT 12PR 126A6/122A8 TL,MRL,MAW 200 IMPLEMENT,10.0/75-15.3,"2025,2026",270.0,2
133270,MO5,MO5_KUCR22538565KKTL0,8808956221836,OPONA 385/65R22.5 KUMHO KLT03 20PR 160K TL 3PMSF,KUMHO,KLT03,385/65R22.5,2025,1664.0,9
133270,MO5,MO5_KUCR22538565KKTL1,8808956624125,OPONA 385/65R22.5 KUMHO KLT03 20PR 160K TL 3PMSF,KUMHO,KLT03,385/65R22.5,2025,1664.0,18
135291,MO5,MO5_OZRR420520858LOX0,4251438404205,OPONA 520/85R42 OZKA AGROLOX 157A8/157B TL,OZKA,AGROLOX,520/85R42,2025,4295.0,2
135291,MO5,MO5_OZRR420520858LOX2,4251438404205,520/85R42 OZKA AGROLOX DA 157A8/157B TL,OZKA,AGROLOX DA,520/85R42,2025,3177.0,1
437559,MO5,MO5_GGCZ22531580LUMD0,5452000450562,OPONA 315/80R22.5 GOODYEAR ULTRAGRIP MAX D 156L/154M TL M+S 3PMSF,GOODYEAR,ULTRAGRIP MAX,315/80R22.5,2025,2477.0,5
437559,MO5,MO5_GGCZ22531580LUMS0,5452000450548,OPONA 315/80R22.5 GOODYEAR ULTRAGRIP MAX S 156L/154M TL M+S 3PMSF,GOODYEAR,ULTRAGRIP MAX,315/80R22.5,"2024,2025",2274.0,4
450520,MO5,MO5_GFCR19528570JETN0,4038526059871,285/70R19.5 FULDA ECOTONN 150/148J TL M+S 3PMSF,FULDA,ECOTONN NACZEPA,285/70R19.5,"2025,2026",1442.0,4
450520,MO5,MO5_GFCR19528570JETN1,4038526059871,285/70R19.5 FULDA ECOTONN 150/148J TL M+S 3PMSF,FULDA,ECOTONN NACZEPA,285/70R19.5,2020,1072.0,2
452449,MO5,MO5_AUTO_DF130AE7AE4B3394F0,5452000541000,315/70R22.5 DUNLOP SP446 154L/152M TL M+S 3PMSF,DUNLOP,SP446,315/70R22.5,2025,2101.0,4
452449,MO5,MO5_GNCR22531570L4641,4038526541635,315/70R22.5 DUNLOP SP446 154L/152M TL M+S 3PMSF,DUNLOP,SP446,315/70R22.5,2026,2116.0,100
482626,MO5,MO5_MACR17524570MDR41,4050496001117,OPONA 245/70R17.5 MATADOR D HR 4 14PR 136/134M TL M+S 3PMSF,MATADOR,HR 4,245/70R17.5,2026,1092.0,51
482626,MO5,MO5_MACR17524570MFR41,4050496001094,OPONA 245/70R17.5 MATADOR F HR 4 14PR 136/134M TL M+S 3PMSF,MATADOR,HR 4,245/70R17.5,2026,1114.0,51
580364,MO5,MO5_KUCR19528570JKHO0,8808956231569,285/70R19.5 KUMHO KRT03 150/148J 18PR TL 3PMSF,KUMHO,KRT03,285/70R19.5,2024,1231.0,5
580364,MO5,MO5_KUCR19528570JKHO1,8808956624293,OPONA 285/70R19.5 KUMHO KRT03 18PR 150/148J TL 3PMSF,KUMHO,KRT03,285/70R19.5,2025,1295.0,15
677886,MO5,MO5_HACR22529580MDHJ0,8808563401133,295/80R22.5 HANKOOK DH31 152/148M M+S 3PMSF,HANKOOK,DH31,295/80R22.5,2025,1969.0,27
677886,MO5,MO5_HACR22529580MDHJ1,8808563394534,295/80R22.5 HANKOOK DH31 152/148M M+S 3PMSF,HANKOOK,DH31,295/80R22.5,2023,1893.0,1
691628,MO5,MO5_GGCR17522575MKD00,5452000540171,OPONA 225/75R17.5 GOODYEAR KMAX D 129/127M TL M+S 3PMSF,GOODYEAR,KMAX,225/75R17.5,2025,1074.0,1
691628,MO5,MO5_GGCR17522575MKS00,5452000541314,OPONA 225/75R17.5 GOODYEAR KMAX S 129/127M TL M+S 3PMSF,GOODYEAR,KMAX,225/75R17.5,2026,1175.0,8
749932,MO5,MO5_CTCR22531580LWED0,8904288103182,OPONA 315/80R22.5 CEAT WINMILE-D 156/150L TL M+S 3PMSF,CEAT,WINMILE-D,315/80R22.5,2025,1359.0,16
749932,MO5,MO5_CTCR22531580LWES0,8904288103175,OPONA 315/80R22.5 CEAT WINMILE-S 156/150L TL M+S 3PMSF,CEAT,WINMILE-S,315/80R22.5,2025,1328.0,14
797184,MO5,MO5_GNCR19524570J2460,5452000707246,245/70R19.5 DUNLOP SP246 141/140J TL M+S 3PMSF,DUNLOP,SP246,245/70R19.5,2025,1473.0,8
797184,MO5,MO5_GNCR19524570J2461,5452000707246,245/70R19.5 DUNLOP SP246 141/140J TL M+S 3PMSF,DUNLOP,SP246,245/70R19.5,2022,1359.0,2
903584,MO5,MO5_GGCZ22529560KUMS1,5452000539816,OPONA 295/60R22.5 GOODYEAR ULTRAGRIP MAX S 150K/149L TL M+S 3PMSF,GOODYEAR,ULTRAGRIP MAX,295/60R22.5,2025,2460.0,2
903584,MO5,MO5_GGCZ22529560KUMS2,5452000539816,OPONA 295/60R22.5 GOODYEAR ULTRAGRIP MAX S 150K/149L TL M+S 3PMSF DOT2019,GOODYEAR,ULTRAGRIP MAX,295/60R22.5,2019,1587.0,1
147895,MO7,MO7_T445546,6419440455464,26.5-25 NOKIAN MINE KING L-5S 36PR TL,NOKIAN,MINE KING L-5S,26.5-25,nie starsza niz 3 lata,30291.0,5
147895,MO7,MO7_T445547,6419440455464,29.5-29 NOKIAN MINE KING L-5S 40PR TL,NOKIAN,MINE KING L-5S,29.5-29,nie starsza niz 3 lata,40120.0,5
218990,MO8,MO8_1160600,8059971011791,OPONA 4.00-8 TRELLEBORG T510 TT,TRELLEBORG,T510,4.00-8,nie starsza niz 3 lata,117.0,0
218990,MO8,MO8_1219100,8059971012088,OPONA 4.00-8 TRELLEBORG T510 6PR TT,TRELLEBORG,T510,4.00-8,nie starsza niz 3 lata,149.0,0
264718,MO8,MO8_1169900,8059971011920,OPONA 15x6.00-6 TRELLEBORG T539 6PR TL,TRELLEBORG,T539 GRIP,15x6.00-6,nie starsza niz 3 lata,222.0,0
264718,MO8,MO8_6140400,8059971019186,OPONA 15x6.00-6 TRELLEBORG T539 TT,TRELLEBORG,T539 GRIP,15x6.00-6,nie starsza niz 3 lata,245.0,0
275942,MO8,MO8_11664200,8059971028249,OPONA 220/45-8 TRELLEBORG T310 70A8 TT,TRELLEBORG,T310,220/45-8,nie starsza niz 3 lata,422.0,0
275942,MO8,MO8_11681000,8059971028263,OPONA 220/45-8 TRELLEBORG T310 70A8 TT,TRELLEBORG,T310,220/45-8,nie starsza niz 3 lata,511.0,0
299032,MO8,MO8_0202400,8059971000283,OPONA 7.50-16 TRELLEBORG IM110 8PR TL,TRELLEBORG,IM110,7.50-16,nie starsza niz 3 lata,1267.0,0
299032,MO8,MO8_0207800,8059971000313,OPONA 7.50-16 TRELLEBORG IM110 8PR TT,TRELLEBORG,IM110,7.50-16,nie starsza niz 3 lata,1245.0,0
335318,MO8,MO8_11231200,8059971024890,OPONA 16x6.50-8 TRELLEBORG T310 84A8/80B TT,TRELLEBORG,T310,16x6.50-8,nie starsza niz 3 lata,350.0,0
335318,MO8,MO8_11271200,8059971024944,OPONA 16x6.50-8 TRELLEBORG T310 TT,TRELLEBORG,T310,16x6.50-8,nie starsza niz 3 lata,400.0,0
377796,MO8,MO8_1147100,8059971011142,OPONA 4.00-8 TRELLEBORG T49 HS TT,TRELLEBORG,T49,4.00-8,nie starsza niz 3 lata,299.0,0
377796,MO8,MO8_6404600,8059971019049,OPONA 4.00-8 TRELLEBORG T49 HS TT,TRELLEBORG,T49,4.00-8,nie starsza niz 3 lata,338.0,0
435162,MO8,MO8_10557200,8059971004281,OPONA 20x8.00-8 TRELLEBORG T539 4PR TL,TRELLEBORG,T539,20x8.00-8,nie starsza niz 3 lata,650.0,0
435162,MO8,MO8_1443600,8059971016932,OPONA 20x8.00-8 TRELLEBORG T539 2PR TL,TRELLEBORG,T539,20x8.00-8,nie starsza niz 3 lata,616.0,0
435451,MO8,MO8_1442900,8059971016888,OPONA 16x6.50-8 TRELLEBORG T510 4PR TT,TRELLEBORG,T510,16x6.50-8,nie starsza niz 3 lata,395.0,0
435451,MO8,MO8_6140300,8059971018684,OPONA 16x6.50-8 TRELLEBORG T510 4PR TT,TRELLEBORG,T510,16x6.50-8,nie starsza niz 3 lata,449.0,0
590626,MO8,MO8_11454700,8059971027259,OPONA 16x6.50-8 TRELLEBORG T310 73A8 TT,TRELLEBORG,T310,16x6.50-8,nie starsza niz 3 lata,316.0,0
590626,MO8,MO8_11680900,8059971028256,OPONA 16x6.50-8 TRELLEBORG T310 73A8 TT,TRELLEBORG,T310,16x6.50-8,nie starsza niz 3 lata,366.0,0
599460,MO8,MO8_11093700,8059971019421,OPONA 220/60-8 TRELLEBORG T510 TT,TRELLEBORG,T510,220/60-8,nie starsza niz 3 lata,517.0,0
599460,MO8,MO8_11146800,8059971024272,OPONA 220/60-8 TRELLEBORG T510 TT,TRELLEBORG,T510,220/60-8,nie starsza niz 3 lata,584.0,0
605624,MO8,MO8_1326500,8059971014846,OPONA 300/80-15.3 TRELLEBORG T452 123A8 TL,TRELLEBORG,T452,300/80-15.3,nie starsza niz 3 lata,1545.0,0
605624,MO8,MO8_1328500,8059971015102,OPONA 300/80-15.3 TRELLEBORG T452 141A8 TL,TRELLEBORG,T452,300/80-15.3,nie starsza niz 3 lata,1694.0,0
689777,MO8,MO8_1160300,8059971011760,OPONA 3.50-6 TRELLEBORG T510 TT,TRELLEBORG,T510,3.50-6,nie starsza niz 3 lata,110.0,0
689777,MO8,MO8_1228200,8059971012187,OPONA 3.50-6 TRELLEBORG T510 4PR TT,TRELLEBORG,T510,3.50-6,nie starsza niz 3 lata,139.0,0
691758,MO8,MO8_1147700,8059971011173,OPONA 15x6.00-6 TRELLEBORG T510 TT,TRELLEBORG,T510,15x6.00-6,nie starsza niz 3 lata,272.0,0
691758,MO8,MO8_6141100,8059971018721,OPONA 15x6.00-6 TRELLEBORG T510 TT,TRELLEBORG,T510,15x6.00-6,nie starsza niz 3 lata,316.0,0
693216,MO8,MO8_1194700,8059971011968,18X8.50-8 TRELLEBORG T510 6PR TT,TRELLEBORG,T510,18x8.50-8,nie starsza niz 3 lata,572.0,0
693216,MO8,MO8_6140200,8059971018677,OPONA 18x8.50-8 TRELLEBORG T510 6PR TT,TRELLEBORG,T510,18x8.50-8,nie starsza niz 3 lata,645.0,0
823183,MO8,MO8_1194600,8059971011951,OPONA 18x7.50-8 TRELLEBORG T539 6PR TL,TRELLEBORG,T539,18x7.50-8,nie starsza niz 3 lata,471.0,0
823183,MO8,MO8_6140600,8059971019193,OPONA 18x7.50-8 TRELLEBORG T539 6PR TT,TRELLEBORG,T539,18x7.50-8,nie starsza niz 3 lata,505.0,0
846885,MO8,MO8_10607200,8059971004335,OPONA 4.00-8 TRELLEBORG T63 4PR TT,TRELLEBORG,T63,4.00-8,nie starsza niz 3 lata,255.0,0
846885,MO8,MO8_1151400,8059971011357,OPONA 4.00-8 TRELLEBORG T63 4PR TT,TRELLEBORG,T63,4.00-8,nie starsza niz 3 lata,222.0,0
846885,MO8,MO8_11515800,8059971027648,OPONA 4.00-8 TRELLEBORG T63 4PR TL,TRELLEBORG,T63,4.00-8,nie starsza niz 3 lata,211.0,0
849892,MO8,MO8_1160400,8059971011777,OPONA 3.50-8 TRELLEBORG T510 4PR TT,TRELLEBORG,T510,3.50-8,nie starsza niz 3 lata,139.0,0
849892,MO8,MO8_1217300,8059971012057,OPONA 3.50-8 TRELLEBORG T510 TT,TRELLEBORG,T510,3.50-8,nie starsza niz 3 lata,189.0,0
852572,MO8,MO8_1151000,8059971011340,OPONA 26x12.00-12 TRELLEBORG T539 TT,TRELLEBORG,T539,26x12.00-12,nie starsza niz 3 lata,1367.0,0
852572,MO8,MO8_6151100,8059971018851,OPONA 26x12.00-12 TRELLEBORG T539 4PR TL,TRELLEBORG,T539,26x12.00-12,nie starsza niz 3 lata,1439.0,0
877928,MO8,MO8_10576300,8059971004298,OPONA 16x6.50-8 TRELLEBORG T510 TT,TRELLEBORG,T510,16x6.50-8,nie starsza niz 3 lata,350.0,0
877928,MO8,MO8_10576400,8059971004304,OPONA 16x6.50-8 TRELLEBORG T510 4PR TT,TRELLEBORG,T510,16x6.50-8,nie starsza niz 3 lata,412.0,0
