L.p.;Dostawca (kod);Dostawca (nazwa);Kod dostawcy;EAN;Nazwa produktu
1;MO1;Handlopex;10004168;8904288110197;1050/50R32 CEAT Yieldmax 184A8/184B SB TL
2;MO1;Handlopex;10002672;8906117629610;28L-26 CEAT Floatmax Cargo Plus 176D SB TL
3;MO1;Handlopex;10004340;8903635069515;30.5L-32 Alliance 590 181B SB TL
4;MO1;Handlopex;10001801;8904288106770;340/85R38 CEAT Farmax R85 136A8/133D TL
5;MO1;Handlopex;10001721;8904288105506;380/85R34 CEAT Farmax R85 140A8/137D TL
6;MO1;Handlopex;19110065;8994242015736;4.00-6 Deli S-379 57A4 4PR TT
7;MO1;Handlopex;19110112;8994242027005;80/4.00-8 Deli S-379 67A4 4PR TL
8;MO1;Handlopex;19110117;8994242023205;80/4.00-8 Deli S-379 71A4 6PR TT
9;MO1;Handlopex;10004395;8903635057048;800/60R32 Alliance 590 185D SB TL
10;MO1;Handlopex;10005362;8906117629092;VF380/105R50 CEAT Spraymax 179D SB TL
11;MO2;JMK;1551242930140BA85J;0440000127404;16.9R30 JK Tyre AGRI KING 85 TORNEL 140B TL
12;MO2;JMK;1551242934142BA85J;0440000122584;16.9R34 JK Tyre AGRI KING 85 142B TL
13;MO2;JMK;999991669;0440000127428;18x7-8 JK Tyre ST-02 PREMIUM
14;MO2;JMK;WL0919;0440000127640;215/75R17.5 West Lake WTR2X 135J/133J
15;MO2;JMK;1E41Z210090005GS20;0440000127435;21x8-9 JK Tyre ST-02 PREMIUM
16;MO2;JMK;WL0920;0440000127657;235/75R17.5 West Lake WTR2X 143J/141J
17;MO2;JMK;WL00498;0440000127596;245/70R17.5 West Lake WTR2X 143J/141J
18;MO2;JMK;1E41Z250150005GS20;0440000127442;250-15 JK Tyre ST-02 PREMIUM
19;MO2;JMK;1E41Z280150005GS10;0440000127466;28x9-15 JK Tyre ST-01 PREMIUM
20;MO2;JMK;WL00485;0440000127602;295/60R22.5 West Lake WDL2+ 150/147K 3PMSF M+S DRIVE
21;MO2;JMK;WL0913;0440000127787;315/60R22.5 West Lake WDL2+ 154K/150K 3PMSF M+S DRIVE
22;MO2;JMK;WL0916;0440000127664;315/60R22.5 West Lake WSL2 154L/150L 3PMSF M+S FRONT
23;MO2;JMK;WL0914;0440000127619;315/70R22.5 West Lake WDL2+ 154L/150L 3PMSF M+S DRIVE
24;MO2;JMK;586229;0440000125820;315/80R22.5 Sava AVANT MSS 2 156/150K 3PMSF M+S
25;MO2;JMK;2361073;0440000120443;385/55R22.5 Kumho KXT31 160K 3PMSF M+S
26;MO2;JMK;115223852C020KTH2U;0440000118969;385/65R22.5 Celestis CTH2 164K 3PMSF M+S
27;MO2;JMK;434435;3528704344352;385/65R22.5 Michelin X MULTI Z+ AS 160K 3PMSF M+S
28;MO2;JMK;IND00501;0440000127244;425/55R17 Speedways FL-60 129D TL
29;MO2;JMK;999991607;0440000123314;480/65R28 JK Tyre AGRI KING 65 142D TL
30;MO2;JMK;999991670;0440000127473;5.00-8 JK Tyre ST-02 STANDARD
31;MO2;JMK;GLO00164;0440000128128;6.00-9 Globestar ULTIMATE XT SM
32;MO2;JMK;1E41Z600090005FS10;0440000127497;6.00-9 JK Tyre ST-01 STANDARD
33;MO2;JMK;1E41Z650100005GS20;0440000127503;6.50-10 JK Tyre ST-02 PREMIUM
34;MO2;JMK;1E41Z820150005GS10;0440000127510;8.25-15 JK Tyre ST-02 PREMIUM
35;MO2;JMK;28049;3286342804910;900/65R46 Bridgestone VT TRACTOR 193D/190E TL
36;MO2;JMK;38988009AL-IG;8903635056843;VF500/60R22.5 Alliance Agriflex 389 + 160D TL
37;MO4;Bohnenkamp;CCCR22531580MHED0;4019238032574;315/80R22.5 Continental HDC1 ED 156/150M 18PR TL M+S 3PMSF
38;MO5;Selly;GGCR20012000KMS20;5452000393630;12.00R20 Goodyear MSS II 154/150K TT M+S
39;MO5;Selly;OTPD200G25008OC10;4251438413917;12.5-20 GTK OC10 137A8 14PR TL
40;MO5;Selly;LLCR225F3000KMD40;8605068701368;13R22.5 LingLong -D41 158/156K 20PR TL M+S
41;MO5;Selly;MCPD280G69008I2S0;8059971612981;16.9-28 Cultor INDUSTRIAL 20 151A8 12PR TL
42;MO5;Selly;MIPD240G75008TI00;8059971617405;17.5L-24 Mitas TI-02 144A8 10PR TL
43;MO5;Selly;EGCR22529560KGHA0;8859625700848;295/60R22.5 GOODTRIP GHA20 150/147K 18PR TL M+S 3PMSF
44;MO5;Selly;CCCR22531570L5HC0;4019238401813;315/70R22.5 Continental Conti EfficientPro HS5 158/150L 18PR TL M+S 3PMSF
45;MO5;Selly;LLCR22531570LD360;8605068731839;315/70R22.5 LingLong -D36 156/150L 18PR TL M+S 3PMSF
46;MO5;Selly;MACR22531570LDHR0;4050496003111;315/70R22.5 Matador HR 5 154/150L 20PR TL M+S 3PMSF
47;MO5;Selly;GSCR22531580KAV22;4038526336811;315/80R22.5 Sava AVANT MS 2 156/150K TL M+S 3PMSF
48;MO5;Selly;CCCR22535550L5SH0;4019238301106;355/50R22.5 Continental CONTI ECO HS5 158L 18PR TL M+S 3PMSF
49;MO5;Selly;EGCR22538565KGHA0;8859625702521;385/65R22.5 GOODTRIP GHA20 164K 24PR TL M+S 3PMSF
50;MO5;Selly;AOPR22544565FP230;6950306312946;445/65R22.5 Aeolus AGP23 169F TL
51;MO5;Selly;OTRD200E90006TN20;4251438412132;9.00-20 GTK TN52 133A6 14PR TT
52;MO5;Selly;MCRD320D95006A130;8059971056303;9.5-32 Cultor AS AGRI 13 110A6 6PR TT
53;MO9;Agrorami;520685;8903094011049;300/65x12 BKT RIB 775 8PR TL
54;MO9;Agrorami;520374;8903094038374;520/85R38 BKT AGRIMAX RT 855 E 170A8/B TL
