nazwa,para_1,para_2
"18.4-26 GTK AS100 150A6 16PR TT","Przemysłowe / Uniwersalne/pozostałe","Rolnicze / Ciągnik"
"460/70R24 MICHELIN XMCL 159A8/159B TL","Przemysłowe / Koparka","Rolnicze / Uniwersalne/pozostałe"
"480/80-26 MICHELIN POWER CL 167A8 12PR TL","Przemysłowe / Koparka","Rolnicze / Uniwersalne/pozostałe"
"440/80-24 MICHELIN POWER CL 168A8 TL","Przemysłowe / Koparka","Rolnicze / Uniwersalne/pozostałe"
"400/80-24 MICHELIN POWER CL 162A8 20PR TL","Przemysłowe / Koparka","Rolnicze / Uniwersalne/pozostałe"
"710/50R26.5 MITAS AGRITERRA ULTRA 170D TL SB","Ciężarowe / Naczepa/przyczepa","Rolnicze / Przyczepa"
"405/70-24 MITAS MPT-04 152B 14PR TL","Przemysłowe / Ładowarka","Rolnicze / Ciągnik"
"10.00-20 MITAS NB 38 146B 16PR TT","Przemysłowe / Ładowarka","Rolnicze / Ciągnik"
"31X15.50-15 MITAS SK-02 8PR TL","Przemysłowe / Uniwersalne/pozostałe","Rolnicze / Przyczepa"
"23X8.50-12 MITAS SK-02 115A4 10PR TL","Przemysłowe / Koparka","Rolnicze / Przyczepa"
"6.50-16 CULTOR AS FRONT 08 97A6/89A8 8PR TT","Ciężarowe / Oś kierowana","Rolnicze / Ciągnik"
"265/70R19.5 LINGLONG KLS200 140/138M 16PR TL M+S 3PMSF","Ciężarowe / Oś kierowana","Przemysłowe / Uniwersalne/pozostałe"
"245/70R19.5 LINGLONG KLS200 136/134M 16PR TL M+S 3PMSF","Ciężarowe / Oś kierowana","Przemysłowe / Uniwersalne/pozostałe"
"265/70R17.5 LINGLONG KLS200 140/138M 16PR TL M+S 3PMSF","Ciężarowe / Oś kierowana","Przemysłowe / Uniwersalne/pozostałe"
"315/70R22.5 KUMHO KXA31 156/150L 20PR TL 3PMSF","Ciężarowe / All position","Ciężarowe / Oś kierowana"
"315/70R22.5 KUMHO KLD23 154/150L 18PR TL 3PMSF","Ciężarowe / All position","Ciężarowe / Oś napędowa"
"295/80R22.5 KUMHO KXS10 154/149L 18PR TL 3PMSF","Ciężarowe / All position","Ciężarowe / Uniwersalne/pozostałe"
"315/70R22.5 HANKOOK DL51 154/150L M+S 3PMSF","Ciężarowe / Oś kierowana","Ciężarowe / Oś napędowa"
"385/65R22.5 CONTINENTAL CONTI HYBRID HT5 HL 164K 20PR TL M+S 3PMSF","Ciężarowe / Naczepa/przyczepa","Ciężarowe / Oś kierowana"
"295/80R22.5 CONTINENTAL CONTI HYBRID HS5 154/149M 16PR TL M+S 3PMSF","Ciężarowe / Oś kierowana","Przemysłowe / Uniwersalne/pozostałe"
"265/70R19.5 CONTINENTAL CONTI HYBRID HT3+ 143/141K 16PR TL M+S 3PMSF","Ciężarowe / Naczepa/przyczepa","Przemysłowe / Uniwersalne/pozostałe"
"460/70R24 FIRESTONE R8000 UTILITY 159A8/159B TL","Przemysłowe / Ładowarka","Rolnicze / Ciągnik"
"7.50-20 CULTOR AS FRONT 08 109A6/101A8 8PR TT","Ciężarowe / Oś kierowana","Rolnicze / Ciągnik"
"365/80R20 CONTINENTAL MPT 81 152K TL M+S","Ciężarowe / All position","Przemysłowe / Uniwersalne/pozostałe"
"500/70R24 ALLIANCE 580 164A8/164B TL","Przemysłowe / Ładowarka","Rolnicze / Ciągnik"
"440/80R28 FIRESTONE DURA-UT 156A8 TL","Przemysłowe / Koparka","Przemysłowe / Ładowarka"
"500/70R24 FIRESTONE DURA-UT 164A/164B TL","Przemysłowe / Koparka","Rolnicze / Ciągnik"
"405/70R18 FIRESTONE DURA-UT 141B","Przemysłowe / Koparka","Przemysłowe / Ładowarka"
"400/80-24 ALLIANCE TOUGH TRAC 325 162A8 TL","Przemysłowe / Uniwersalne/pozostałe","Rolnicze / Ciągnik"
"440/80R28 NOKIAN TRI 2 156A8/151D SB TL","Przemysłowe / Uniwersalne/pozostałe","Rolnicze / Uniwersalne/pozostałe"
"460/70R24 ALLIANCE 585 159A8/159B SB TL","Przemysłowe / Uniwersalne/pozostałe","Rolnicze / Ciągnik"
"23X8.50-12 TRELLEBORG T463 10PR TL","Przemysłowe / Uniwersalne/pozostałe","Rolnicze / Kosiarka/ogród"
"500/70-24 MICHELIN POWER CL 164A8 TL","Przemysłowe / Koparka","Przemysłowe / Uniwersalne/pozostałe"
"700/40-22.5 ALLIANCE 328 16PR TL","Rolnicze / Przyczepa","Rolnicze / Uniwersalne/pozostałe"
"400/70R20 MICHELIN BIBLOAD 149A8/149B TL","Przemysłowe / Koparka","Rolnicze / Uniwersalne/pozostałe"
"380/75R20 MICHELIN XMCL 148A8/148B TL","Przemysłowe / Koparka","Przemysłowe / Uniwersalne/pozostałe"
"800/65R32 ALLIANCE 360 181A8/178B TL","Rolnicze / Kombajn","Rolnicze / Uniwersalne/pozostałe"
"18.4-34 NOKIAN TR FOREST 14PR TT","Leśne / Forwarder/Harwester","Rolnicze / Uniwersalne/pozostałe"
"600/65R28 GRI GREEN XLR 65 154D/157A8 R-1W TL","Przemysłowe / Wózek widłowy","Rolnicze / Ciągnik"
"710/70R38 ALLIANCE AGRO FORESTRY 670 175A2/168A8 SB TL","Leśne / Ciągnik leśny","Leśne / Uniwersalne/pozostałe"
"480/70-34 ALLIANCE AGRO FORESTRY 670 146A8/143B SB TL","Leśne / Ciągnik leśny","Leśne / Uniwersalne/pozostałe"
"19.5R24 ALLIANCE 570 156A8/153B SB TL","Przemysłowe / Uniwersalne/pozostałe","Rolnicze / Ciągnik"
"17.5-24 ALLIANCE 570 12PR TL","Przemysłowe / Uniwersalne/pozostałe","Rolnicze / Ciągnik"
"15.5/80-24 ALLIANCE AGRI NOVA 157A8 12PR TL","Przemysłowe / Uniwersalne/pozostałe","Rolnicze / Uniwersalne/pozostałe"
"460/85-38 ALLIANCE AGRO FORESTRY 333 154A8/151B 14PR SB TL","Leśne / Forwarder/Harwester","Leśne / Uniwersalne/pozostałe"
"380/85-24 ALLIANCE AGRO FORESTRY 333 137A8/134B 14PR SB TL","Leśne / Forwarder/Harwester","Leśne / Uniwersalne/pozostałe"
"480/45-17 ALLIANCE FARM PRO 327 134A8/146A8 14PR TL","Rolnicze / Ciągnik","Rolnicze / Przyczepa"
"380/55-17 ALLIANCE FARM PRO 327 125A8/138A8 12PR TL","Rolnicze / Ciągnik","Rolnicze / Przyczepa"
"7.50-16 ALLIANCE 324 112A6 8PR TT","Przemysłowe / Uniwersalne/pozostałe","Rolnicze / Uniwersalne/pozostałe"
"405/70-24 ALLIANCE TRACTION INDUSTRIAL 323 152B 14PR TL","Przemysłowe / Uniwersalne/pozostałe","Rolnicze / Ciągnik"
"28L-26 NOKIAN LOGGER KING TRS-2 SF 20PR TL","Leśne / Skidder","Rolnicze / Uniwersalne/pozostałe"
"385/55R22.5 DUNLOP SP346 160K/158L TL M+S 3PMSF","Ciężarowe / All position","Ciężarowe / Oś kierowana"