Nazwa-produktu;EAN;Marka;Model;Rozmiar
23x9-10 BKT PT - HD ZESTAW-SET 20PR TT;8903094007073;BKT;PT - HD ZESTAW-SET;23x9-10
600/65R23 BKT BANDENMARK KARGO RADIAL 184 180D TL;;BKT;BANDENMARK KARGO RADIAL 184;600/65R23
15.5x38 BKT TR135 E 10PR TT;8903094041909;BKT;TR135 E;15.5x38
10x16.5 BKT SP HD IMP 8PR TL;8903094055685;BKT;SP HD IMP;10x16.5
23.1x26 BKT TR 135 E 14PR TL;8903094004003;BKT;TR 135 E;23.1x26
710/70R42 Ozka AGROLOX DA 173D/176A8 TL;8681301014166;Ozka;AGROLOX DA;710/70R42
16.9-24 Cultor INDUSTRIAL 40 ER 149A6 12PR TL;8059971619133;Cultor;INDUSTRIAL 40 ER;16.9-24
295/80R22.5 Dunlop SP462 W2020 152/148L TL M+S 3PMSF;5452000453532;Dunlop;SP462 W2020;295/80R22.5
315/60R22.5 GOODTRIP GHD20 154/148L 20PR TL M+S 3PMSF;8859625703917;GOODTRIP;GHD20;315/60R22.5
315/60R22.5 GOODTRIP GHA20 154/148L 20PR TL M+S 3PMSF;8859625703900;GOODTRIP;GHA20;315/60R22.5
385/95R25 Double Coin REM8 70km/h 170E TL;6941438408220;Double Coin;REM8 70km/h;385/95R25
13R22.5 BlackLion BD280 156/150K 20PR TL M+S 3PMSF;6930213614826;BlackLion;BD280;13R22.5
13R22.5 BlackLion BA220 156/150K 20PR TL M+S 3PMSF;6930213614437;BlackLion;BA220;13R22.5
385/95R25 Double Coin REM8 70km/h 170E TL;6941438408220;Double Coin;REM8 70km/h;385/95R25
710/45R22.5 Alliance 388 156D TL demo;7291050047429;Alliance;388;710/45R22.5
500/50-17 Trelleborg AW 309 149A8 TL demo;8059971010671;Trelleborg;AW 309;500/50-17
385/65R22.5 West Lake WTR PRO 164K 3PMSF M+S;0440000128432;West Lake;WTR PRO;385/65R22.5
20.5R25 Cetroc ELD11 177A2/193A2;0440000127923;Cetroc;ELD11;20.5R25
3.00-4 Trelleborg T530 6PR TT;8059971018813;Trelleborg;T530;3.00-4
VF850/50R30.5 Trelleborg HF1000 188D TL;8059971033014;Trelleborg;1000;850/50R30.5
VF800/45R30.5 Trelleborg HF1000 181D TL;8059971046458;Trelleborg;1000;800/45R30.5
VF750/60R30.5 Trelleborg HF1000 187D TL;8059971029628;Trelleborg;1000;750/60R30.5
VF750/60R46 CFO Trelleborg TM3000 189D/186E TL;8059971070057;Trelleborg;TM3000;750/60R46
VF900/60R32 CFO Trelleborg TM3000 193D/190E TL;8059971033458;Trelleborg;TM3000;900/60R32
VF1250/50R32 CFO Trelleborg TM3000 207D/204E TL;8059971074482;Trelleborg;TM3000;1250/50R32
VF850/45R26 CFO Trelleborg TM3000 172D/169E TL;8059971071580;Trelleborg;TM3000;850/45R26
VF480/65R28 Trelleborg PneuTrac 148A8/148B TL;8059971024852;Trelleborg;PneuTrac;480/65R28
VF420/70R28 Trelleborg PneuTrac 145A8/145B TL;8059971028294;Trelleborg;PneuTrac;420/70R28
VF380/70R24 Trelleborg PneuTrac 137A8/137B TL;8059971030013;Trelleborg;PneuTrac;380/70R24
VF280/70R20 Trelleborg PneuTrac 118A8/118B TL;8059971028287;Trelleborg;PneuTrac;280/70R20
VF280/70R18 Trelleborg PneuTrac 116A8/116B TL;8059971027280;Trelleborg;PneuTrac;280/70R18
VF260/70R16 Trelleborg PneuTrac 110A8/110B TL;8059971030006;Trelleborg;PneuTrac;260/70R16
710/75R42 Trelleborg TM900 PT 175D/172E TL;8059971052398;Trelleborg;TM900 PT;710/75R42
710/70R38 Trelleborg TM800 PT HS 171D/168E TL;8059971071047;Trelleborg;TM800 PT HS;710/70R38
VF710/70R38 CFO Trelleborg TM800 PF 178D TL;8059971034134;Trelleborg;TM800 PF;710/70R38
650/85R38 Trelleborg TM900 PT 173D/170E TL;8059971052374;Trelleborg;TM900 PT;650/85R38
VF650/65R38 CFO Trelleborg TM800 PF 169D TL;8059971033939;Trelleborg;TM800 PF;650/65R38
VF600/65R38 CFO Trelleborg TM800 PF 164D TL;8059971034172;Trelleborg;TM800 PF;600/65R38
520/85R38 Trelleborg TM600 PT 155A8/152B TL;8059971071283;Trelleborg;TM600 PT;520/85R38
480/80R38 Trelleborg TM600 PT 149A8/149B TL;8059971071238;Trelleborg;TM600 PT;480/80R38
380/95R38 Trelleborg TM600 PT 147A8/147B TL;8059971047769;Trelleborg;TM600 PT;380/95R38
480/70R30 Trelleborg TM1 ECOPOWER 147D TL;8059971032697;Trelleborg;TM1 ECOPOWER;480/70R30
380/85R30 Trelleborg TM600 PT 135A8/135B TL;8059971073539;Trelleborg;TM600 PT;380/85R30
600/65R28 Trelleborg TM800 PT HS 154D/151E TL;8059971071023;Trelleborg;TM800 PT HS;600/65R28
VF600/65R28 CFO Trelleborg TM800 PF 159D TL;8059971034158;Trelleborg;TM800 PF;600/65R28
540/65R28 Trelleborg TM800 PT HS 149D/146E TL;8059971071061;Trelleborg;TM800 PT HS;540/65R28
VF540/65R28 CFO Trelleborg TM800 PF 154D TL;8059971033953;Trelleborg;TM800 PF;540/65R28
VF480/65R28 CFO Trelleborg TM800 PF 148D TL;8059971034110;Trelleborg;TM800 PF;480/65R28
VF440/65R28 Trelleborg TM200 PT 146A8/146B TL;8059971048339;Trelleborg;TM200 PT;440/65R28
VF440/65R24 Trelleborg TM200 PT 144A8/144B TL;8059971048315;Trelleborg;TM200 PT;440/65R24
380/70R24 Trelleborg TM1 ECOPOWER 130D TL;8059971032895;Trelleborg;TM1 ECOPOWER;380/70R24
380/70R24 Trelleborg TM700L 130A8/127B TL;8059971009446;Trelleborg;TM700L;380/70R24
340/70R24 Trelleborg TM1 ECOPOWER 124D TL;8059971032727;Trelleborg;TM1 ECOPOWER;340/70R24
445/65R22.5 Trelleborg MPT100 160G TL;8059971030815;Trelleborg;MPT100;445/65R22.5
425/75R20 Trelleborg MPT100 158G TL;8059971030792;Trelleborg;MPT100;425/75R20
405/70R20 Trelleborg MPT100 136G TL;8059971030778;Trelleborg;MPT100;405/70R20
VF340/65R18 Trelleborg TM200 PT 130A8/130B TL;8059971048292;Trelleborg;TM200 PT;340/65R18
VF320/65R16 Trelleborg TM200 PT 128A8/128B TL;8059971048353;Trelleborg;TM200 PT;320/65R16
VF280/70R16 Trelleborg TM200 PT 120A8 TL;8059971048377;Trelleborg;TM200 PT;280/70R16
280/70R16 Trelleborg TM1 ECOPOWER 112D TL;8059971032314;Trelleborg;TM1 ECOPOWER;280/70R16
11.00-20 Boka Terra SKL800 148B 16PR TT;4040658066757;Boka Terra;SKL800;11.00-20
23x10.50-12 Starco AS Loader 94A8/107A8 8PR TL;5707562380216;Starco;AS Loader;23x10.50-12
27x8.50-15 Kenda K395 Power Grip 113A2 8PR TL;5707562129488;Kenda;K395 Power Grip;27x8.50-15
6.00-12 Kenda K365 57A4/68A4 4PR TT;5707562332062;Kenda;K365;6.00-12
18x9.50-8 Kenda K357 70A4/81A4 4PR TL;5707562330082;Kenda;K357;18x9.50-8
18x8.50-8 Kenda K358 Turf Rider 69A4/81A4 6PR TL;5707562532196;Kenda;K358 Turf Rider;18x8.50-8
8x3.00-4 Kenda K404 15A4/19A4 4PR TL;5707562329345;Kenda;K404;8x3.00-4
4.00-12 Deli S-247 54A6/66A6 4PR TT;8994242026657;Deli;S-247;4.00-12
10.0/80-12 Deli SG-316 120A8 10PR TL;8994242015477;Deli;SG-316;10.0/80-12
15x6.00-6 Deli S-365 58A6/70A6 6PR TT;8994242027159;Deli;S-365;15x6.00-6
13x5.00-6 Deli S-365 40A6/52A6 4PR TL;8994242006284;Deli;S-365;13x5.00-6
12.4-32 Alliance Deep Lug 337 124A6 8PR TT;8903635023098;Alliance;Deep Lug 337;12.4-32
16.9-28 CEAT Tyrock Super 152A8 12PR TL;8906117624769;CEAT;Tyrock Super;16.9-28
560/60R22.5 CEAT Floatmax RT 165D SB TL;8906117624462;CEAT;Floatmax RT;560/60R22.5
31x13.50-15 Carlstar Multi Trac C/S 123A4/114B 8PR TL;5999110830896;Carlstar;Multi Trac C/S;31x13.50-15
18.5x8.5-8 Trailermaxx C834 78M 6PR TL;6933882587762;Trailermaxx;C834;18.5x8.5-8
250-15 CEAT Eleveta X3 16PR TT;8904288112665;CEAT;Eleveta X3;250-15
340/60R16.5 CEAT FARM IMPLEMENT 800R 133A8/145A8 SB TL;8904288107616;CEAT;FARM IMPLEMENT 800R;340/60R16.5
12.4-36 CEAT Farmax R1 135A8 12PR TT;8906117626510;CEAT;Farmax R1;12.4-36
18.4-26 CEAT Farmax R1 144A8 10PR TT;8906117629252;CEAT;Farmax R1;18.4-26
9.5-22 CEAT Farmax R1 106A8 8PR TT;8906117628392;CEAT;Farmax R1;9.5-22
320/90R46 Alliance Agristar II Row Crop 148D/145E TL;8903635066798;Alliance;Agristar II Row Crop;320/90R46
230/95R36 Alliance Agristar II Row Crop 130D/127E TL;8903635066651;Alliance;Agristar II Row Crop;230/95R36
315/70R22.5 TURON FinalR Terra T61 148A7 TL;4040658136788;TURON FinalR;Terra T61;315/70R22.5
240/70R16 CEAT Lawnmax 104A8/104B TL;8904288112214;CEAT;Lawnmax;240/70R16
240/60R12 CEAT Lawnmax 89A8/89B TL;8904288112153;CEAT;Lawnmax;240/60R12
320/70R20 CEAT Lawnmax 113A8/113B TL;8904288112245;CEAT;Lawnmax;320/70R20
360/70R24 CEAT Lawnmax 122A8/122B TL;8904288110180;CEAT;Lawnmax;360/70R24
200/60R15 CEAT Lawnmax 83A8/83B TL;8904288112177;CEAT;Lawnmax;200/60R15
215/65R14 CEAT Lawnmax 90A8/90B TL;8904288112160;CEAT;Lawnmax;215/65R14
340/80R18 CEAT Loadpro 143A8/143B TL;8906117629153;CEAT;Loadpro;340/80R18
8.25-20 Turon TerraClassic SKL800 133B 14PR TT;4040658127502;Turon;TerraClassic SKL800;8.25-20
480/80R34 CEAT MULTILOADMAX 164A8/159D SB TL;8904288110401;CEAT;MULTILOADMAX;480/80R34
10.00-20 CEAT Grip Master EX 146B 16PR TT;8904288114652;CEAT;Grip Master EX;10.00-20
10.00-20 CEAT Grip Master EX 146B 16PR TT;8904288114652;CEAT;Grip Master EX;10.00-20
400/75R38 CEAT Farmax R75 141A8/138D TL;8904288105223;CEAT;Farmax R75;400/75R38
16.9-28 CEAT Tyrock Super 155A8 14PR TL;8906117627029;CEAT;Tyrock Super;16.9-28
8.25-15 CEAT Eleveta 152A5 16PR TT;8906117627142;CEAT;Eleveta;8.25-15
6.50-16 CEAT Farmax X3 TF 98A6 8PR TT;8906117628590;CEAT;Farmax X3 TF;6.50-16
10.0/75-15.3 CEAT MPT 808 118A8/130A8 14PR TL;8906117627524;CEAT;MPT 808;10.0/75-15.3
14.5-20 CEAT MPT 808 143B 14PR TL;8906117627593;CEAT;MPT 808;14.5-20
12.5-20 CEAT MPT 808 140B 12PR TL;8906117627586;CEAT;MPT 808;12.5-20
