Nazwa-produktu;Link-do-zdjecia;EAN;Marka;Model;Rozmiar
240/70R16 BKT RIDEMAX IT696 107A8/107B TL;https://agritires.eu/zdjecia-produktow/opony/1471_759914.webp;8903094067503;BKT;RIDEMAX IT696;240/70R16
23x9-10 BKT PT - HD ZESTAW-SET 20PR TT;;8903094007073;BKT;PT - HD ZESTAW-SET;23x9-10
480/70R34 BKT AGRIMAX FACTOR E 149D/152A8 TL;https://agritires.eu/zdjecia-produktow/bkt/image_f004cf96ef96b1d2a802a185dc4fdb98f8f0e50b.jpg;8903094071029;BKT;AGRIMAX FACTOR E;480/70R34
600/65R23 BKT BANDENMARK KARGO RADIAL 184 180D TL;;;BKT;BANDENMARK KARGO RADIAL 184;600/65R23
620/70R42 BKT AGRIMAX FACTOR 173D/176A8 TL;https://agritires.eu/zdjecia-produktow/bkt/521561_6d143d58b55f46fb9c24ba496ee5917786196add.jpg;8903094073634;BKT;AGRIMAX FACTOR;620/70R42
15.5x38 BKT TR135 E 10PR TT;;8903094041909;BKT;TR135 E;15.5x38
16.0/70x20 BKT CON STAR E 149A8 16PR TL;https://agritires.eu/zdjecia-produktow/opony/e071a13cc832df8986b7b0461c0093d7.webp;8903094043323;BKT;CON STAR E;16.0/70x20
10x16.5 BKT SP HD IMP 8PR TL;;8903094055685;BKT;SP HD IMP;10x16.5
14.9x24 BKT TR 135 8PR TT;https://agritires.eu/zdjecia-produktow/bkt/image_4b6124cee36b58f2526dfb1d6ae79cd5bc0800c2.jpg;8903094003457;BKT;TR 135;14.9x24
420/80R46 BKT AGRIMAX RT 855 159D/170A2 TL;https://agritires.eu/zdjecia-produktow/bkt/image_dd2d9722d38278c0dded8c40ba49324cec37cb95.jpg;8903094046072;BKT;AGRIMAX RT 855;420/80R46
13.6x24 BKT TR 135 8PR TT;https://agritires.eu/zdjecia-produktow/bkt/image_8bdd4f30834821c60c3909071e1ce283ac308339.jpg;8903094003303;BKT;TR 135;13.6x24
200/60x14.5 BKT RIB 774B 14PR TL;https://agritires.eu/zdjecia-produktow/opony/1471_1375199.webp;8903094010998;BKT;RIB;200/60x14.5
16.0/70x20 BKT AW 705 14PR TT;https://agritires.eu/zdjecia-produktow/bkt/image_0f3d87c1424cb6ac3819f1bf7691d66e3f29a118.jpg;8903094010202;BKT;AW 705;16.0/70x20
16.0/70x20 BKT AW 705 12PR TL;https://agritires.eu/zdjecia-produktow/bkt/image_0f3d87c1424cb6ac3819f1bf7691d66e3f29a118.jpg;8903094027408;BKT;AW 705;16.0/70x20
23x8.5-12 BKT LG 306 6PR TL;https://agritires.eu/zdjecia-produktow/bkt/image_780459f31138914e030ceb3817736a5556414071.jpg;8903094012602;BKT;LG 306;23x8.5-12
15.0/55x17 BKT AW 705 14PR TL;https://agritires.eu/zdjecia-produktow/opony/1471_759804.webp;8903094010066;BKT;AW 705;15.0/55x17
17.5L-24 BKT RT 747 152A8/149B TL;https://agritires.eu/zdjecia-produktow/bkt/image_8b9f904c70d8d418d81cd55b19a31dd5a73b89a1.jpg;8903094016815;BKT;RT 747;17.5L-24
13.6x26 BKT TR 171 6PR TT;https://agritires.eu/zdjecia-produktow/bkt/image_8698e3d86895d218c9a107fb7141815968f31a82.jpg;8903094025633;BKT;TR 171;13.6x26
10.0/75x15.3 BKT AW 702 22PR TL;https://agritires.eu/zdjecia-produktow/bkt/image_fd2de231515e4b4729943ed187fe04ae828f0277.jpg;8903094044320;BKT;AW 702;10.0/75x15.3
385/65x22.5 BKT FLOT 648 18PR TL;https://agritires.eu/zdjecia-produktow/bkt/image_70e63ba7873fc3bf8ef0b9b7a772c78a76bf6415.jpg;8903094006298;BKT;FLOT 648;385/65x22.5
500/60x22.5 BKT TR 675 12PR TL;https://agritires.eu/zdjecia-produktow/bkt/image_e3ab429a7c7043fbdeaaf5200905ff692b8bb2e9.jpg;8903094019786;BKT;TR 675;500/60x22.5
11.5/80x15.3 BKT AW 909 10PR TL;https://agritires.eu/zdjecia-produktow/opony/1471_759962.webp;8903094010585;BKT;AW 909;11.5/80x15.3
23.1x26 BKT TR 387 145A6 8PR TL;https://agritires.eu/zdjecia-produktow/bkt/image_8e3e63151d4336f56a87c3c86c1c608ee306dcae.jpg;8903094005048;BKT;TR 387;23.1x26
16.0/70x24 BKT MP 600 158A8 18PR TL;https://agritires.eu/zdjecia-produktow/bkt/image_760670eae959bf86c75a48168c9a492f2aa460b0.jpg;8903094049318;BKT;MP 600;16.0/70x24
26x12-12 BKT SKID POWER HD 12PR TL;https://agritires.eu/zdjecia-produktow/bkt/image_02c712bd59aaab08c71977cb84fb9e6d953aa260.jpg;8903094017850;BKT;SKID POWER HD;26x12-12
4.00x12 BKT TF 9090 60A8 6PR TT;https://agritires.eu/zdjecia-produktow/opony/1471_759983.webp;8903094035113;BKT;TF 9090;4.00x12
14.5x20 BKT MP 567 18PR TL;https://agritires.eu/zdjecia-produktow/bkt/image_72b5e6b8b12a649617045ecdacfdb8e6a06a58b4.jpg;8903094038381;BKT;MP 567;14.5x20
280/60x15.5 BKT TR 678 128A8 TL;https://agritires.eu/zdjecia-produktow/bkt/image_a4763378a42ae86e9941e877a255318f5d9f1ce2.jpg;8903094050154;BKT;TR 678;280/60x15.5
210/95R16 BKT AGRIMAX RT 855 106A8 TL;https://agritires.eu/zdjecia-produktow/bkt/image_94dc5333d565997aa8038e47314616bf1bbc4536.jpg;8903094028665;BKT;AGRIMAX RT 855;210/95R16
23.1x26 BKT TR 387 159A6 16PR TL;https://agritires.eu/zdjecia-produktow/bkt/image_8e3e63151d4336f56a87c3c86c1c608ee306dcae.jpg;8903094005116;BKT;TR 387;23.1x26
16.9x30 BKT TR 135 8PR TT;https://agritires.eu/zdjecia-produktow/bkt/image_775791c078aa0e998e404a602ecf57a5774f105c.jpg;8903094003617;BKT;TR 135;16.9x30
500/50x17 BKT FLOT648 157A8 18PR TL;https://agritires.eu/zdjecia-produktow/opony/08c2eb41c2d924c0d42d14907fafa111.webp;8903094040346;BKT;FLOT648;500/50x17
800/65R32 BKT AGRIMAX RT 600 E 181A8/178B TL;https://agritires.eu/zdjecia-produktow/opony/d3d32f2e18553161589c9001294de6b0.webp;8903094039302;BKT;AGRIMAX RT 600 E;800/65R32
23x8.5-12 BKT SKID POWER HD 6PR TL;https://agritires.eu/zdjecia-produktow/opony/1471_759981.webp;8903094017775;BKT;SKID POWER HD;23x8.5-12
10.0/75x15.3 BKT AS 504 18PR TL;https://agritires.eu/zdjecia-produktow/bkt/image_8a36f222087444d92b1cadd5679a0a57b06ece75.jpg;8903094027422;BKT;AS 504;10.0/75x15.3
600/50x22.5 BKT FLOT 648 16PR TL;https://agritires.eu/zdjecia-produktow/bkt/image_0a5878160bb10962d65f054051bf3bd609b57fcd.jpg;8903094006403;BKT;FLOT 648;600/50x22.5
6.00x16 BKT TF 9090 6PR TT;https://agritires.eu/zdjecia-produktow/bkt/image_b45960f3b7146a498407e297c377755feadc0ea6.jpg;8903094020928;BKT;TF 9090;6.00x16
23.5x25 BKT XL GRIP 20PR TL;https://agritires.eu/zdjecia-produktow/bkt/image_2b1ef926af63664bc2339682307280602966e89b.jpg;8903094015870;BKT;XL GRIP;23.5x25
12.5/80x18 BKT AW 702 16PR TL;https://agritires.eu/zdjecia-produktow/bkt/image_07cf21d0430a0a19c1161414f339e673d63ec109.jpg;8903094009701;BKT;AW 702;12.5/80x18
300/65x12 BKT RIB 775 8PR TL;https://agritires.eu/zdjecia-produktow/opony/NULL;8903094011049;BKT;RIB 775;300/65x12
9.5x24 BKT TR 135 6PR TT;https://agritires.eu/zdjecia-produktow/bkt/image_86e86c9fc0aa2fa2e8f64d558395d88f8f82fd94.jpg;8903094004645;BKT;TR 135;9.5x24
11.5/80x15.3 BKT AW 909 12PR TL;https://agritires.eu/zdjecia-produktow/opony/1471_759962.webp;8903094010615;BKT;AW 909;11.5/80x15.3
10.0/75x15.3 BKT AW 702 18PR TL;https://agritires.eu/zdjecia-produktow/bkt/image_fd2de231515e4b4729943ed187fe04ae828f0277.jpg;8903094009138;BKT;AW 702;10.0/75x15.3
15.0/55x17 BKT AW 705 18PR TL;https://agritires.eu/zdjecia-produktow/opony/1471_759804.webp;8903094010097;BKT;AW 705;15.0/55x17
900/60R32 BKT AGRIMAX TERIS 181A8/178B TL;https://agritires.eu/zdjecia-produktow/bkt/image_9920b466b618067b293eb09a40c6b84d1a44f020.jpg;8903094029723;BKT;AGRIMAX TERIS;900/60R32
400/60x22.5 BKT FLOT 648 16PR TL;https://agritires.eu/zdjecia-produktow/bkt/image_bbf5e3c2197dd054cb47feb7623087a32f8dac05.jpg;8903094006311;BKT;FLOT 648;400/60x22.5
10.0/75x15.3 BKT MP 567 18PR TL;https://agritires.eu/zdjecia-produktow/bkt/image_828a2fe39ec928d11e0c22841ab882ce64d58c43.jpg;8903094057573;BKT;MP 567;10.0/75x15.3
18x22.5 BKT MP 590 16PR TL;https://agritires.eu/zdjecia-produktow/bkt/521055_0693b7a8ed9d62a353fa47a3a402b54bb8a743f0.jpg;8903094014729;BKT;MP 590;18x22.5
520/85R42 BKT AGRIMAX RT 855 157A8/B TL;https://agritires.eu/zdjecia-produktow/bkt/image_70e8f82c9617fae72d681b9934b985adb882bc35.jpg;8903094021819;BKT;AGRIMAX RT 855;520/85R42
23x9-10 BKT PT - HD 20PR TT;https://agritires.eu/zdjecia-produktow/opony/1471_759967.webp;8903094007714;BKT;PT - HD;23x9-10
27x10-12 BKT PT - HD 20PR TT;https://agritires.eu/zdjecia-produktow/bkt/image_534b47a83008b7b85501be45a7e0629d6249f0e2.jpg;8903094007769;BKT;PT - HD;27x10-12
11.00x20 BKT PACMASTER 18PR TT;https://agritires.eu/zdjecia-produktow/bkt/image_9b206335d25ba399487fcce0702afb7a698c6159.jpg;8903094067169;BKT;PACMASTER;11.00x20
28x12.5-15 BKT PT - HD 24PR TT;https://agritires.eu/zdjecia-produktow/bkt/image_d421b6f829701f0c777c348ea0f2ee609da98d53.jpg;8903094048649;BKT;PT - HD;28x12.5-15
10.0/75x15.3 BKT AW 702 10PR TL;https://agritires.eu/zdjecia-produktow/bkt/image_fd2de231515e4b4729943ed187fe04ae828f0277.jpg;8903094009022;BKT;AW 702;10.0/75x15.3
16.9x28 BKT AS 2001 8PR TT;https://agritires.eu/zdjecia-produktow/bkt/image_af9d1f65ef05e9021b6e25d3492e255e0289e892.jpg;8903094002689;BKT;AS 2001;16.9x28
710/70R42 BKT AGRIMAX RT 765 E 173D TL;https://agritires.eu/zdjecia-produktow/bkt/image_04352fcdc477eb0d36694b241db5af7b173b5e7d.jpg;8903094066452;BKT;AGRIMAX RT 765 E;710/70R42
650/60R38 BKT AGRIMAX V-FLECTO E 166D TL;https://agritires.eu/zdjecia-produktow/opony/45a7bbe673c7cdd483cd3c8e2ea17c30.webp;8903094062119;BKT;AGRIMAX V-FLECTO E;650/60R38
400/60x15.5 BKT TR 882 14PR TL;https://agritires.eu/zdjecia-produktow/bkt/image_0804702d605c710d6e736a73cccadc294ad1053a.jpg;8903094019861;BKT;TR 882;400/60x15.5
11.5/80x15.3 BKT AW 909 16PR TL;https://agritires.eu/zdjecia-produktow/opony/1471_759962.webp;8903094010677;BKT;AW 909;11.5/80x15.3
500/50x17 BKT AW 708 18PR TL;https://agritires.eu/zdjecia-produktow/bkt/image_6c169395610f02bcf6170d64abfc59e668bf4756.jpg;8903094010387;BKT;AW 708;500/50x17
7.00x12 BKT PL 801 14PR TT;https://agritires.eu/zdjecia-produktow/bkt/image_bdce58e8ffd9e175642df5ce64d7d4fab2d672fb.jpg;8903094007219;BKT;PL 801;7.00x12
420/70R24 BKT AGRIMAX RT 765 E 130D TL;https://agritires.eu/zdjecia-produktow/bkt/image_e66dc01291cefed93611be464411c9c5110a7dda.jpg;8903094063024;BKT;AGRIMAX RT 765 E;420/70R24
320/85R36 BKT AGRIMAX RT 855 147D/150A8 TL;https://agritires.eu/zdjecia-produktow/bkt/image_b53d9fdb33567f2791246cb66b99ca9a3de6b69c.jpg;8903094052691;BKT;AGRIMAX RT 855;320/85R36
11.5/80x15.3 BKT AW 909 14PR TL;https://agritires.eu/zdjecia-produktow/opony/1471_759962.webp;8903094010646;BKT;AW 909;11.5/80x15.3
11.5/80x15.3 BKT AW 702 10PR TL;https://agritires.eu/zdjecia-produktow/bkt/image_ec995fb2658ee133a49df20ba71e7e1cb91175b9.jpg;8903094009367;BKT;AW 702;11.5/80x15.3
6.50x10 BKT PT - HD 10PR TT;https://agritires.eu/zdjecia-produktow/bkt/image_78f75fd3c55c8873ba097813d2287d9b9f345ad5.jpg;8903094007813;BKT;PT - HD;6.50x10
23.1x26 BKT TR 135 E 14PR TL;;8903094004003;BKT;TR 135 E;23.1x26
7.50x16 BKT AS 504 8PR TL;https://agritires.eu/zdjecia-produktow/bkt/image_9222e83883f72c24ad001c576fcbba5eddd3d3ec.jpg;8903094019335;BKT;AS 504;7.50x16
15x6.00-6 BKT LG RIB 6PR TL;https://agritires.eu/zdjecia-produktow/bkt/image_9376e87c70e4ff762dc60335eac1b53b71f071dd.jpg;8903094012961;BKT;LG RIB;15x6.00-6
12.5/80x18 BKT AS 504 12PR TL;https://agritires.eu/zdjecia-produktow/bkt/image_81d98b56ae31f2c79fbfadfd331a1daebe28bb74.jpg;8903094018789;BKT;AS 504;12.5/80x18
14.9x28 BKT TR 135 8PR TT;https://agritires.eu/zdjecia-produktow/bkt/image_18bc272cb447aa6adba25fd711b0f10767d9ecb3.jpg;8903094003501;BKT;TR 135;14.9x28
460/85R34 BKT AGRIMAX RT 855 158A8/B TL;https://agritires.eu/zdjecia-produktow/bkt/image_22c6b5744f24c695d1b5fb47750446b12a27d08f.jpg;8903094047772;BKT;AGRIMAX RT 855;460/85R34
12.4x24 BKT TR 135 8PR TT;https://agritires.eu/zdjecia-produktow/bkt/image_51f65ba94b5ef43c69102e258b353cfafecc389e.jpg;8903094003129;BKT;TR 135;12.4x24
20.5x25 BKT GR 288 20PR TL;https://agritires.eu/zdjecia-produktow/bkt/image_81f2e8d87a92c68297ddc1023ce4a230f4105921.jpg;8903094035632;BKT;GR 288;20.5x25
420/85R34 BKT AGRIMAX RT 855 142A8/B TL;https://agritires.eu/zdjecia-produktow/bkt/image_da67802c3840398b38fb7065900094e6d735f2b8.jpg;8903094021741;BKT;AGRIMAX RT 855;420/85R34
11.5/80x15.3 BKT AS 504 12PR TL;https://agritires.eu/zdjecia-produktow/bkt/image_8f23d78af0380d51d53f61b7fa386afcc45f7ede.jpg;8903094018727;BKT;AS 504;11.5/80x15.3
18x19.5 BKT MP 567 16PR TL;https://agritires.eu/zdjecia-produktow/opony/1471_759967.webp;8903094015153;BKT;MP 567;18x19.5
10.5/80x18 BKT AW 702 14PR TL;https://agritires.eu/zdjecia-produktow/bkt/image_fee77dc4e8905b2aa72672a62364510a9544f9a6.jpg;8903094009343;BKT;AW 702;10.5/80x18
520/85R38 BKT AGRIMAX RT 855 E 170A8/B TL;https://agritires.eu/zdjecia-produktow/opony/NULL;8903094038374;BKT;AGRIMAX RT 855 E;520/85R38
12x16.5 BKT SP HD 12PR TL;https://agritires.eu/zdjecia-produktow/bkt/image_f2cf0c22d2eb6ff504b577a6f23f2b5e991551d7.jpg;8903094017706;BKT;SP HD;12x16.5
750/65R26 BKT AGRIMAX TERIS 166A8/B TL;https://agritires.eu/zdjecia-produktow/bkt/image_9d382b8df15914f062c0434baba66c75013aa0bc.jpg;8903094030668;BKT;AGRIMAX TERIS;750/65R26
550/60x22.5 BKT FLOT 648 12PR TL;https://agritires.eu/zdjecia-produktow/bkt/image_4bdad330248d6640040ae50a0d048c363203d852.jpg;8903094006373;BKT;FLOT 648;550/60x22.5
400/80R24 Vredestein TRAXION VERSA 162A8 TL;https://agritires.eu/zdjecia-produktow/opony/760024_760025.webp;8714692335365;Vredestein;TRAXION VERSA;400/80R24
480/80R26 Trelleborg TH 400 160A8/160B TL;https://agritires.eu/zdjecia-produktow/opony/01fc04f37deab16c91aafcbcaeaa8842.webp;8059971024463;Trelleborg;TH 400;480/80R26
300/95R46 Ozka AGRO 10 148A8/148B TL;https://agritires.eu/zdjecia-produktow/opony/759969_759970.webp;4251438400825;Ozka;AGRO 10;300/95R46
710/70R42 Ozka AGROLOX DA 173D/176A8 TL;;8681301014166;Ozka;AGROLOX DA;710/70R42
270/95R42 Ozka AGRO 10 141A8 TL;https://agritires.eu/zdjecia-produktow/opony/759969_759970.webp;4251438406735;Ozka;AGRO 10;270/95R42
710/70R38 Ozka AGRO 10 174A8/171D TL;https://agritires.eu/zdjecia-produktow/opony/759969_759970.webp;4251438400382;Ozka;AGRO 10;710/70R38
420/85R38 Ozka AGRO 10 144A8/141B TL;https://agritires.eu/zdjecia-produktow/opony/759969_759970.webp;4251438400672;Ozka;AGRO 10;420/85R38
900/60R32 Ozka AGROLOX 182D/185A8 TL;https://agritires.eu/zdjecia-produktow/opony/1d30ef877da7eedaf62f3fa037a7bc1a.webp;4251438406681;Ozka;AGROLOX;900/60R32
480/65R28 Ozka AGROLOX 136D/139A8 TL;https://agritires.eu/zdjecia-produktow/opony/1d30ef877da7eedaf62f3fa037a7bc1a.webp;8681301013534;Ozka;AGROLOX;480/65R28
250/85R28 Ozka AGRO 10 112A8/112B TL;https://agritires.eu/zdjecia-produktow/opony/759969_759970.webp;4251438406674;Ozka;AGRO 10;250/85R28
360/70R20 Ozka AGRO 10 129A8/129B TL;https://agritires.eu/zdjecia-produktow/opony/759969_759970.webp;4251438400207;Ozka;AGRO 10;360/70R20
340/65R20 Ozka AGRO 10 124D TL;https://agritires.eu/zdjecia-produktow/opony/759969_759970.webp;4251438406704;Ozka;AGRO 10;340/65R20
280/70R20 Ozka AGRO 10 116A8/116B TL;https://agritires.eu/zdjecia-produktow/opony/759969_759970.webp;4251438400177;Ozka;AGRO 10;280/70R20
280/70R16 Ozka AGRO 10 112A8/112B TL;https://agritires.eu/zdjecia-produktow/opony/759969_759970.webp;4251438400146;Ozka;AGRO 10;280/70R16
18.4-30 Ozka KNK 50 158A6 16PR TT;https://agritires.eu/zdjecia-produktow/opony/19357be193fd834b80025c9ee9760f47.webp;4251438401709;Ozka;KNK 50;18.4-30
16.9-28 Ozka KNK 50 143A6 14PR TT;https://agritires.eu/zdjecia-produktow/opony/19357be193fd834b80025c9ee9760f47.webp;4251438401624;Ozka;KNK 50;16.9-28
9.5-24 Ozka KNK 50 110A6 6PR TT;https://agritires.eu/zdjecia-produktow/opony/19357be193fd834b80025c9ee9760f47.webp;4251438401303;Ozka;KNK 50;9.5-24
550/60-22.5 Ozka KNK 56 167A8/154A8 16PR TL;https://agritires.eu/zdjecia-produktow/opony/6da32fc2ffc2de059df8694e8d7c0e6b.webp;4251438402171;Ozka;KNK 56;550/60-22.5
6.50-20 Ozka KNK 32 102A6 8PR TT;https://agritires.eu/zdjecia-produktow/opony/782efac29ef55689efd175b806bde20a.webp;4251438400948;Ozka;KNK 32;6.50-20
8.25-20 Ozka KNK 25 133A6 14PR TT;https://agritires.eu/zdjecia-produktow/opony/2d8f12d53dde0ddf3e303a1b7c0d610f.webp;4251438402010;Ozka;KNK 25;8.25-20
12.5/80-18 Ozka KNK 48 144A8 14PR TT;https://agritires.eu/zdjecia-produktow/opony/c7affca94adc2516e42f2a07e519f4db.webp;4251438401983;Ozka;KNK 48;12.5/80-18
500/50-17 Ozka KNK 46 149A8 14PR TL;https://agritires.eu/zdjecia-produktow/opony/626fefb936f2894255773b96c9b0f5b3.webp;4251438402188;Ozka;KNK 46;500/50-17
9.00-16 Ozka KNK 35 111A6 8PR TT;https://agritires.eu/zdjecia-produktow/opony/9b4b0e974dcc57a330dd2c91cc15a04a.webp;4251438401112;Ozka;KNK 35;9.00-16
6.50-16 Ozka KNK 33 91A6 6PR TT;https://agritires.eu/zdjecia-produktow/opony/06cbcd03aa1c8ad9f262d51cd901c7c5.webp;4251438400986;Ozka;KNK 33;6.50-16
15.5-25 Ozka IND 80 - 173A2 14PR TL;https://agritires.eu/zdjecia-produktow/opony/0e28bf29bc6bb88d8f216d1b59cc40ae.webp;4251438402423;Ozka;IND 80 -;15.5-25
16.0/70-20 Ozka IND 88 R-4 166A2 16PR TL;https://agritires.eu/zdjecia-produktow/opony/07dd357e7b8a40b67ddf07acc8538679.webp;4251438406506;Ozka;IND 88;16.0/70-20
650/65R38 GTK AGR ALFA 166A8/163D TL;https://agritires.eu/zdjecia-produktow/opony/55ebed3756ca29a75d5efcdd8a588833.webp;;GTK;AGR ALFA;650/65R38
460/85R34 GTK RS200 147A8/144B TL;https://agritires.eu/zdjecia-produktow/opony/cae2e87f399a57f333d79a53f2e37cb2.webp;4251438410855;GTK;RS200;460/85R34
320/85R32 GTK RS200 126A8/126B TL;https://agritires.eu/zdjecia-produktow/opony/cae2e87f399a57f333d79a53f2e37cb2.webp;4251438411326;GTK;RS200;320/85R32
280/85R20 GTK RS200 112A8/109B TL;https://agritires.eu/zdjecia-produktow/opony/cae2e87f399a57f333d79a53f2e37cb2.webp;4251438411227;GTK;RS200;280/85R20
12.4-24 GTK AS100 124A6 12PR TT;https://agritires.eu/zdjecia-produktow/opony/0fb4768c6485268167e9d4e23313ad3d.webp;4251438410367;GTK;AS100;12.4-24
12.4-24 GTK AS100 118A6 8PR TT;https://agritires.eu/zdjecia-produktow/opony/0fb4768c6485268167e9d4e23313ad3d.webp;4251438410350;GTK;AS100;12.4-24
9.5-24 GTK AS100 110A6 6PR TT;https://agritires.eu/zdjecia-produktow/opony/0fb4768c6485268167e9d4e23313ad3d.webp;4251438412156;GTK;AS100;9.5-24
550/60-22.5 GTK BT40 154A8 16PR TL;https://agritires.eu/zdjecia-produktow/opony/3ba96adec616e46dfdc96fedea779863.webp;4251438410305;GTK;BT40;550/60-22.5
11.2-20 GTK AS100 113A6 8PR TT;https://agritires.eu/zdjecia-produktow/opony/0fb4768c6485268167e9d4e23313ad3d.webp;4251438411548;GTK;AS100;11.2-20
9.00-20 GTK TN52 133A6 14PR TT;https://agritires.eu/zdjecia-produktow/opony/NULL;4251438412132;GTK;TN52;9.00-20
7.50-20 GTK AS100 108A6 8PR TT;https://agritires.eu/zdjecia-produktow/opony/0fb4768c6485268167e9d4e23313ad3d.webp;4251438411524;GTK;AS100;7.50-20
10.5/65-16 GTK BT20 126A8 12PR TT;https://agritires.eu/zdjecia-produktow/opony/d9fd6be1cb435120ed4897a8338e9a7f.webp;4251438412071;GTK;BT20;10.5/65-16
6.50-16 GTK AS14 97A6 8PR TT;https://agritires.eu/zdjecia-produktow/opony/5f294ab4af03d1d5a1522ac55b2842e6.webp;4251438411838;GTK;AS14;6.50-16
16.9-30 GTK LD90 R-4 156A8 16PR TL;https://agritires.eu/zdjecia-produktow/opony/24554d58502a52be8a049758d794c6c6.webp;4251438412804;GTK;LD90;16.9-30
14.5-20 GTK LD96 143D 14PR TL;https://agritires.eu/zdjecia-produktow/opony/22e1d2285cf7e0fbec2bc523934d17f3.webp;4251438413191;GTK;LD96;14.5-20
12.5-20 GTK OC10 137A8 14PR TL;https://agritires.eu/zdjecia-produktow/opony/NULL;4251438413917;GTK;OC10;12.5-20
12.5/80-18 GTK LD92 R-4 146A8 14PR TL;https://agritires.eu/zdjecia-produktow/opony/dea5263d9e1bb02f870431d609b62aaa.webp;4251438413177;GTK;LD92;12.5/80-18
340/80-18 GTK LD96 R-4 146A8 14PR TL;https://agritires.eu/zdjecia-produktow/opony/22e1d2285cf7e0fbec2bc523934d17f3.webp;4251438412545;GTK;LD96;340/80-18
385/65R22.5 Michelin LINE ENERGY ANTISPLASH 160K TL;https://agritires.eu/zdjecia-produktow/opony/9f5ba76704cd339fafaba9a7fcebe8ac.webp;3528701305530;Michelin;LINE ENERGY ANTISPLASH;385/65R22.5
315/70R22.5 Michelin MULTI 154/150L TL M+S 3PMSF;https://agritires.eu/zdjecia-produktow/opony/9d3971e8069ec19d4a550af61a9a8739.webp;3528708898998;Michelin;MULTI;315/70R22.5
340/90R48 Mitas AC 85 154A8/154B TL;https://agritires.eu/zdjecia-produktow/opony/8c94c61f82899119d0f814e8b0cb4d45.webp;8059971063196;Mitas;AC 85;340/90R48
580/70R38 Mitas AC 70 155A8/155B TL;https://agritires.eu/zdjecia-produktow/opony/2282_5438.webp;8059971035704;Mitas;AC 70;580/70R38
480/70R34 Mitas AC 70 143A8/143B TL;https://agritires.eu/zdjecia-produktow/opony/2282_5438.webp;8059971039702;Mitas;AC 70;480/70R34
480/70R28 Mitas AC 70 140A8/140B TL;https://agritires.eu/zdjecia-produktow/opony/2282_5438.webp;8059971057683;Mitas;AC 70;480/70R28
380/70R28 Mitas AC 70 127A8/127B TL;https://agritires.eu/zdjecia-produktow/opony/2282_5438.webp;8059971035667;Mitas;AC 70;380/70R28
650/55R26.5 Mitas AGRITERRA ULTRA 169D TL SB;https://agritires.eu/zdjecia-produktow/opony/3543f05ddc6587545c89c3a6cd0a9535.webp;8059971054033;Mitas;AGRITERRA ULTRA;650/55R26.5
420/70R24 Mitas HC70 130D/133A8 TL;https://agritires.eu/zdjecia-produktow/opony/30f089a0d39c38a5b5594245ab038c24.webp;8059971059120;Mitas;HC70;420/70R24
355/60R18 Mitas MPT AR-05 AGRO-TRAILER all steel 142J TL;https://agritires.eu/zdjecia-produktow/opony/d19b832bc5187e747916c9f1eb37e8e7.webp;8059971043938;Mitas;MPT AR-05 AGRO-TRAILER all steel;355/60R18
480/80R26 Mitas TI-20 INDUST 160A8 TL;https://agritires.eu/zdjecia-produktow/opony/4181233d111096339dab065bdffe3b21.webp;8059971037302;Mitas;TI-20 INDUST;480/80R26
405/70R18 Mitas EM-01 156B TL;https://agritires.eu/zdjecia-produktow/opony/2f452a67245acb560fd58e54afdae802.webp;8059971614367;Mitas;EM-01;405/70R18
365/70R18 Mitas EM-01 135B/146A2 TL;https://agritires.eu/zdjecia-produktow/opony/2f452a67245acb560fd58e54afdae802.webp;8059971613186;Mitas;EM-01;365/70R18
17.5L-24 Mitas TI-02 144A8 10PR TL;https://agritires.eu/zdjecia-produktow/opony/NULL;8059971617405;Mitas;TI-02;17.5L-24
16/70-20 Mitas MPT-05 14PR TL;https://agritires.eu/zdjecia-produktow/opony/0693f136ba166448eed9f9ea05b389dc.webp;8590341006516;Mitas;MPT-05;16/70-20
340/85R36 Cultor RD-01 13.66A8 TL;https://agritires.eu/zdjecia-produktow/opony/2337_5452.webp;8059971044003;Cultor;RD-01;340/85R36
420/85R28 Cultor RD-01 139A8/136B TL;https://agritires.eu/zdjecia-produktow/opony/2337_5541.webp;8059971059618;Cultor;RD-01;420/85R28
420/85R24 Cultor RD-01 137A8/137B TL;https://agritires.eu/zdjecia-produktow/opony/2337_5541.webp;8059971062885;Cultor;RD-01;420/85R24
9.5-32 Cultor AS AGRI 13 110A6 6PR TT;https://agritires.eu/zdjecia-produktow/opony/NULL;8059971056303;Cultor;AS AGRI 13;9.5-32
14.9-24 Cultor AS AGRI 19 128A6/121A8 8PR TT;https://agritires.eu/zdjecia-produktow/opony/2337_759788.webp;8059971036862;Cultor;AS AGRI 19;14.9-24
9.5-24 Cultor AS AGRI 19 112A6/104A8 8PR TT;https://agritires.eu/zdjecia-produktow/opony/2337_759788.webp;8059971065701;Cultor;AS AGRI 19;9.5-24
7.50-16 Cultor AS FRONT 08 108A6/95A8 8PR TT;https://agritires.eu/zdjecia-produktow/opony/d4cbbd66cf189f837b322575e34fc80a.webp;8059971067514;Cultor;AS FRONT 08;7.50-16
6.00-16 Cultor AS FRONT 07 86A8 8PR TT;https://agritires.eu/zdjecia-produktow/opony/30340ebef2bf8d4157ac40cdb1d878bc.webp;9997022618366;Cultor;AS FRONT 07;6.00-16
16.9-28 Cultor INDUSTRIAL 20 151A8 12PR TL;https://agritires.eu/zdjecia-produktow/opony/NULL;8059971612981;Cultor;INDUSTRIAL 20;16.9-28
16.9-24 Cultor INDUSTRIAL 40 ER 149A6 12PR TL;;8059971619133;Cultor;INDUSTRIAL 40 ER;16.9-24
315/70R22.5 Matador HR 5 154/150L 20PR TL M+S 3PMSF;https://agritires.eu/zdjecia-produktow/opony/NULL;4050496003111;Matador;HR 5;315/70R22.5
235/75R17.5 Matador HR 5 143/141K 16PR TL M+S 3PMSF;https://agritires.eu/zdjecia-produktow/opony/1083637f961590c1bc407528537be71b.webp;4050496002725;Matador;HR 5;235/75R17.5
360/70R24 LingLong LR700 122A8/119B TL;https://agritires.eu/zdjecia-produktow/opony/0bef6e9910b2e751c6209cf28869fa3e.webp;6959956755424;LingLong;LR700;360/70R24
17.5R25 LingLong LXL MASTER ** E-3/L-3 182A2/167B TL;https://agritires.eu/zdjecia-produktow/opony/76b45f6165e095db3a84e6bd9f0ff649.webp;6959956814374;LingLong;LXL MASTER **;17.5R25
23.5R25 LingLong LXL MASTER ** L-3 201A2 TL;https://agritires.eu/zdjecia-produktow/opony/76b45f6165e095db3a84e6bd9f0ff649.webp;6959956797400;LingLong;LXL MASTER **;23.5R25
20.5R25 LingLong LXL MASTER ** E-3/L-3 193A2/177B TL;https://agritires.eu/zdjecia-produktow/opony/76b45f6165e095db3a84e6bd9f0ff649.webp;6959956814381;LingLong;LXL MASTER **;20.5R25
13R22.5 LingLong -D41 158/156K 20PR TL M+S;https://agritires.eu/zdjecia-produktow/opony/NULL;8605068701368;LingLong;D41;13R22.5
315/70R22.5 LingLong ETD100 156/150L 18PR TL M+S 3PMSF;https://agritires.eu/zdjecia-produktow/opony/d86e685782749be7e66a80b2a9db1077.webp;8605068700255;LingLong;ETD100 156/150L;315/70R22.5
315/70R22.5 LingLong -D36 156/150L 18PR TL M+S 3PMSF;https://agritires.eu/zdjecia-produktow/opony/NULL;8605068731839;LingLong;D36 156/150L;315/70R22.5
315/70R22.5 LingLong -S30 156L/154M 18PR TL M+S 3PMSF;https://agritires.eu/zdjecia-produktow/opony/85fa1491e6811033d9f13309312065bb.webp;8605068701405;LingLong;S30;315/70R22.5
315/60R22.5 LingLong -D30 153/150K 20PR TL M+S 3PMSF;https://agritires.eu/zdjecia-produktow/opony/eb7084d4c7d84a46e675211b03158acd.webp;8605068702723;LingLong;D30;315/60R22.5
295/60R22.5 LingLong KTS300 150/147L 16PR TL M+S 3PMSF;https://agritires.eu/zdjecia-produktow/opony/b4e7c1287ca5813e77f9b093f83375e7.webp;8605068700002;LingLong;KTS300;295/60R22.5
265/70R17.5 LingLong -D20 140/138M 16PR TL M+S 3PMSF;https://agritires.eu/zdjecia-produktow/opony/81bdcc5fd8a9b11c18a085ec2c4b624a.webp;8605068702587;LingLong;D20;265/70R17.5
245/70R17.5 LingLong KLT200 143/141J 18PR TL M+S;https://agritires.eu/zdjecia-produktow/opony/3f8b36ba364398f3a14e5a770ce3ab97.webp;8605068700217;LingLong;KLT200;245/70R17.5
225/75R17.5 LingLong -S20 129/127M 14PR TL M+S 3PMSF;https://agritires.eu/zdjecia-produktow/opony/195098ca65766c7f9f76e8fbfe6f797d.webp;8605068702495;LingLong;S20;225/75R17.5
385/55R22.5 Kumho KXA31 160K 20PR TL 3PMSF;https://agritires.eu/zdjecia-produktow/opony/641e634f109f93ef7acb2ba5689886a5.webp;8808956608491;Kumho;KXA31;385/55R22.5
400/60-15.5 Kabat SGP-05 145A8/132A8 14PR TL;https://agritires.eu/zdjecia-produktow/opony/f5bfe239a6e5455be0aee4f657f3ef85.webp;5901765100590;Kabat;SGP-05;400/60-15.5
13R22.5 Mirage MG768 napęd 156/152G 20PR M+S;https://agritires.eu/zdjecia-produktow/opony/696f8941ca378e430ff24c6b0c1ddf3f.webp;6920758661152;Mirage;MG768 napęd;13R22.5
385/65R22.5 Mirage MG022 /naczepa 164K/158L 24PR M+S 3PMSF;https://agritires.eu/zdjecia-produktow/opony/a037260a632b4847edf42b989e4c0b61.webp;8935355526474;Mirage;MG022 /naczepa;385/65R22.5
520/85R38 MRL FARM XTREME 85 RRT500 155D TL;https://agritires.eu/zdjecia-produktow/opony/b42b5ff0281eca773be6f919bbd295a1.webp;8907375058068;MRL;FARM XTREME 85 RRT500;520/85R38
420/85R38 MRL FARM XTREME 85 RRT500 144D TL;https://agritires.eu/zdjecia-produktow/opony/b42b5ff0281eca773be6f919bbd295a1.webp;8907375058051;MRL;FARM XTREME 85 RRT500;420/85R38
540/65R30 MRL FARM XTREME 65 RRT500 150D/153A8 TL;https://agritires.eu/zdjecia-produktow/opony/1b314935d140dd3abafaafc117c33300.webp;8907375057405;MRL;FARM XTREME 65 RRT500;540/65R30
16x6.50-8 MRL MG 54 -WIDE 72A3 6PR TL;https://agritires.eu/zdjecia-produktow/opony/e99b72ef77f0e3cc3301f8982e37ea07.webp;8907375018901;MRL;MG 54 -WIDE;16x6.50-8
10.00-20 MRL MEX 473 ROCK LUG 146B 16PR TT;https://agritires.eu/zdjecia-produktow/opony/663cde88b1aa47db87f5d22b60bb896d.webp;8907375053575;MRL;MEX 473 ROCK LUG;10.00-20
6.50-16 MRL MR 504 MILE PLUS 111J 12PR TT;https://agritires.eu/zdjecia-produktow/opony/6cddc7bc2223c28f675ac51c59533701.webp;8907375054275;MRL;MR 504 MILE PLUS;6.50-16
12.00R24 Sava ORJAK 24 MS 160/156K TT M+S;https://agritires.eu/zdjecia-produktow/opony/b7cddc3f39756a3bde4d1600b3a7fd3a.webp;5452000817938;Sava;ORJAK 24 MS;12.00R24
12.00R24 Sava ORJAK 24 PLUS 160/156K TT M+S;https://agritires.eu/zdjecia-produktow/opony/025908e2b2b14325650ab72544c9ec69.webp;5452000806338;Sava;ORJAK 24 PLUS;12.00R24
315/80R22.5 Sava AVANT MS 2 156/150K TL M+S 3PMSF;https://agritires.eu/zdjecia-produktow/opony/NULL;4038526336811;Sava;AVANT MS 2;315/80R22.5
295/80R22.5 Dunlop SP462 W2020 152/148L TL M+S 3PMSF;;5452000453532;Dunlop;SP462 W2020;295/80R22.5
295/80R22.5 Goodyear FUELMAX 152/148M TL M+S 3PMSF;https://agritires.eu/zdjecia-produktow/opony/5ad9835289e07a697a34870900325110.webp;5452000662408;Goodyear;FUELMAX;295/80R22.5
12.00R20 Goodyear MSS II 154/150K TT M+S;https://agritires.eu/zdjecia-produktow/opony/NULL;5452000393630;Goodyear;MSS II;12.00R20
205/75R17.5 Goodyear KMAX 124M/126G TL M+S 3PMSF;https://agritires.eu/zdjecia-produktow/opony/7b55714802f06bbe2e56a26686ca9da7.webp;5452000541079;Goodyear;KMAX;205/75R17.5
385/65R22.5 Fulda REGIOTONN 3 HL 164K/158L TL M+S 3PMSF;https://agritires.eu/zdjecia-produktow/opony/57dcd30533c7fd58009b4e5783aec66f.webp;5452000712288;Fulda;REGIOTONN 3 HL;385/65R22.5
385/65R22.5 GOODTRIP GHA20 164K 24PR TL M+S 3PMSF;https://agritires.eu/zdjecia-produktow/opony/NULL;8859625702521;GOODTRIP;GHA20;385/65R22.5
315/60R22.5 GOODTRIP GHD20 154/148L 20PR TL M+S 3PMSF;;8859625703917;GOODTRIP;GHD20;315/60R22.5
315/60R22.5 GOODTRIP GHA20 154/148L 20PR TL M+S 3PMSF;;8859625703900;GOODTRIP;GHA20;315/60R22.5
295/60R22.5 GOODTRIP GHA20 150/147K 18PR TL M+S 3PMSF;https://agritires.eu/zdjecia-produktow/opony/NULL;8859625700848;GOODTRIP;GHA20;295/60R22.5
385/95R25 Double Coin REM8 70km/h 170E TL;;6941438408220;Double Coin;REM8 70km/h;385/95R25
385/55R22.5 CEAT WINMILE- 160K TL M+S 3PMSF;https://agritires.eu/zdjecia-produktow/opony/182cbc60d2c5367c241b206472092ece.webp;8904288102796;CEAT;WINMILE-;385/55R22.5
315/60R22.5 Continental HSW2 SCANDINAVIA XL 154/150L 20PR TL M+S 3PMSF;https://agritires.eu/zdjecia-produktow/opony/7a585d8c05c17f79879fb119b3f9b3c7.webp;4019238518542;Continental;HSW2 SCANDINAVIA XL;315/60R22.5
355/50R22.5 Continental CONTI ECO HS5 158L 18PR TL M+S 3PMSF;https://agritires.eu/zdjecia-produktow/opony/NULL;4019238301106;Continental;CONTI ECO HS5;355/50R22.5
315/70R22.5 Continental Conti EfficientPro HS5 158/150L 18PR TL M+S 3PMSF;https://agritires.eu/zdjecia-produktow/opony/NULL;4019238401813;Continental;Conti EfficientPro HS5;315/70R22.5
315/70R22.5 Bridgestone ECOPIA STEER 156/150L TL M+S 3PMSF;https://agritires.eu/zdjecia-produktow/opony/4bbc7626867a028572d30ad617104041.webp;3286341991314;Bridgestone;ECOPIA STEER;315/70R22.5
315/60R22.5 Bridgestone ECOPIA -STEER 002 154/148L TL M+S 3PMSF;https://agritires.eu/zdjecia-produktow/opony/1de173164dd4237759b69307f62b0378.webp;3286341688214;Bridgestone;ECOPIA -STEER 002;315/60R22.5
13R22.5 BlackLion BD280 156/150K 20PR TL M+S 3PMSF;;6930213614826;BlackLion;BD280;13R22.5
13R22.5 BlackLion BA220 156/150K 20PR TL M+S 3PMSF;;6930213614437;BlackLion;BA220;13R22.5
26.5R25 Firestone MBT MS DE2 ** E-3/L-3 193B TL;https://agritires.eu/zdjecia-produktow/opony/2257418d72116ff169e5ab00d13fb96e.webp;3286342597034;Firestone;MBT MS DE2 **;26.5R25
17.5R25 Firestone MBT MS DE2 ** E-3/L-3 167B TL;https://agritires.eu/zdjecia-produktow/opony/2257418d72116ff169e5ab00d13fb96e.webp;3286342597317;Firestone;MBT MS DE2 **;17.5R25
23.5R25 Firestone MBT MS DE2 ** E-3/L-3 185B TL;https://agritires.eu/zdjecia-produktow/opony/e41333d8d59f506231260bd06043d309.webp;3286342597010;Firestone;MBT MS DE2 **;23.5R25
20.5R25 Firestone MBT MS DE2 ** E-3/L-3 177B TL;https://agritires.eu/zdjecia-produktow/opony/2257418d72116ff169e5ab00d13fb96e.webp;3286342597355;Firestone;MBT MS DE2 **;20.5R25
315/80R22.5 Firestone FS833 156/150K TL M+S 3PMSF;https://agritires.eu/zdjecia-produktow/opony/2f1523cbdd3dde7081d292b8e2e7ef76.webp;3286341345810;Firestone;FS833;315/80R22.5
315/80R22.5 Firestone FD833 156/150K TL M+S 3PMSF;https://agritires.eu/zdjecia-produktow/opony/9ea17d87a9b975ddda4d262bb8e6df57.webp;3286341345612;Firestone;FD833;315/80R22.5
445/65R22.5 Aeolus AGP23 169F TL;https://agritires.eu/zdjecia-produktow/opony/NULL;6950306312946;Aeolus;AGP23;445/65R22.5
11.2-20 Ozka KNK 50 113A6 8PR TT;https://agritires.eu/zdjecia-produktow/opony/19357be193fd834b80025c9ee9760f47.webp;4251438401266;Ozka;KNK 50;11.2-20
6.50-16 Ozka KNK 33 97A6 8PR TT;https://agritires.eu/zdjecia-produktow/opony/06cbcd03aa1c8ad9f262d51cd901c7c5.webp;4251438400993;Ozka;KNK 33;6.50-16
315/70R22.5 Matador HR 5 154/150L 20PR TL M+S 3PMSF;https://agritires.eu/zdjecia-produktow/opony/NULL;4050496003111;Matador;HR 5;315/70R22.5
235/75R17.5 Matador HR 5 143/141K 16PR TL M+S 3PMSF;https://agritires.eu/zdjecia-produktow/opony/1083637f961590c1bc407528537be71b.webp;4050496002725;Matador;HR 5;235/75R17.5
315/70R22.5 LingLong ETD100 156/150L 18PR TL M+S 3PMSF;https://agritires.eu/zdjecia-produktow/opony/d86e685782749be7e66a80b2a9db1077.webp;8605068700255;LingLong;ETD100 156/150L;315/70R22.5
385/65R22.5 Mirage MG022 /naczepa 164K/158L 24PR M+S 3PMSF;https://agritires.eu/zdjecia-produktow/opony/a037260a632b4847edf42b989e4c0b61.webp;8935355526474;Mirage;MG022 /naczepa;385/65R22.5
6.00-16 MRL MTF 212 DABANG TR 88A6/80A8 6PR TT;https://agritires.eu/zdjecia-produktow/opony/f9be019d85a3c90f4f82189aa12eac02.webp;8907375032495;MRL;MTF 212 DABANG TR;6.00-16
16x6.50-8 MRL MG 54 -WIDE 72A3 6PR TL;https://agritires.eu/zdjecia-produktow/opony/e99b72ef77f0e3cc3301f8982e37ea07.webp;8907375018901;MRL;MG 54 -WIDE;16x6.50-8
385/65R22.5 Fulda REGIOTONN 3 HL 164K/158L TL M+S 3PMSF;https://agritires.eu/zdjecia-produktow/opony/57dcd30533c7fd58009b4e5783aec66f.webp;5452000712288;Fulda;REGIOTONN 3 HL;385/65R22.5
385/65R22.5 GOODTRIP GHA20 164K 24PR TL M+S 3PMSF;https://agritires.eu/zdjecia-produktow/opony/NULL;8859625702521;GOODTRIP;GHA20;385/65R22.5
385/95R25 Double Coin REM8 70km/h 170E TL;;6941438408220;Double Coin;REM8 70km/h;385/95R25
315/80R22.5 Continental HDC1 ED 156/150M 18PR TL M+S 3PMSF;https://agritires.eu/zdjecia-produktow/opony/NULL;4019238032574;Continental;HDC1 ED;315/80R22.5
17.5R25 Firestone MBT MS DE2 ** E-3/L-3 167B TL;https://agritires.eu/zdjecia-produktow/opony/2257418d72116ff169e5ab00d13fb96e.webp;3286342597317;Firestone;MBT MS DE2 **;17.5R25
23.5R25 Firestone MBT MS DE2 ** E-3/L-3 185B TL;https://agritires.eu/zdjecia-produktow/opony/e41333d8d59f506231260bd06043d309.webp;3286342597010;Firestone;MBT MS DE2 **;23.5R25
650/65R38 Mitas SST 157D/160A8 TL demo;https://agritires.eu/zdjecia-produktow/opony/90e867f042b9840e53b2d3d0c4d956e5.webp;8590341131881;Mitas;SST;650/65R38
360/70R20 BKT Agrimax RT 765 129A8/129B TL demo;https://agritires.eu/zdjecia-produktow/bkt/image_12fe2561b080e98b11e2c4d5910d4fe8142e6bee.jpg;8903094021550;BKT;Agrimax RT 765;360/70R20
710/45R22.5 Alliance 388 156D TL demo;;7291050047429;Alliance;388;710/45R22.5
500/50-17 Trelleborg AW 309 149A8 TL demo;;8059971010671;Trelleborg;AW 309;500/50-17
235/75R17.5 West Lake WTR2X 143J/141J;https://agritires.eu/zdjecia-produktow/opony/NULL;0440000127657;West Lake;WTR2X;235/75R17.5
215/75R17.5 West Lake WTR2X 135J/133J;https://agritires.eu/zdjecia-produktow/opony/NULL;0440000127640;West Lake;WTR2X;215/75R17.5
315/60R22.5 West Lake WSL2 154L/150L 3PMSF M+S FRONT;https://agritires.eu/zdjecia-produktow/opony/NULL;0440000127664;West Lake;WSL2;315/60R22.5
315/70R22.5 West Lake WDL2+ 154L/150L 3PMSF M+S DRIVE;https://agritires.eu/zdjecia-produktow/opony/NULL;0440000127619;West Lake;WDL2+;315/70R22.5
315/60R22.5 West Lake WDL2+ 154K/150K 3PMSF M+S DRIVE;https://agritires.eu/zdjecia-produktow/opony/NULL;0440000127787;West Lake;WDL2+;315/60R22.5
385/65R22.5 West Lake WTR PRO 164K 3PMSF M+S;;0440000128432;West Lake;WTR PRO;385/65R22.5
235/75R17.5 West Lake WTX1 143/141J 3PMSF M+S;https://agritires.eu/zdjecia-produktow/opony/e1c10c8b96153769d1e23a66734bf708.webp;8859305513935;West Lake;WTX1;235/75R17.5
245/70R17.5 West Lake WTR2X 143J/141J;https://agritires.eu/zdjecia-produktow/opony/NULL;0440000127596;West Lake;WTR2X;245/70R17.5
295/60R22.5 West Lake WDL2+ 150/147K 3PMSF M+S DRIVE;https://agritires.eu/zdjecia-produktow/opony/NULL;0440000127602;West Lake;WDL2+;295/60R22.5
425/55R17 Speedways FL-60 129D TL;https://agritires.eu/zdjecia-produktow/opony/NULL;0440000127244;Speedways;FL-60;425/55R17
6.00-9 Globestar ULTIMATE XT SM;https://agritires.eu/zdjecia-produktow/opony/NULL;0440000128128;Globestar;ULTIMATE XT SM;6.00-9
315/70R22.5 Cetroc LINE A99 154/151M 3PMSF M+S FRONT;https://agritires.eu/zdjecia-produktow/opony/e35c6588dce32b0eddb9298ef105a4f3.webp;0440000128241;Cetroc;LINE A99;315/70R22.5
315/80R22.5 Cetroc LINE A99 157/154L 3PMSF M+S FRONT;https://agritires.eu/zdjecia-produktow/opony/e35c6588dce32b0eddb9298ef105a4f3.webp;0440000128111;Cetroc;LINE A99;315/80R22.5
245/70R19.5 Cetroc GHD22 136/134M 3PMSF M+S DRIVE;https://agritires.eu/zdjecia-produktow/opony/ca32491206e3f6030589fab16f8c6ed9.webp;0440000121723;Cetroc;GHD22;245/70R19.5
315/60R22.5 Cetroc GHA20 154/148L 3PMSF M+S FRONT;https://agritires.eu/zdjecia-produktow/opony/675d2a1fa3eb3283a71a2c7825ddcba5.webp;0440000121730;Cetroc;GHA20;315/60R22.5
20.5R25 Cetroc ELD11 177A2/193A2;;0440000127923;Cetroc;ELD11;20.5R25
5.00-8 JK Tyre ST-02 STANDARD;https://agritires.eu/zdjecia-produktow/opony/NULL;0440000127473;JK Tyre;ST-02 STANDARD;5.00-8
18x7-8 JK Tyre ST-02 PREMIUM;https://agritires.eu/zdjecia-produktow/opony/NULL;0440000127428;JK Tyre;ST-02 PREMIUM;18x7-8
480/65R28 JK Tyre AGRI KING 65 142D TL;https://agritires.eu/zdjecia-produktow/opony/NULL;0440000123314;JK Tyre;AGRI KING 65;480/65R28
315/80R22.5 Sava AVANT MSS 2 156/150K 3PMSF M+S;https://agritires.eu/zdjecia-produktow/opony/NULL;0440000125820;Sava;AVANT MSS 2;315/80R22.5
360/70R24 Alliance 579 122A8 TL;https://agritires.eu/zdjecia-produktow/opony/1000_1612093.webp;8903635029045;Alliance;579;360/70R24
320/65R16 Alliance AGRISTAR II 117D TL;https://agritires.eu/zdjecia-produktow/opony/5ee32a0e876373541e5b9f3a995e78ca.webp;0440000127329;Alliance;AGRISTAR II;320/65R16
600/65R38 Alliance AGRISTAR II 159D TL;https://agritires.eu/zdjecia-produktow/opony/e06b07750cd054880d82906c0a53d457.webp;8903635056317;Alliance;AGRISTAR II;600/65R38
380/105R50 Alliance AGRISTAR II RC 168D/165E TL;https://agritires.eu/zdjecia-produktow/opony/1f37109a2accb26e6271b0913efd2c45.webp;8903635066606;Alliance;AGRISTAR II RC;380/105R50
385/65R22.5 Michelin X MULTI Z+ AS 160K 3PMSF M+S;https://agritires.eu/zdjecia-produktow/opony/NULL;3528704344352;Michelin;X MULTI Z+ AS;385/65R22.5
23.5R25 Trelleborg EMR 1050 201A2 TL;https://agritires.eu/zdjecia-produktow/opony/d01745e5d0a8d77fbe1ada11b24d76e2.webp;0440000083281;Trelleborg;EMR 1050;23.5R25
VF500/60R22.5 Alliance Agriflex 389 + 160D TL;https://agritires.eu/zdjecia-produktow/opony/NULL;8903635056843;Alliance;Agriflex 389 +;500/60R22.5
600/55-22.5 Alliance 328 XP 162D 16PR TL;https://agritires.eu/zdjecia-produktow/opony/c058a90faa943b1da6b84d6d1e584a11.webp;8903635058403;Alliance;328 XP;600/55-22.5
900/65R46 Bridgestone VT TRACTOR 193D/190E TL;https://agritires.eu/zdjecia-produktow/opony/NULL;3286342804910;Bridgestone;VT TRACTOR;900/65R46
385/55R22.5 Kumho KXT31 160K 3PMSF M+S;https://agritires.eu/zdjecia-produktow/opony/NULL;0440000120443;Kumho;KXT31;385/55R22.5
8.25-15 JK Tyre ST-02 PREMIUM;https://agritires.eu/zdjecia-produktow/opony/NULL;0440000127510;JK Tyre;ST-02 PREMIUM;8.25-15
6.50-10 JK Tyre ST-02 PREMIUM;https://agritires.eu/zdjecia-produktow/opony/NULL;0440000127503;JK Tyre;ST-02 PREMIUM;6.50-10
6.00-9 JK Tyre ST-01 STANDARD;https://agritires.eu/zdjecia-produktow/opony/NULL;0440000127497;JK Tyre;ST-01 STANDARD;6.00-9
28x9-15 JK Tyre ST-01 PREMIUM;https://agritires.eu/zdjecia-produktow/opony/NULL;0440000127466;JK Tyre;ST-01 PREMIUM;28x9-15
250-15 JK Tyre ST-02 PREMIUM;https://agritires.eu/zdjecia-produktow/opony/NULL;0440000127442;JK Tyre;ST-02 PREMIUM;250-15
21x8-9 JK Tyre ST-02 PREMIUM;https://agritires.eu/zdjecia-produktow/opony/NULL;0440000127435;JK Tyre;ST-02 PREMIUM;21x8-9
385/55R22.5 Bridgestone RS2 DURAVIS 160K/158L FRONT;https://agritires.eu/zdjecia-produktow/opony/776b79284a8d92feb49c726ec680c867.webp;3286341694017;Bridgestone;RS2 DURAVIS;385/55R22.5
245/70R19.5 Bridgestone U-AP002 136L 3PMSF;https://agritires.eu/zdjecia-produktow/opony/d93f531e2b5e8b734c62e4d6c753ca14.webp;3286341681611;Bridgestone;U-AP002;245/70R19.5
16.9R34 JK Tyre AGRI KING 85 142B TL;https://agritires.eu/zdjecia-produktow/opony/NULL;0440000122584;JK Tyre;AGRI KING 85;16.9R34
16.9R30 JK Tyre AGRI KING 85 TORNEL 140B TL;https://agritires.eu/zdjecia-produktow/opony/NULL;0440000127404;JK Tyre;AGRI KING 85 TORNEL;16.9R30
550/60-22.5 Mitas TR08 171A8 TL;https://agritires.eu/zdjecia-produktow/opony/2282_2381.webp;0440000124342;Mitas;TR08;550/60-22.5
385/65R22.5 Celestis CTH2 164K 3PMSF M+S;https://agritires.eu/zdjecia-produktow/opony/NULL;0440000118969;Celestis;CTH2;385/65R22.5
285/70R19.5 Bridgestone RS2 146M/144M 3PMSF FRONT;https://agritires.eu/zdjecia-produktow/opony/91ec1a50672145943a6be871121feba1.webp;3286341037517;Bridgestone;RS2;285/70R19.5
VF620/70R26 Alliance Agriflex 372 + 173D TL;https://agritires.eu/zdjecia-produktow/opony/43d97bb4bcc47c2e6f91b27f3ab9d7c9.webp;0440000128203;Alliance;Agriflex 372 +;620/70R26
18.4-26 GRI GRIP EX R410 16PR R-4 TL;https://agritires.eu/zdjecia-produktow/opony/037b9ff4eabcb7bad6879c1cd0033d41.webp;4792290040267;GRI;GRIP EX R410;18.4-26
18.4-26 GRI GRIP EX R410 14PR R-4 TL;https://agritires.eu/zdjecia-produktow/opony/c6d9efda4ffae209cad0f77cae49aa54.webp;4792290039698;GRI;GRIP EX R410;18.4-26
480/70R28 GRI GREEN XLR 70 145D R-1W TL;https://agritires.eu/zdjecia-produktow/opony/99e33b2543f04f853ab4dd9305a01cf1.webp;4792290034440;GRI;GREEN XLR 70;480/70R28
600/70R28 GRI GREEN XLR 70 157D/160A8 R-1W TL;https://agritires.eu/zdjecia-produktow/opony/99e33b2543f04f853ab4dd9305a01cf1.webp;4792290043480;GRI;GREEN XLR 70;600/70R28
230/95R36 GRI GREEN XLR 95 130D/133A8 R-1W TL;https://agritires.eu/zdjecia-produktow/opony/ee6c69b88f95e388536059266cd5db98.webp;4792290043824;GRI;GREEN XLR 95;230/95R36
340/85R48 GRI GREEN XLR 95 152D R-1 TL;https://agritires.eu/zdjecia-produktow/opony/ee6c69b88f95e388536059266cd5db98.webp;4792290042223;GRI;GREEN XLR 95;340/85R48
320/85R28 GRI GREEN XLR 85 124D R-1W TL;https://agritires.eu/zdjecia-produktow/opony/42d7e51b2f59e250fdaeb48e39d79f37.webp;4792290041844;GRI;GREEN XLR 85;320/85R28
550/60-22.5 GRI GREEN EX FL700 SR 16PR I-3 TL;https://agritires.eu/zdjecia-produktow/opony/9c6b1ccbb150409b2281a9591f93899c.webp;4792290039322;GRI;GREEN EX FL700 SR;550/60-22.5
3.00-4 Trelleborg T530 6PR TT;;8059971018813;Trelleborg;T530;3.00-4
500/55-20 Trelleborg AW309 150A8 TL;https://agritires.eu/zdjecia-produktow/opony/31460443c5d713f366df4f31b458a522.webp;8059971030402;Trelleborg;AW309;500/55-20
480/45-17 Trelleborg AW309 150A8 TL;https://agritires.eu/zdjecia-produktow/opony/31460443c5d713f366df4f31b458a522.webp;8059971030426;Trelleborg;AW309;480/45-17
380/55-17 Trelleborg AW309 138A8 TL;https://agritires.eu/zdjecia-produktow/opony/31460443c5d713f366df4f31b458a522.webp;8059971030419;Trelleborg;AW309;380/55-17
VF800/60R32 Trelleborg HF1000 191D TL;https://agritires.eu/zdjecia-produktow/opony/975e21e74c32bbfe1768ff3a11b6f67c.webp;8059971029635;Trelleborg;1000;800/60R32
VF850/50R30.5 Trelleborg HF1000 188D TL;;8059971033014;Trelleborg;1000;850/50R30.5
VF800/45R30.5 Trelleborg HF1000 181D TL;;8059971046458;Trelleborg;1000;800/45R30.5
VF750/60R30.5 Trelleborg HF1000 187D TL;;8059971029628;Trelleborg;1000;750/60R30.5
480/80R26 Trelleborg TH500 167A8/167B TL;https://agritires.eu/zdjecia-produktow/opony/1481_1559.webp;8059971070248;Trelleborg;TH500;480/80R26
400/70R20 Trelleborg TH500 149A8/149B TL;https://agritires.eu/zdjecia-produktow/opony/1481_1559.webp;8059971032239;Trelleborg;TH500;400/70R20
VF750/60R46 CFO Trelleborg TM3000 189D/186E TL;;8059971070057;Trelleborg;TM3000;750/60R46
VF900/60R32 CFO Trelleborg TM3000 193D/190E TL;;8059971033458;Trelleborg;TM3000;900/60R32
VF1050/50R32 Trelleborg TM3000 198D TL;https://agritires.eu/zdjecia-produktow/opony/ddd4d25e270e26c5c57efc1e8269f60c.webp;8059971019223;Trelleborg;TM3000;1050/50R32
VF1250/50R32 CFO Trelleborg TM3000 207D/204E TL;;8059971074482;Trelleborg;TM3000;1250/50R32
VF850/45R26 CFO Trelleborg TM3000 172D/169E TL;;8059971071580;Trelleborg;TM3000;850/45R26
VF1000/50R25 Trelleborg TM3000 184D TL;https://agritires.eu/zdjecia-produktow/opony/ddd4d25e270e26c5c57efc1e8269f60c.webp;8059971019216;Trelleborg;TM3000;1000/50R25
380/90R54 Trelleborg TM100 152A8/152B TL;https://agritires.eu/zdjecia-produktow/opony/03dac3ae7cbaee7a2627e994f760ea52.webp;8059971031010;Trelleborg;TM100;380/90R54
VF380/105R54 CFO Trelleborg TM150 178D TL;https://agritires.eu/zdjecia-produktow/opony/919db1e48857b158a07a7cba03b3b40b.webp;8059971033908;Trelleborg;TM150;380/105R54
300/95R52 Trelleborg TM100 151A8/151B TL;https://agritires.eu/zdjecia-produktow/opony/03dac3ae7cbaee7a2627e994f760ea52.webp;8059971031027;Trelleborg;TM100;300/95R52
VF520/85R50 CFO Trelleborg TM150 177D TL;https://agritires.eu/zdjecia-produktow/opony/919db1e48857b158a07a7cba03b3b40b.webp;8059971033878;Trelleborg;TM150;520/85R50
VF480/80R50 CFO Trelleborg TM150 179D TL;https://agritires.eu/zdjecia-produktow/opony/919db1e48857b158a07a7cba03b3b40b.webp;8059971033816;Trelleborg;TM150;480/80R50
380/90R50 Trelleborg TM100 151A8/151B TL;https://agritires.eu/zdjecia-produktow/opony/03dac3ae7cbaee7a2627e994f760ea52.webp;8059971031003;Trelleborg;TM100;380/90R50
VF380/105R50 CFO Trelleborg TM150 179D TL;https://agritires.eu/zdjecia-produktow/opony/919db1e48857b158a07a7cba03b3b40b.webp;8059971033786;Trelleborg;TM150;380/105R50
VF320/90R50 CFO Trelleborg TM150 169D TL;https://agritires.eu/zdjecia-produktow/opony/919db1e48857b158a07a7cba03b3b40b.webp;8059971033724;Trelleborg;TM150;320/90R50
270/95R48 Trelleborg TM100 144A8/144B TL;https://agritires.eu/zdjecia-produktow/opony/03dac3ae7cbaee7a2627e994f760ea52.webp;8059971030990;Trelleborg;TM100;270/95R48
230/95R48 Trelleborg TM100 136A8/136B TL;https://agritires.eu/zdjecia-produktow/opony/03dac3ae7cbaee7a2627e994f760ea52.webp;8059971030921;Trelleborg;TM100;230/95R48
VF520/85R46 CFO Trelleborg TM150 173D TL;https://agritires.eu/zdjecia-produktow/opony/919db1e48857b158a07a7cba03b3b40b.webp;8059971033663;Trelleborg;TM150;520/85R46
VF480/80R46 CFO Trelleborg TM150 177D TL;https://agritires.eu/zdjecia-produktow/opony/919db1e48857b158a07a7cba03b3b40b.webp;8059971033694;Trelleborg;TM150;480/80R46
VF380/105R46 CFO Trelleborg TM150 178D TL;https://agritires.eu/zdjecia-produktow/opony/919db1e48857b158a07a7cba03b3b40b.webp;8059971070033;Trelleborg;TM150;380/105R46
VF380/90R46 CFO Trelleborg TM150 173D TL;https://agritires.eu/zdjecia-produktow/opony/919db1e48857b158a07a7cba03b3b40b.webp;8059971054446;Trelleborg;TM150;380/90R46
300/95R46 Trelleborg TM100 148A8/148B TL;https://agritires.eu/zdjecia-produktow/opony/03dac3ae7cbaee7a2627e994f760ea52.webp;8059971030983;Trelleborg;TM100;300/95R46
270/95R44 Trelleborg TM100 142A8/142B TL;https://agritires.eu/zdjecia-produktow/opony/03dac3ae7cbaee7a2627e994f760ea52.webp;8059971030914;Trelleborg;TM100;270/95R44
230/95R44 Trelleborg TM100 134A8/134B TL;https://agritires.eu/zdjecia-produktow/opony/03dac3ae7cbaee7a2627e994f760ea52.webp;8059971030976;Trelleborg;TM100;230/95R44
210/95R44 Trelleborg TM100 120A8/120B TL;https://agritires.eu/zdjecia-produktow/opony/03dac3ae7cbaee7a2627e994f760ea52.webp;8059971030969;Trelleborg;TM100;210/95R44
230/95R36 Trelleborg TM100 130A8/130B TL;https://agritires.eu/zdjecia-produktow/opony/03dac3ae7cbaee7a2627e994f760ea52.webp;8059971030952;Trelleborg;TM100;230/95R36
270/95R32 Trelleborg TM100 136A8/136B TL;https://agritires.eu/zdjecia-produktow/opony/03dac3ae7cbaee7a2627e994f760ea52.webp;8059971030945;Trelleborg;TM100;270/95R32
230/95R32 Trelleborg TM100 128A8/128B TL;https://agritires.eu/zdjecia-produktow/opony/03dac3ae7cbaee7a2627e994f760ea52.webp;8059971030938;Trelleborg;TM100;230/95R32
VF480/65R28 Trelleborg PneuTrac 148A8/148B TL;;8059971024852;Trelleborg;PneuTrac;480/65R28
VF420/70R28 Trelleborg PneuTrac 145A8/145B TL;;8059971028294;Trelleborg;PneuTrac;420/70R28
VF380/70R24 Trelleborg PneuTrac 137A8/137B TL;;8059971030013;Trelleborg;PneuTrac;380/70R24
VF280/70R20 Trelleborg PneuTrac 118A8/118B TL;;8059971028287;Trelleborg;PneuTrac;280/70R20
VF280/70R18 Trelleborg PneuTrac 116A8/116B TL;;8059971027280;Trelleborg;PneuTrac;280/70R18
VF260/70R16 Trelleborg PneuTrac 110A8/110B TL;;8059971030006;Trelleborg;PneuTrac;260/70R16
VF480/80R50 CFO Trelleborg TM1000 PT 166D TL;https://agritires.eu/zdjecia-produktow/opony/1ef99c64a61307ae8169a5d312183d4b.webp;8059971034462;Trelleborg;TM1000 PT;480/80R50
VF900/65R46 CFO Trelleborg TM1000 PT 193D/190E TL;https://agritires.eu/zdjecia-produktow/opony/1ef99c64a61307ae8169a5d312183d4b.webp;8059971034097;Trelleborg;TM1000 PT;900/65R46
VF750/75R46 CFO Trelleborg TM1000 PT 189D/186E TL;https://agritires.eu/zdjecia-produktow/opony/1ef99c64a61307ae8169a5d312183d4b.webp;8059971034257;Trelleborg;TM1000 PT;750/75R46
IF710/65R46 Trelleborg TM1000HP 183D TL;https://agritires.eu/zdjecia-produktow/opony/24e6337b2f42ca0ceb1febead75df10e.webp;8059971015690;Trelleborg;TM1000HP;710/65R46
VF380/85R46 CFO Trelleborg TM1000 PT 162D/159E TL;https://agritires.eu/zdjecia-produktow/opony/1ef99c64a61307ae8169a5d312183d4b.webp;8059971034448;Trelleborg;TM1000 PT;380/85R46
VF750/70R44 CFO Trelleborg TM1000 PT 186D/183E TL;https://agritires.eu/zdjecia-produktow/opony/1ef99c64a61307ae8169a5d312183d4b.webp;8059971032994;Trelleborg;TM1000 PT;750/70R44
VF900/60R42 CFO Trelleborg TM1000 PT 189D/186E TL;https://agritires.eu/zdjecia-produktow/opony/1ef99c64a61307ae8169a5d312183d4b.webp;8059971034035;Trelleborg;TM1000 PT;900/60R42
710/75R42 Trelleborg TM900 PT 175D/172E TL;;8059971052398;Trelleborg;TM900 PT;710/75R42
VF710/75R42 CFO Trelleborg TM1000 PT 184D/181E TL;https://agritires.eu/zdjecia-produktow/opony/1ef99c64a61307ae8169a5d312183d4b.webp;8059971034363;Trelleborg;TM1000 PT;710/75R42
VF710/70R42 CFO Trelleborg TM1000 PT 182D/179E TL;https://agritires.eu/zdjecia-produktow/opony/1ef99c64a61307ae8169a5d312183d4b.webp;8059971034059;Trelleborg;TM1000 PT;710/70R42
VF650/85R42 CFO Trelleborg TM1000 PT 183D/180E TL;https://agritires.eu/zdjecia-produktow/opony/1ef99c64a61307ae8169a5d312183d4b.webp;8059971034479;Trelleborg;TM1000 PT;650/85R42
VF650/75R42 CFO Trelleborg TM1000 PT 180D/177E TL;https://agritires.eu/zdjecia-produktow/opony/1ef99c64a61307ae8169a5d312183d4b.webp;8059971034349;Trelleborg;TM1000 PT;650/75R42
VF650/65R42 CFO Trelleborg TM1000 PT 174D/171E TL;https://agritires.eu/zdjecia-produktow/opony/1ef99c64a61307ae8169a5d312183d4b.webp;8059971047431;Trelleborg;TM1000 PT;650/65R42
VF650/60R42 CFO Trelleborg TM1060 168D TL;https://agritires.eu/zdjecia-produktow/opony/6214f20dd3e0d11012bdc991cfe4627a.webp;8059971047547;Trelleborg;TM1060;650/60R42
520/85R42 Trelleborg TM600 157A8/157B TL;https://agritires.eu/zdjecia-produktow/opony/9795dbe73196a530a8ee63b46eba75bb.webp;8059971008746;Trelleborg;TM600;520/85R42
520/85R42 Trelleborg TM600 162A8/162B TL;https://agritires.eu/zdjecia-produktow/opony/9795dbe73196a530a8ee63b46eba75bb.webp;8059971033205;Trelleborg;TM600;520/85R42
480/80R42 Trelleborg TM600 151A8/151B TL;https://agritires.eu/zdjecia-produktow/opony/9795dbe73196a530a8ee63b46eba75bb.webp;8059971008715;Trelleborg;TM600;480/80R42
VF800/70R38 Trelleborg TM1000 PT 184D TL;https://agritires.eu/zdjecia-produktow/opony/1ef99c64a61307ae8169a5d312183d4b.webp;8059971071498;Trelleborg;TM1000 PT;800/70R38
VF800/70R38 Trelleborg TM1000 PT 187D TL;https://agritires.eu/zdjecia-produktow/opony/1ef99c64a61307ae8169a5d312183d4b.webp;8059971047622;Trelleborg;TM1000 PT;800/70R38
710/70R38 Trelleborg TM800 171D TL;https://agritires.eu/zdjecia-produktow/opony/7f43e7ae9027a9895a3bfde9fdafb86f.webp;8059971033144;Trelleborg;TM800;710/70R38
710/70R38 Trelleborg TM800 PT 166D TL;https://agritires.eu/zdjecia-produktow/opony/0e84f55045c63f37e9a1b845fae42bf9.webp;8059971047417;Trelleborg;TM800 PT;710/70R38
710/70R38 Trelleborg TM800 PT HS 171D/168E TL;;8059971071047;Trelleborg;TM800 PT HS;710/70R38
VF710/70R38 CFO Trelleborg TM800 PF 178D TL;;8059971034134;Trelleborg;TM800 PF;710/70R38
VF710/60R38 CFO Trelleborg TM1000 PT 174D TL;https://agritires.eu/zdjecia-produktow/opony/1ef99c64a61307ae8169a5d312183d4b.webp;8059971034196;Trelleborg;TM1000 PT;710/60R38
650/85R38 Trelleborg TM900 PT 173D/170E TL;;8059971052374;Trelleborg;TM900 PT;650/85R38
VF650/85R38 CFO Trelleborg TM1000 PT 182D/179E TL;https://agritires.eu/zdjecia-produktow/opony/1ef99c64a61307ae8169a5d312183d4b.webp;8059971034370;Trelleborg;TM1000 PT;650/85R38
VF650/65R38 CFO Trelleborg TM800 PF 169D TL;;8059971033939;Trelleborg;TM800 PF;650/65R38
VF650/65R38 CFO Trelleborg TM1000 PT 172D/169E TL;https://agritires.eu/zdjecia-produktow/opony/1ef99c64a61307ae8169a5d312183d4b.webp;8059971034325;Trelleborg;TM1000 PT;650/65R38
VF650/60R38 CFO Trelleborg TM1000 PT 170D/167E TL;https://agritires.eu/zdjecia-produktow/opony/1ef99c64a61307ae8169a5d312183d4b.webp;8059971032956;Trelleborg;TM1000 PT;650/60R38
600/65R38 Trelleborg TM800 PT 153D TL;https://agritires.eu/zdjecia-produktow/opony/0e84f55045c63f37e9a1b845fae42bf9.webp;8059971047479;Trelleborg;TM800 PT;600/65R38
VF600/65R38 CFO Trelleborg TM800 PF 164D TL;;8059971034172;Trelleborg;TM800 PF;600/65R38
520/85R38 Trelleborg TM600 PT 155A8/152B TL;;8059971071283;Trelleborg;TM600 PT;520/85R38
480/80R38 Trelleborg TM600 PT 149A8/149B TL;;8059971071238;Trelleborg;TM600 PT;480/80R38
460/85R38 Trelleborg MARSHLAND 149A8/149B TL;https://agritires.eu/zdjecia-produktow/opony/82d2b50e77c9a0ed7db3bbcfc5f2e43f.webp;8059971032154;Trelleborg;MARSHLAND;460/85R38
420/85R38 Trelleborg MARSHLAND 144A8/144B TL;https://agritires.eu/zdjecia-produktow/opony/82d2b50e77c9a0ed7db3bbcfc5f2e43f.webp;8059971032130;Trelleborg;MARSHLAND;420/85R38
380/95R38 Trelleborg TM600 PT 147A8/147B TL;;8059971047769;Trelleborg;TM600 PT;380/95R38
380/85R38 Trelleborg MARSHLAND 139A8/139B TL;https://agritires.eu/zdjecia-produktow/opony/82d2b50e77c9a0ed7db3bbcfc5f2e43f.webp;8059971032116;Trelleborg;MARSHLAND;380/85R38
340/85R36 Trelleborg TM600 132A8/128B TL;https://agritires.eu/zdjecia-produktow/opony/9795dbe73196a530a8ee63b46eba75bb.webp;8059971070224;Trelleborg;TM600;340/85R36
VF710/60R34 CFO Trelleborg TM1000 PT 173D/170E TL;https://agritires.eu/zdjecia-produktow/opony/1ef99c64a61307ae8169a5d312183d4b.webp;8059971034356;Trelleborg;TM1000 PT;710/60R34
VF710/55R34 CFO Trelleborg TM1000 PT 170D/167E TL;https://agritires.eu/zdjecia-produktow/opony/1ef99c64a61307ae8169a5d312183d4b.webp;8059971048223;Trelleborg;TM1000 PT;710/55R34
VF650/65R34 CFO Trelleborg TM1000 PT 170D/167E TL;https://agritires.eu/zdjecia-produktow/opony/1ef99c64a61307ae8169a5d312183d4b.webp;8059971034301;Trelleborg;TM1000 PT;650/65R34
VF650/60R34 CFO Trelleborg TM1000 PT 168D/165E TL;https://agritires.eu/zdjecia-produktow/opony/1ef99c64a61307ae8169a5d312183d4b.webp;8059971034295;Trelleborg;TM1000 PT;650/60R34
VF480/70R34 CFO Trelleborg TM1000 PT 158D TL;https://agritires.eu/zdjecia-produktow/opony/1ef99c64a61307ae8169a5d312183d4b.webp;8059971052060;Trelleborg;TM1000 PT;480/70R34
480/70R34 Trelleborg TM700 PT 155A8/155B TL;https://agritires.eu/zdjecia-produktow/opony/d700dffc66581a75f012d7b0edb087a9.webp;8059971072099;Trelleborg;TM700 PT;480/70R34
480/70R34 Trelleborg TM700 155A8/155B TL;https://agritires.eu/zdjecia-produktow/opony/a3a9ad80f9726943acdf768dd1df7b0e.webp;8059971029697;Trelleborg;TM700;480/70R34
480/70R34 Trelleborg TM700 PT 143A8/143B TL;https://agritires.eu/zdjecia-produktow/opony/d700dffc66581a75f012d7b0edb087a9.webp;8059971071894;Trelleborg;TM700 PT;480/70R34
480/70R34 Trelleborg TM700 143A8/143B TL;https://agritires.eu/zdjecia-produktow/opony/a3a9ad80f9726943acdf768dd1df7b0e.webp;8059971027884;Trelleborg;TM700;480/70R34
VF620/75R30 CFO Trelleborg TM1000 PT 172D/169E TL;https://agritires.eu/zdjecia-produktow/opony/1ef99c64a61307ae8169a5d312183d4b.webp;8059971051902;Trelleborg;TM1000 PT;620/75R30
VF600/70R30 CFO Trelleborg TM1000 PT 170D/167E TL;https://agritires.eu/zdjecia-produktow/opony/1ef99c64a61307ae8169a5d312183d4b.webp;8059971034073;Trelleborg;TM1000 PT;600/70R30
VF540/65R30 CFO Trelleborg TM1000 PT 158D/155E TL;https://agritires.eu/zdjecia-produktow/opony/1ef99c64a61307ae8169a5d312183d4b.webp;8059971034387;Trelleborg;TM1000 PT;540/65R30
480/70R30 Trelleborg TM1 ECOPOWER 147D TL;;8059971032697;Trelleborg;TM1 ECOPOWER;480/70R30
460/85R30 Trelleborg TM600 145A8/142B TL;https://agritires.eu/zdjecia-produktow/opony/9795dbe73196a530a8ee63b46eba75bb.webp;8059971008517;Trelleborg;TM600;460/85R30
420/85R30 Trelleborg TM600 140A8/137B TL;https://agritires.eu/zdjecia-produktow/opony/9795dbe73196a530a8ee63b46eba75bb.webp;8059971008487;Trelleborg;TM600;420/85R30
380/85R30 Trelleborg TM600 135A8/135B TL;https://agritires.eu/zdjecia-produktow/opony/9795dbe73196a530a8ee63b46eba75bb.webp;8059971030662;Trelleborg;TM600;380/85R30
380/85R30 Trelleborg TM600 PT 135A8/135B TL;;8059971073539;Trelleborg;TM600 PT;380/85R30
VF600/70R28 CFO Trelleborg TM1000 PT 167D/164E TL;https://agritires.eu/zdjecia-produktow/opony/1ef99c64a61307ae8169a5d312183d4b.webp;8059971048261;Trelleborg;TM1000 PT;600/70R28
600/65R28 Trelleborg TM800 PT HS 154D/151E TL;;8059971071023;Trelleborg;TM800 PT HS;600/65R28
600/65R28 Trelleborg TM800 PT 147D TL;https://agritires.eu/zdjecia-produktow/opony/0e84f55045c63f37e9a1b845fae42bf9.webp;8059971047493;Trelleborg;TM800 PT;600/65R28
VF600/65R28 CFO Trelleborg TM800 PF 159D TL;;8059971034158;Trelleborg;TM800 PF;600/65R28
540/65R28 Trelleborg TM800 PT HS 149D/146E TL;;8059971071061;Trelleborg;TM800 PT HS;540/65R28
VF540/65R28 CFO Trelleborg TM800 PF 154D TL;;8059971033953;Trelleborg;TM800 PF;540/65R28
480/70R28 Trelleborg TM700 PT 140D TL;https://agritires.eu/zdjecia-produktow/opony/d700dffc66581a75f012d7b0edb087a9.webp;8059971026030;Trelleborg;TM700 PT;480/70R28
480/65R28 Trelleborg TM800 PT 136D TL;https://agritires.eu/zdjecia-produktow/opony/0e84f55045c63f37e9a1b845fae42bf9.webp;8059971047455;Trelleborg;TM800 PT;480/65R28
VF480/65R28 CFO Trelleborg TM800 PF 148D TL;;8059971034110;Trelleborg;TM800 PF;480/65R28
VF480/60R28 Trelleborg TM1060 145D TL;https://agritires.eu/zdjecia-produktow/opony/6214f20dd3e0d11012bdc991cfe4627a.webp;8059971032215;Trelleborg;TM1060;480/60R28
VF440/65R28 Trelleborg TM200 PT 146A8/146B TL;;8059971048339;Trelleborg;TM200 PT;440/65R28
420/65R28 Trelleborg TM800 135D/138A8 TL;https://agritires.eu/zdjecia-produktow/opony/7f43e7ae9027a9895a3bfde9fdafb86f.webp;8059971047523;Trelleborg;TM800;420/65R28
380/70R28 Trelleborg TM700 PT 127D TL;https://agritires.eu/zdjecia-produktow/opony/d700dffc66581a75f012d7b0edb087a9.webp;8059971026016;Trelleborg;TM700 PT;380/70R28
540/65R24 Trelleborg TM800 PT 140D TL;https://agritires.eu/zdjecia-produktow/opony/0e84f55045c63f37e9a1b845fae42bf9.webp;8059971071658;Trelleborg;TM800 PT;540/65R24
540/65R24 Trelleborg TM800 PT 146A8 TL;https://agritires.eu/zdjecia-produktow/opony/0e84f55045c63f37e9a1b845fae42bf9.webp;8059971071610;Trelleborg;TM800 PT;540/65R24
VF440/65R24 Trelleborg TM200 PT 144A8/144B TL;;8059971048315;Trelleborg;TM200 PT;440/65R24
380/70R24 Trelleborg TM1 ECOPOWER 130D TL;;8059971032895;Trelleborg;TM1 ECOPOWER;380/70R24
380/70R24 Trelleborg TM700L 130A8/127B TL;;8059971009446;Trelleborg;TM700L;380/70R24
340/70R24 Trelleborg TM1 ECOPOWER 124D TL;;8059971032727;Trelleborg;TM1 ECOPOWER;340/70R24
445/65R22.5 Trelleborg MPT100 160G TL;;8059971030815;Trelleborg;MPT100;445/65R22.5
425/75R20 Trelleborg MPT100 158G TL;;8059971030792;Trelleborg;MPT100;425/75R20
405/70R20 Trelleborg MPT100 136G TL;;8059971030778;Trelleborg;MPT100;405/70R20
VF340/65R18 Trelleborg TM200 PT 130A8/130B TL;;8059971048292;Trelleborg;TM200 PT;340/65R18
VF320/65R16 Trelleborg TM200 PT 128A8/128B TL;;8059971048353;Trelleborg;TM200 PT;320/65R16
VF280/70R16 Trelleborg TM200 PT 120A8 TL;;8059971048377;Trelleborg;TM200 PT;280/70R16
280/70R16 Trelleborg TM1 ECOPOWER 112D TL;;8059971032314;Trelleborg;TM1 ECOPOWER;280/70R16
11.00-20 Boka Terra SKL800 148B 16PR TT;;4040658066757;Boka Terra;SKL800;11.00-20
23x10.50-12 Starco AS Loader 94A8/107A8 8PR TL;;5707562380216;Starco;AS Loader;23x10.50-12
27x8.50-15 Kenda K395 Power Grip 113A2 8PR TL;;5707562129488;Kenda;K395 Power Grip;27x8.50-15
26x12.00-12 Kenda K500 Super Turf 87A4/99A4 4PR TL;https://agritires.eu/zdjecia-produktow/opony/5551_5552.webp;5707562129426;Kenda;K500 Super Turf;26x12.00-12
26x12.00-12 Kenda K500 Super Turf 110A4/122A4 10PR TL;https://agritires.eu/zdjecia-produktow/opony/5551_5552.webp;5707562150970;Kenda;K500 Super Turf;26x12.00-12
24x12.00-12 Kenda K500 Super Turf 87A4/98A4 4PR TL;https://agritires.eu/zdjecia-produktow/opony/5551_5552.webp;5707562129150;Kenda;K500 Super Turf;24x12.00-12
6.00-12 Kenda K365 57A4/68A4 4PR TT;;5707562332062;Kenda;K365;6.00-12
20x10.00-10 Kenda K500 Super Turf 74A4/85A4 4PR TL;https://agritires.eu/zdjecia-produktow/opony/5551_5552.webp;5707562151076;Kenda;K500 Super Turf;20x10.00-10
20x10.00-10 Kenda K500 Super Turf 86A4/97A4 6PR TL;https://agritires.eu/zdjecia-produktow/opony/5551_5552.webp;5707562267937;Kenda;K500 Super Turf;20x10.00-10
20x10.00-8 Kenda K500 Super Turf 82A4/94A4 6PR TL;https://agritires.eu/zdjecia-produktow/opony/5551_5552.webp;5707562278513;Kenda;K500 Super Turf;20x10.00-8
18x9.50-8 Kenda K357 70A4/81A4 4PR TL;;5707562330082;Kenda;K357;18x9.50-8
18x8.50-8 Kenda K358 Turf Rider 69A4/81A4 6PR TL;;5707562532196;Kenda;K358 Turf Rider;18x8.50-8
16x7.50-8 Kenda K500 Super Turf 53A4/64A4 4PR TL;https://agritires.eu/zdjecia-produktow/opony/5551_5552.webp;5707562128306;Kenda;K500 Super Turf;16x7.50-8
8x3.00-4 Kenda K404 15A4/19A4 4PR TL;;5707562329345;Kenda;K404;8x3.00-4
4.00-12 Deli S-247 54A6/66A6 4PR TT;;8994242026657;Deli;S-247;4.00-12
10.0/80-12 Deli SG-316 120A8 10PR TL;;8994242015477;Deli;SG-316;10.0/80-12
5.00-8 Deli S-369 126A2/125A3 10PR TT;https://agritires.eu/zdjecia-produktow/opony/NULL;8994242026947;Deli;S-369;5.00-8
80/4.00-8 Deli S-379 71A4 6PR TT;https://agritires.eu/zdjecia-produktow/opony/NULL;8994242023205;Deli;S-379;80/4.00-8
80/4.00-8 Deli S-379 67A4 4PR TL;https://agritires.eu/zdjecia-produktow/opony/NULL;8994242027005;Deli;S-379;80/4.00-8
15x6.00-6 Deli S-365 58A6/70A6 6PR TT;;8994242027159;Deli;S-365;15x6.00-6
13x5.00-6 Deli S-365 40A6/52A6 4PR TL;;8994242006284;Deli;S-365;13x5.00-6
4.00-6 Deli S-379 57A4 4PR TT;https://agritires.eu/zdjecia-produktow/opony/NULL;8994242015736;Deli;S-379;4.00-6
680/85R32 Alliance Multistar 376 178A8 TL;https://agritires.eu/zdjecia-produktow/opony/41bfbeeb7f647019485703b0e5c63f2d.webp;7291050066297;Alliance;Multistar 376;680/85R32
320/85R34 Alliance 350 141A8 TL;https://agritires.eu/zdjecia-produktow/opony/1000_4428.webp;8903635021339;Alliance;350;320/85R34
12.4-32 Alliance Deep Lug 337 124A6 8PR TT;;8903635023098;Alliance;Deep Lug 337;12.4-32
700/50-26.5 Alliance Flotation 331 162A8/174A8 16PR TL;https://agritires.eu/zdjecia-produktow/opony/16a730adf673579e1eeee5f1f4492c03.webp;7291050042178;Alliance;Flotation 331;700/50-26.5
500/55-20 Alliance FarmPRO 327 143A8/155A8 12PR TL;https://agritires.eu/zdjecia-produktow/opony/425fe74c7e562e90b52980132e80f3a5.webp;8903635010227;Alliance;FarmPRO 327;500/55-20
16.9-28 CEAT Tyrock Super 152A8 12PR TL;;8906117624769;CEAT;Tyrock Super;16.9-28
VF380/90R54 CEAT Spraymax 176D SB TL;https://agritires.eu/zdjecia-produktow/opony/16abd7c7a38bd2c91a015b654153383f.webp;8906117626329;CEAT;Spraymax;380/90R54
710/70R42 CEAT Farmax R70 176A8/173D TL;https://agritires.eu/zdjecia-produktow/opony/c21d6fdd796a44aac6a0554c203424ff.webp;8906117625919;CEAT;Farmax R70;710/70R42
520/70R38 CEAT Farmax R70 153A8/150D TL;https://agritires.eu/zdjecia-produktow/opony/c6ccf0e75a8678dd17570b71980c31f5.webp;8906117626138;CEAT;Farmax R70;520/70R38
420/70R28 CEAT Farmax R70 136A8/133D TL;https://agritires.eu/zdjecia-produktow/opony/c6ccf0e75a8678dd17570b71980c31f5.webp;8906117626114;CEAT;Farmax R70;420/70R28
420/70R24 CEAT Farmax R70 133A8/130D TL;https://agritires.eu/zdjecia-produktow/opony/c6ccf0e75a8678dd17570b71980c31f5.webp;8906117626107;CEAT;Farmax R70;420/70R24
650/85R38 CEAT Farmax HPT 176A8/173D TL;https://agritires.eu/zdjecia-produktow/opony/b1d5cfdf2297d7a78a83a85fa877c83b.webp;8906117625872;CEAT;Farmax HPT;650/85R38
280/70R16 CEAT Farmax R70 112A8/112B TL;https://agritires.eu/zdjecia-produktow/opony/c21d6fdd796a44aac6a0554c203424ff.webp;8906117624325;CEAT;Farmax R70;280/70R16
520/85R42 CEAT Farmax R85 172A8/169D TL;https://agritires.eu/zdjecia-produktow/opony/6448296fc5d8b8abcafce240acbc6708.webp;8906117626077;CEAT;Farmax R85;520/85R42
380/85R28 CEAT Farmax R85 136A8/133D TL;https://agritires.eu/zdjecia-produktow/opony/af0b39debb5ddd8fae7b8a0114da2c7d.webp;8906117626145;CEAT;Farmax R85;380/85R28
650/85R38 CEAT Farmax HPT 173A8/170D TL;https://agritires.eu/zdjecia-produktow/opony/b1d5cfdf2297d7a78a83a85fa877c83b.webp;8906117625865;CEAT;Farmax HPT;650/85R38
270/95R46 CEAT Farmax RC 144A8/141D TL;https://agritires.eu/zdjecia-produktow/opony/d9d36dec74b0e5661c99ccb180f6941d.webp;8906117622215;CEAT;Farmax RC;270/95R46
340/85R48 CEAT Farmax RC 151A8/148D TL;https://agritires.eu/zdjecia-produktow/opony/097032e1df7fa9bdfc4fd70f288e9757.webp;8906117622307;CEAT;Farmax RC;340/85R48
230/95R40 CEAT Farmax RC 135A8/132D TL;https://agritires.eu/zdjecia-produktow/opony/d9d36dec74b0e5661c99ccb180f6941d.webp;8906117623199;CEAT;Farmax RC;230/95R40
650/75R32 CHO CEAT Yieldmax 172A8/172B TL;https://agritires.eu/zdjecia-produktow/opony/ec9bb5680936dc22c826642687b51d28.webp;8906117623274;CEAT;Yieldmax;650/75R32
18.4-38 CEAT Farmax 152A8 12PR TT;https://agritires.eu/zdjecia-produktow/opony/9a5630b343ef5381060fb43f931811b6.webp;8906117622635;CEAT;Farmax;18.4-38
15.5-38 CEAT Farmax 137A8 10PR TT;https://agritires.eu/zdjecia-produktow/opony/14f7ed9a18be73eff4a9e692c2599ae5.webp;8906117622598;CEAT;Farmax;15.5-38
7.50-18 CEAT Farmax F2 106A6/98A8 8PR TT;https://agritires.eu/zdjecia-produktow/opony/4e4f3f6fb38611788e4a43b43c1ca439.webp;8906117624080;CEAT;Farmax F2;7.50-18
6.50-16 CEAT Farmax F2 91A6 6PR TT;https://agritires.eu/zdjecia-produktow/opony/4e4f3f6fb38611788e4a43b43c1ca439.webp;8906117624066;CEAT;Farmax F2;6.50-16
6.00-16 CEAT Farmax F2 88A6 6PR TT;https://agritires.eu/zdjecia-produktow/opony/4e4f3f6fb38611788e4a43b43c1ca439.webp;8906117624059;CEAT;Farmax F2;6.00-16
560/60R22.5 CEAT Floatmax RT 165D SB TL;;8906117624462;CEAT;Floatmax RT;560/60R22.5
11.5/80-15.3 CEAT AWI 305 141A8 16PR TL;https://agritires.eu/zdjecia-produktow/opony/4a77cee32381e2d90a210a38a93c74b9.webp;8906117622734;CEAT;AWI 305;11.5/80-15.3
31x13.50-15 Carlstar Multi Trac C/S 123A4/114B 8PR TL;;5999110830896;Carlstar;Multi Trac C/S;31x13.50-15
18.5x8.5-8 Trailermaxx C834 78M 6PR TL;;6933882587762;Trailermaxx;C834;18.5x8.5-8
250-15 CEAT Eleveta X3 16PR TT;;8904288112665;CEAT;Eleveta X3;250-15
340/60R16.5 CEAT FARM IMPLEMENT 800R 133A8/145A8 SB TL;;8904288107616;CEAT;FARM IMPLEMENT 800R;340/60R16.5
12.4-36 CEAT Farmax R1 135A8 12PR TT;;8906117626510;CEAT;Farmax R1;12.4-36
18.4-26 CEAT Farmax R1 144A8 10PR TT;;8906117629252;CEAT;Farmax R1;18.4-26
9.5-22 CEAT Farmax R1 106A8 8PR TT;;8906117628392;CEAT;Farmax R1;9.5-22
VF380/105R54 CEAT Spraymax 180D SB TL;https://agritires.eu/zdjecia-produktow/opony/16abd7c7a38bd2c91a015b654153383f.webp;8904288110159;CEAT;Spraymax;380/105R54
320/90R46 Alliance Agristar II Row Crop 148D/145E TL;;8903635066798;Alliance;Agristar II Row Crop;320/90R46
230/95R36 Alliance Agristar II Row Crop 130D/127E TL;;8903635066651;Alliance;Agristar II Row Crop;230/95R36
VF380/105R50 CEAT Spraymax 179D SB TL;https://agritires.eu/zdjecia-produktow/opony/NULL;8906117629092;CEAT;Spraymax;380/105R50
650/50R22.5 CEAT Floatmax FT 163D SB TL;https://agritires.eu/zdjecia-produktow/opony/bf6e45f6faf94e4542e793ea351268c0.webp;8904288113563;CEAT;Floatmax FT;650/50R22.5
480/80R46 CEAT Farmax R80 161A8/158D TL;https://agritires.eu/zdjecia-produktow/opony/e36697c7b689850ef66afa7ec699c56d.webp;8904288112917;CEAT;Farmax R80;480/80R46
315/70R22.5 TURON FinalR Terra T61 148A7 TL;;4040658136788;TURON FinalR;Terra T61;315/70R22.5
650/65R42 CEAT Farmax R65 X3 170D TL;https://agritires.eu/zdjecia-produktow/opony/3a3a9fdee2614c6032ef6b457e284e0c.webp;8904288113686;CEAT;Farmax R65 X3;650/65R42
540/65R28 CEAT Farmax R65 X3 149D TL;https://agritires.eu/zdjecia-produktow/opony/57e4b45edc2ee3b363df94562ec15be4.webp;8904288113679;CEAT;Farmax R65 X3;540/65R28
240/70R16 CEAT Lawnmax 104A8/104B TL;;8904288112214;CEAT;Lawnmax;240/70R16
240/60R12 CEAT Lawnmax 89A8/89B TL;;8904288112153;CEAT;Lawnmax;240/60R12
600/40-22.5 Alliance Flotation 331 169A8/173A6 16PR TL;https://agritires.eu/zdjecia-produktow/opony/38030a490b446e94ff033c45c6d6ac98.webp;8903635031314;Alliance;Flotation 331;600/40-22.5
800/60R32 Alliance 590 185D SB TL;https://agritires.eu/zdjecia-produktow/opony/NULL;8903635057048;Alliance;590;800/60R32
30.5L-32 Alliance 590 181B SB TL;https://agritires.eu/zdjecia-produktow/opony/NULL;8903635069515;Alliance;590;30.5L-32
440/80R24 CEAT MULTILOADMAX 161A8/156D SB TL;https://agritires.eu/zdjecia-produktow/opony/d01cf0722ce086e916deba2889736d84.webp;8904288112399;CEAT;MULTILOADMAX;440/80R24
320/70R20 CEAT Lawnmax 113A8/113B TL;;8904288112245;CEAT;Lawnmax;320/70R20
360/70R24 CEAT Lawnmax 122A8/122B TL;;8904288110180;CEAT;Lawnmax;360/70R24
200/60R15 CEAT Lawnmax 83A8/83B TL;;8904288112177;CEAT;Lawnmax;200/60R15
215/65R14 CEAT Lawnmax 90A8/90B TL;;8904288112160;CEAT;Lawnmax;215/65R14
1050/50R32 CEAT Yieldmax 184A8/184B SB TL;https://agritires.eu/zdjecia-produktow/opony/NULL;8904288110197;CEAT;Yieldmax;1050/50R32
340/80R18 CEAT Loadpro 143A8/143B TL;;8906117629153;CEAT;Loadpro;340/80R18
800/40-26.5 Alliance Forestar 644 III 183A2/176A8 24PR SB TL;https://agritires.eu/zdjecia-produktow/opony/d2637a12758fa8417c822cfbc939c253.webp;8903635047780;Alliance;Forestar 644 III;800/40-26.5
8.25-20 Turon TerraClassic SKL800 133B 14PR TT;;4040658127502;Turon;TerraClassic SKL800;8.25-20
480/80R34 CEAT MULTILOADMAX 164A8/159D SB TL;;8904288110401;CEAT;MULTILOADMAX;480/80R34
VF650/65R38 NRO CEAT Torquemax 175D SB TL;https://agritires.eu/zdjecia-produktow/opony/5f07cf74199f5e40f89ce4cd7da67b83.webp;8906117629078;CEAT;Torquemax;650/65R38
10.00-20 CEAT Grip Master EX 146B 16PR TT;;8904288114652;CEAT;Grip Master EX;10.00-20
VF900/50R42 Alliance Agriflex 372 + 180D SB TL;https://agritires.eu/zdjecia-produktow/opony/2d6db5a05ef74581c20fe79dd0424430.webp;8903635047025;Alliance;Agriflex 372 +;900/50R42
VF650/60R38 CEAT Torquemax 173D SB TL;https://agritires.eu/zdjecia-produktow/opony/5f07cf74199f5e40f89ce4cd7da67b83.webp;8904288107814;CEAT;Torquemax;650/60R38
28L-26 CEAT Floatmax Cargo Plus 176D SB TL;https://agritires.eu/zdjecia-produktow/opony/NULL;8906117629610;CEAT;Floatmax Cargo Plus;28L-26
440/80R28 CEAT Loadpro 156A8/156B SB TL;https://agritires.eu/zdjecia-produktow/opony/b6cacc6004b138d7873aef70b4f9392a.webp;8906117626947;CEAT;Loadpro;440/80R28
10.00-20 CEAT Grip Master EX 146B 16PR TT;;8904288114652;CEAT;Grip Master EX;10.00-20
340/85R38 CEAT Farmax R85 136A8/133D TL;https://agritires.eu/zdjecia-produktow/opony/NULL;8904288106770;CEAT;Farmax R85;340/85R38
380/90R50 Alliance 350 161A8/158D TL;https://agritires.eu/zdjecia-produktow/opony/1000_4428.webp;8903635046653;Alliance;350;380/90R50
380/85R34 CEAT Farmax R85 140A8/137D TL;https://agritires.eu/zdjecia-produktow/opony/NULL;8904288105506;CEAT;Farmax R85;380/85R34
340/85R28 CEAT Farmax R85 130A8/127D TL;https://agritires.eu/zdjecia-produktow/opony/af0b39debb5ddd8fae7b8a0114da2c7d.webp;8904288106435;CEAT;Farmax R85;340/85R28
480/70R38 CEAT Farmax R70 148A8/145D TL;https://agritires.eu/zdjecia-produktow/opony/c21d6fdd796a44aac6a0554c203424ff.webp;8904288105544;CEAT;Farmax R70;480/70R38
340/85R38 CEAT Farmax R85 151A8/148D TL;https://agritires.eu/zdjecia-produktow/opony/6448296fc5d8b8abcafce240acbc6708.webp;8904288106756;CEAT;Farmax R85;340/85R38
400/75R38 CEAT Farmax R75 141A8/138D TL;;8904288105223;CEAT;Farmax R75;400/75R38
VF900/60R42 Alliance Agriflex 372 + 189D SB TL;https://agritires.eu/zdjecia-produktow/opony/1000_1400264.webp;8903635047032;Alliance;Agriflex 372 +;900/60R42
650/55R26.5 CEAT Floatmax FT 178D SB TL;https://agritires.eu/zdjecia-produktow/opony/bf6e45f6faf94e4542e793ea351268c0.webp;8906117628040;CEAT;Floatmax FT;650/55R26.5
440/80-24 CEAT Loadpro 168A8 TL;https://agritires.eu/zdjecia-produktow/opony/cde54ef21f91e11a46e86d3b75dca38c.webp;8906117624783;CEAT;Loadpro;440/80-24
16.9-28 CEAT Tyrock Super 155A8 14PR TL;;8906117627029;CEAT;Tyrock Super;16.9-28
8.25-15 CEAT Eleveta 152A5 16PR TT;;8906117627142;CEAT;Eleveta;8.25-15
6.50-16 CEAT Farmax X3 TF 98A6 8PR TT;;8906117628590;CEAT;Farmax X3 TF;6.50-16
210/95R36 CEAT Farmax RC 121A8/118D TL;https://agritires.eu/zdjecia-produktow/opony/d9d36dec74b0e5661c99ccb180f6941d.webp;8906117626725;CEAT;Farmax RC;210/95R36
210/95R44 CEAT Farmax RC 123A8/120D TL;https://agritires.eu/zdjecia-produktow/opony/d9d36dec74b0e5661c99ccb180f6941d.webp;8906117626770;CEAT;Farmax RC;210/95R44
320/90R46 CEAT Farmax RC 149A8/146D TL;https://agritires.eu/zdjecia-produktow/opony/d9d36dec74b0e5661c99ccb180f6941d.webp;8906117626787;CEAT;Farmax RC;320/90R46
10.0/75-15.3 CEAT MPT 808 118A8/130A8 14PR TL;;8906117627524;CEAT;MPT 808;10.0/75-15.3
14.5-20 CEAT MPT 808 143B 14PR TL;;8906117627593;CEAT;MPT 808;14.5-20
12.5-20 CEAT MPT 808 140B 12PR TL;;8906117627586;CEAT;MPT 808;12.5-20
29.5-29 NOKIAN Mine King L-5S 40PR TL;https://agritires.eu/zdjecia-produktow/opony/b91f4540d6c07a9a9140190926d6bc26.webp;6419440455464;NOKIAN;Mine King L-5S;29.5-29
26.5-25 NOKIAN Mine King L-5S 36PR TL;https://agritires.eu/zdjecia-produktow/opony/b91f4540d6c07a9a9140190926d6bc26.webp;6419440455464;NOKIAN;Mine King L-5S;26.5-25
17.5-25 NOKIAN Mine King L-5S 34PR TL;https://agritires.eu/zdjecia-produktow/opony/b91f4540d6c07a9a9140190926d6bc26.webp;6419440455808;NOKIAN;Mine King L-5S;17.5-25
17.5-25 NOKIAN Mine King L-5S 24PR TL;https://agritires.eu/zdjecia-produktow/opony/b91f4540d6c07a9a9140190926d6bc26.webp;6419440455402;NOKIAN;Mine King L-5S;17.5-25
26.5-26 NOKIAN Mine L-3S 36PR TL;https://agritires.eu/zdjecia-produktow/opony/0dd778a801e46368ffcb7276c337c1af.webp;6419440455228;NOKIAN;Mine L-3S;26.5-26
24.5-32 NOKIAN Logger King TRS-2 TL SF 20PR TL;https://agritires.eu/zdjecia-produktow/opony/464b076d2ff6e348b1f099bc2e3e0d76.webp;6419440219714;NOKIAN;Logger King TRS-2 TL;24.5-32
23.1-26 NOKIAN Logger King TRS-2 TL SF 16PR TL;https://agritires.eu/zdjecia-produktow/opony/464b076d2ff6e348b1f099bc2e3e0d76.webp;6419440231099;NOKIAN;Logger King TRS-2 TL;23.1-26
480/70R28 Vredestein TRAXION70 140D TL;https://agritires.eu/zdjecia-produktow/opony/5750912d8e383275fd1be2128cf2adde.webp;8714692360756;Vredestein;TRAXION70;480/70R28
460/85R34 MRL FARM SUPER 85 RRT 885 147A8/147B TL;https://agritires.eu/zdjecia-produktow/opony/f2151eebf6dcb08349084f93209fe3f7.webp;8907375028689;MRL;FARM SUPER 85 RRT 885;460/85R34
240/70R16 Alliance 579 104A8/104B;https://agritires.eu/zdjecia-produktow/opony/1000_1612093.webp;0440000123093;Alliance;579;240/70R16
