10000085;8906117626978;CEAT;Opona VF 650 / 65 R 42 NRO, Torquemax;174 D, TL, Steel Belted;CEAT;1;5704,79;10,00;0,00;
10000104;8903635049562;Alliance;Opona 360 / 70 R 28, Agri Star II;125 D, TL;Alliance;1;1150,80;6,00;0,00;
10000105;8903635049586;Alliance;Opona 250 / 85 R 24, Agri Star II;109 D, TL;Alliance;1;603,60;6,00;0,00;
10000119;8906117628538;CEAT;Opona VF 650 / 65 R 34, Torquemax;170 D, TL, Steel Belted;CEAT;1;5493,50;10,00;0,00;
10000133;8903635049623;Alliance;Opona 320 / 85 R 34, Agri Star II;133 D, TL;Alliance;1;1244,21;6,00;0,00;
10000147;8903635049548;Alliance;Opona 580 / 70 R 42, Agri Star II;158 D, TL;Alliance;1;7770,00;6,00;0,00;
10000149;8903635049531;Alliance;Opona 260 / 70 R 20, Agri Star II;113 D, TL;Alliance;1;740,00;2,00;0,00;
10000151;8903635049616;Alliance;Opona 420 / 80 R 46, Agri Star II;159 D, TL;Alliance;1;3922,00;4,00;0,00;
10000253;8906117627586;CEAT;Opona 12.5 - 20, MPT 808;12 PR, 140 B, TL;CEAT;1;845,15;4,00;0,00;
10000254;8906117627593;CEAT;Opona 14.5 - 20, MPT 808;14 PR, 143 B, TL;CEAT;1;1183,22;2,00;0,00;
10000255;8906117627524;CEAT;Opona 10.0 / 75 - 15.3, MPT 808;14 PR, 118 A8 / 130 A8, TL;CEAT;1;359,19;10,00;0,00;
10000284;8906117628682;CEAT;Opona 710 / 45 R 22.5, Floatmax FT;165 D, TL, Steel Belted;CEAT;1;2746,75;10,00;0,00;
10000289;8906117626787;CEAT;Opona 320 / 90 R 46, Farmax RC;149 A8 / 146 D, TL;CEAT;1;2535,24;2,00;0,00;
10000303;8906117626770;CEAT;Opona 210 / 95 R 44, Farmax RC;123 A8 / 120 D, TL;CEAT;1;1352,25;8,00;0,00;
10000304;8906117626725;CEAT;Opona 210 / 95 R 36, Farmax RC;121 A8 / 118 D, TL;(8.3R36), CEAT;1;1309,99;6,00;0,00;
10000312;8906117627906;CEAT;Opona VF 800 / 70 R 38, Torquemax;187 D, TL, Steel Belted;CEAT;1;9930,56;10,00;0,00;
10000322;8906117628606;CEAT;Opona 7.50 - 20, Farmax X3 TF;8 PR, 109 A6, TT;CEAT;1;376,09;4,00;0,00;
10000324;8906117628569;CEAT;Opona 480 / 80 R 26, Loadpro;167 A8 / 167 B, TL, Steel Belted;CEAT;1;2281,92;10,00;0,00;
10000325;8906117628637;CEAT;Opona VF 540 / 65 R 30 NRO, Torquemax;158 D, TL, Steel Belted;CEAT;1;3380,62;10,00;0,00;
10000326;8906117628675;CEAT;Opona 620 / 75 R 30 CHO, Yieldmax;169 A8 / 169 B, TL, Steel Belted;CEAT;1;4986,41;10,00;0,00;
10000345;8906117628590;CEAT;Opona 6.50 - 16, Farmax X3 TF;8 PR, 98 A6, TT;CEAT;1;207,06;4,00;0,00;
10000352;8906117628668;CEAT;Opona 620 / 75 R 34 CHO, Yieldmax;170 A8 / 170 B, TL, Steel Belted;CEAT;1;7767,04;8,00;0,00;
10000488;8906117628644;CEAT;Opona VF 600 / 60 R 28 NRO, Torquemax;157 D, TL, Steel Belted;CEAT;1;3380,62;6,00;0,00;
10000658;8906117628651;CEAT;Opona VF 710 / 60 R 38 NRO, Torquemax;171 D, TL, Steel Belted;CEAT;1;6127,37;10,00;0,00;
10000755;4040658106699;Jantsa;Obr®cz 13.00 x 15.5;6/161/205, A2, O21.5mm, ET -15, VSH;4500/3750 kg - 25/40 km/h, Srebrny RAL9006;1;552,00;10,00;0,00;
10000775;8906117628798;CEAT;Opona 650 / 75 R 38, Farmax HPT;169 D, TL;CEAT;1;5493,50;8,00;0,00;
10000825;8906117627142;CEAT;Opona 8.25 - 15, Eleveta;16 PR, 152 A5, TT;CEAT;1;657,12;8,00;0,00;
10000829;8906117627029;CEAT;Opona 16.9 - 28, Tyrock Super;14 PR, 155 A8, TL;CEAT;1;1648,05;1,00;0,00;
10000843;8906117624783;CEAT;Opona 440 / 80 - 24, Loadpro;168 A8, TL;CEAT;1;1901,60;1,00;0,00;
10000946;8903635046721;Alliance;Opona 560 / 60 R 22.5 , 590;169 D, TL, Steel Belted;Alliance;1;2311,29;2,00;0,00;
10000953;8906117628040;CEAT;Opona 650 / 55 R 26.5, Floatmax FT;178 D, TL, Steel Belted;CEAT;1;3380,62;6,00;0,00;
10000967;8906117626589;CEAT;Opona 500 / 60 R 22.5, Floatmax RT;155 D, TL, Steel Belted;CEAT;1;2282,90;1,00;0,00;
10000978;8903635046783;Alliance;Opona 480 / 80 R 26, 585;167 A8 / 167 B, TL, Steel Belted;Alliance;1;2802,99;8,00;0,00;
10000984;8906117629207;CEAT;Opona 500 / 70 R 28, Loadpro;164 A8 / 164 B, TL, Steel Belted;CEAT;1;4363,04;10,00;0,00;
10000985;8906117628842;CEAT;Opona 460 / 70 R 24, Loadpro Hard Surface;159 A8 / 159 B, TL, Steel Belted;CEAT;1;2176,27;10,00;0,00;
10001084;8906117626763;CEAT;Opona VF 480 / 80 R 42, Spraymax;176 D, TL, Steel Belted;CEAT;1;7222,40;4,00;0,00;
10001141;8906117629061;CEAT;Opona VF 600 / 65 R 28 NRO, Torquemax;163 D, TL, Steel Belted;CEAT;1;4056,74;4,00;0,00;
10001142;8906117626848;CEAT;Opona VF 480 / 80 R 50, Spraymax;179 D, TL, Steel Belted;CEAT;1;5451,24;7,00;0,00;
10001149;8906117627395;CEAT;Opona 7.50 - 16, Farmax X3 TF;8 PR, 103 A6, TT;CEAT;1;274,68;2,00;0,00;
10001202;8903635047032;Alliance;Opona VF 900 / 60 R 42, Agriflex 372 +;189 D, TL, Steel Belted;Alliance;1;11694,81;2,00;0,00;
10001266;8906117629184;CEAT;Opona 405 / 70 R 24, Loadpro;152 A8 / 152 B, TL, Steel Belted;CEAT;1;2312,50;2,00;0,00;
10001268;8906117629177;CEAT;Opona 380 / 75 R 20, Loadpro;148 A8 / 148 B, TL, Steel Belted;CEAT;1;1690,31;10,00;0,00;
10001314;8906117629191;CEAT;Opona 440 / 80 R 24, Loadpro;161 A8 / 161 B, TL, Steel Belted;CEAT;1;2516,00;10,00;0,00;
10001521;8906117629030;CEAT;Opona VF 900 / 60 R 38 NRO, Torquemax;193 D, TL, Steel Belted;CEAT;1;9296,69;4,00;0,00;
10001611;8903635023371;Alliance;Opona 10.00 - 20, 839;16 PR, 148 B, TT;d®tkÑ+ochraniacz, Alliance;1;814,00;10,00;0,00;
10001655;8904288105636;CEAT;Opona 480 / 70 R 28, Farmax R70;143 A8 / 140 D, TL, C.R.;CEAT;1;1964,98;10,00;0,00;
10001656;8904288106190;CEAT;Opona 320 / 85 R 34, Farmax R85;144 A8 / 141 D, TL, C.R.;CEAT;1;1394,50;4,00;0,00;
10001657;8904288106138;CEAT;Opona 320 / 85 R 32, Farmax R85;145 A8 / 142 D, TL, C.R.;CEAT;1;1162,09;10,00;0,00;
10001658;8904288105599;CEAT;Opona 460 / 85 R 34, Farmax R85;150 A8 / 147 D, TL, C.R.;CEAT;1;2188,95;10,00;0,00;
10001661;8904288106398;CEAT;Opona 250 / 85 R 20, Farmax R85;119 A8 / 116 D, TL, C.R.;CEAT;1;845,15;10,00;0,00;
10001663;8904288106756;CEAT;Opona 340 / 85 R 38, Farmax R85;151 A8 / 148 D, TL;CEAT;1;1846,66;2,00;0,00;
10001664;8904288106497;CEAT;Opona 620 / 70 R 42, Farmax R70;176 A8 / 173 D, TL, C.R.;CEAT;1;5070,92;10,00;0,00;
10001665;8904288105612;CEAT;Opona 480 / 70 R 34, Farmax R70;146 A8 / 143 D, TL, C.R.;CEAT;1;2260,79;9,00;0,00;
10001666;8904288105971;CEAT;Opona 380 / 70 R 28, Farmax R70;130 A8 / 127 D, TL, C.R.;CEAT;1;1436,76;10,00;0,00;
10001681;8904288105629;CEAT;Opona 580 / 70 R 38, Farmax R70;158 A8 / 155 D, TL, C.R.;CEAT;1;3296,10;10,00;0,00;
10001682;8904288105933;CEAT;Opona 360 / 70 R 24, Farmax R70;125 A8 / 122 D, TL, C.R.;CEAT;1;1077,57;7,00;0,00;
10001693;8904288106312;CEAT;Opona 320 / 85 R 36, Farmax R85;131 A8 / 128 D, TL, C.R.;CEAT;1;1479,02;4,00;0,00;
10001695;8904288105582;CEAT;Opona 320 / 85 R 24, Farmax R85;125 A8 / 122 D, TL, C.R.;CEAT;1;929,67;10,00;0,00;
10001696;8904288106251;CEAT;Opona 340 / 85 R 36, Farmax R85;135 A8 / 132 D, TL, C.R.;CEAT;1;1563,53;2,00;0,00;
10001698;8904288105544;CEAT;Opona 480 / 70 R 38, Farmax R70;148 A8 / 145 D, TL, C.R.;CEAT;1;2303,04;1,00;0,00;
10001699;8904288105469;CEAT;Opona 280 / 85 R 24, Farmax R85;118 A8 / 115 D, TL, C.R.;CEAT;1;760,64;10,00;0,00;
10001700;8904288106459;CEAT;Opona 420 / 85 R 28, Farmax R85;142 A8 / 139 D, TL, C.R.;CEAT;1;1605,79;2,00;0,00;
10001701;8904288106510;CEAT;Opona 280 / 70 R 18, Farmax R70;117 A8 / 114 D, TL, C.R.;CEAT;1;642,32;10,00;0,00;
10001702;8904288106350;CEAT;Opona 600 / 70 R 28, Farmax R70;164 A8 / 161 D, TL, C.R.;CEAT;1;3084,81;10,00;0,00;
10001703;8904288106039;CEAT;Opona 480 / 70 R 24, Farmax R70;141 A8 / 138 D, TL, C.R.;CEAT;1;1838,21;10,00;0,00;
10001704;8904288105834;CEAT;Opona 320 / 70 R 20, Farmax R70;126 A8 / 123 D, TL, C.R.;CEAT;1;802,90;10,00;0,00;
10001705;8904288105957;CEAT;Opona 480 / 70 R 30, Farmax R70;144 A8 / 141 D, TL, C.R.;CEAT;1;2074,85;10,00;0,00;
10001709;8904288105797;CEAT;Opona 460 / 85 R 30, Farmax R85;148 A8 / 145 D, TL, C.R.;CEAT;1;2129,79;6,00;0,00;
10001710;8904288106572;CEAT;Opona 460 / 85 R 38, Farmax R85;152 A8 / 149 D, TL, C.R.;CEAT;1;2484,75;10,00;0,00;
10001711;8904288106114;CEAT;Opona 320 / 85 R 38, Farmax R85;146 A8 / 143 D, TL, C.R.;CEAT;1;1563,53;10,00;0,00;
10001712;8904288106213;CEAT;Opona 320 / 70 R 24, Farmax R70;119 A8 / 116 D, TL, C.R.;CEAT;1;845,15;4,00;0,00;
10001713;8904288106817;CEAT;Opona 520 / 85 R 38, Farmax R85;158 A8 / 155 D, TL, C.R.;CEAT;1;2915,78;5,00;0,00;
10001717;8904288105711;CEAT;Opona 420 / 85 R 24, Farmax R85;140 A8 / 137 D, TL, C.R.;CEAT;1;1479,02;10,00;0,00;
10001718;8904288105698;CEAT;Opona 280 / 85 R 28, Farmax R85;121 A8 / 118 D, TL, C.R.;CEAT;1;802,90;8,00;0,00;
10001719;8904288106176;CEAT;Opona 320 / 85 R 28, Farmax R85;127 A8 / 124 D, TL, C.R.;CEAT;1;1098,70;10,00;0,00;
10001720;8904288106435;CEAT;Opona 340 / 85 R 28, Farmax R85;130 A8 / 127 D, TL, C.R.;CEAT;1;1183,22;10,00;0,00;
10001721;8904288105506;CEAT;Opona 380 / 85 R 34, Farmax R85;140 A8 / 137 D, TL, C.R.;CEAT;1;1669,18;6,00;0,00;
10001722;8904288105810;CEAT;Opona 420 / 85 R 38, Farmax R85;147 A8 / 144 D, TL, C.R.;CEAT;1;2112,89;10,00;0,00;
10001724;8904288106473;CEAT;Opona 710 / 70 R 38, Farmax R70;175 A8 / 172 D, TL, C.R.;CEAT;1;5070,92;4,00;0,00;
10001729;8906117629115;CEAT;Opona 900 / 60 R 32 CHO, Yieldmax;193 A8 / 193 B, TL, Steel Belted;CEAT;1;8874,12;10,00;0,00;
10001730;8904288106374;CEAT;Opona 250 / 85 R 28, Farmax R85;115 A8 / 112 D, TL, C.R.;CEAT;1;760,64;5,00;0,00;
10001731;8904288105476;CEAT;Opona 320 / 85 R 24, Farmax R85;145 A8 / 142 D, TL, C.R.;CEAT;1;993,06;6,00;0,00;
10001750;8904288105735;CEAT;Opona 420 / 85 R 30, Farmax R85;150 A8 / 147 D, TL, C.R.;CEAT;1;1817,08;10,00;0,00;
10001754;8904288105674;CEAT;Opona 380 / 85 R 30, Farmax R85;138 A8 / 135 D, TL, C.R.;CEAT;1;1542,41;6,00;0,00;
10001756;8904288106077;CEAT;Opona 520 / 85 R 38, Farmax R85;172 A8 / 169 D, TL, C.R.;CEAT;1;3084,81;4,00;0,00;
10001774;8904288106275;CEAT;Opona 280 / 70 R 20, Farmax R70;119 A8 / 116 D, TL, C.R.;CEAT;1;676,12;4,00;0,00;
10001777;8904288105537;CEAT;Opona 480 / 70 R 28, Farmax R70;154 A8 / 151 D, TL, C.R.;CEAT;1;2150,92;10,00;0,00;
10001782;8904288106633;CEAT;Opona 480 / 70 R 34, Farmax R70;152 A8 / 149 D, TL, C.R.;CEAT;1;3127,98;1,00;0,00;
10001801;8904288106770;CEAT;Opona 340 / 85 R 38, Farmax R85;136 A8 / 133 D, TL, C.R.;CEAT;1;1626,92;6,00;0,00;
10001808;8904288106336;CEAT;Opona 520 / 70 R 30, Farmax R70;148 A8 / 145 D, TL, C.R.;CEAT;1;2619,98;4,00;0,00;
10001819;8904288106695;CEAT;Opona 520 / 70 R 34, Farmax R70;151 A8 / 148 D, TL, C.R.;CEAT;1;2704,49;10,00;0,00;
10001829;8904288105896;CEAT;Opona 360 / 70 R 28, Farmax R70;128 A8 / 125 D, TL, C.R.;CEAT;1;1326,89;10,00;0,00;
10001857;8906117628712;CEAT;Opona 10.00 - 20, Grip Master EX;16 PR, 146 B, TT;CEAT;1;954,60;10,00;0,00;
10001905;8906117627913;CEAT;Opona 800 / 70 R 38, Farmax HPT;181 A8 / 178 D, TL;CEAT;1;9507,98;4,00;0,00;
10002057;8904288105520;CEAT;Opona 580 / 70 R 38, Farmax R70;183 A8 / 180 D, TL, C.R.;CEAT;1;4099,00;8,00;0,00;
10002081;8906117627074;CEAT;Opona 400 / 70 R 20, Loadpro;149 A8 / 149 B, TL, Steel Belted;CEAT;1;1479,02;9,00;0,00;
10002551;8903635056324;Alliance;Opona 650 / 65 R 42, Agri Star II;170 D, TL;Alliance;1;4664,01;2,00;0,00;
10002552;8903635056409;Alliance;Opona 480 / 65 R 24, Agri Star II;140 D, TL;Alliance;1;1924,00;5,00;0,00;
10002553;8903635056447;Alliance;Opona 420 / 65 R 24, Agri Star II;138 D, TL;Alliance;1;1554,00;4,00;0,00;
10002554;8903635056454;Alliance;Opona 420 / 65 R 20, Agri Star II;135 D, TL;Alliance;1;1295,00;10,00;0,00;
10002557;8903635056430;Alliance;Opona 540 / 65 R 24, Agri Star II;146 D, TL;Alliance;1;2516,00;6,00;0,00;
10002558;8903635056300;Alliance;Opona 440 / 65 R 28, Agri Star II;138 D, TL;Alliance;1;1850,00;9,00;0,00;
10002559;8903635056393;Alliance;Opona 480 / 65 R 28, Agri Star II;142 D, TL;Alliance;1;2146,00;4,00;0,00;
10002560;8903635054214;Alliance;Opona 540 / 65 R 28, Agri Star II;149 D, TL;Alliance;1;2302,48;8,00;0,00;
10002563;8903635056287;Alliance;Opona 540 / 65 R 34, Agri Star II;152 D, TL;Alliance;1;2685,79;8,00;0,00;
10002564;8903635056362;Alliance;Opona 600 / 65 R 34, Agri Star II;157 D, TL;Alliance;1;3424,20;6,00;0,00;
10002565;8903635056386;Alliance;Opona 540 / 65 R 38, Agri Star II;153 D, TL;Alliance;1;2946,61;6,00;0,00;
10002567;8903635056980;Alliance;Opona 650 / 65 R 38, Agri Star II;171 D, TL;Alliance;1;4292,00;10,00;0,00;
10002620;8906117626947;CEAT;Opona 440 / 80 R 28, Loadpro;156 A8 / 156 B, TL, Steel Belted;CEAT;1;2155,14;10,00;0,00;
10002621;8906117629825;CEAT;Opona 850 / 50 R 30.5, Floatmax FT;182 D, TL, Steel Belted;CEAT;1;6127,37;4,00;0,00;
10002666;8904288105551;CEAT;Opona 280 / 70 R 16, Farmax R70;115 A8 / 112 D, TL, C.R.;CEAT;1;600,06;6,00;0,00;
10002668;8906117629849;CEAT;Opona 710 / 50 R 30.5, Floatmax FT;173 D, TL, Steel Belted;CEAT;1;4563,83;4,00;0,00;
10002669;8906117629818;CEAT;Opona 750 / 60 R 30.5, Floatmax FT;181 D, TL, Steel Belted;CEAT;1;4627,22;10,00;0,00;
10002670;8906117629801;CEAT;Opona VF 710 / 60 R 42 NRO, Torquemax;173 D, TL, Steel Belted;CEAT;1;6338,66;10,00;0,00;
10002671;8906117629887;CEAT;Opona VF 560 / 60 R 22.5, Floatmax VF X3;166 D, TL, Steel Belted;CEAT;1;3438,04;3,00;0,00;
10002672;8906117629610;CEAT;Opona 28 LR 26, Floatmax Cargo Plus;176 D, TL, Steel Belted;(750 / 65 R 26), CEAT;1;6127,37;4,00;0,00;
10002693;8906117629917;CEAT;Opona 500 / 70 R 24, Loadpro Hard Surface;164 A8 / 164 B, TL, Steel Belted;CEAT;1;2535,46;10,00;0,00;
10002767;4040658123337;Windpower;Opona 20.5 R 25, WL 36;193 A2, TL, E3 / L3, **, C.R.;Windpower;1;4685,37;8,00;0,00;
10002894;8906117629948;CEAT;Opona VF 420 / 95 R 50, Spraymax;177 D, TL, Steel Belted;CEAT;1;6281,55;4,00;0,00;
10002898;8906117629900;CEAT;Opona VF 600 / 60 R 30 NRO, Torquemax;162 D, TL, Steel Belted;CEAT;1;3507,39;10,00;0,00;
10002902;8906117629924;CEAT;Opona VF 650 / 85 R 38, Torquemax;182 D, TL, Steel Belted;CEAT;1;8409,28;10,00;0,00;
10002903;8904288107227;CEAT;Opona 405 / 70 R 20, Loadpro Hard Surface;149 A8 / 149 B, TL, Steel Belted;(16 / 70 R 20), CEAT;1;1690,31;10,00;0,00;
10002904;8904288113372;CEAT;Opona 405 / 70 R 18, Loadpro Hard Surface;147 A8 / 147 B, TL, Steel Belted;(16 / 70 R 18), CEAT;1;1648,05;9,00;0,00;
10002906;8906117627371;CEAT;Opona 5.50 - 16, Farmax X3 TF;6 PR, 88 A6, TT;CEAT;1;181,30;2,00;0,00;
10002975;8903635023463;Alliance;Opona 28 x 9 - 15, MH-504;14 PR, TT, C.R.;(8.15-15), d®tkÑ+ochraniacz, TR 75 A, Alliance;1;430,57;8,00;0,00;
10002992;8903635023470;Alliance;Opona 8.25 - 15, MH-504;14 PR, TT, H.R.;d®tkÑ+ochraniacz, TR 177 A, Alliance;1;666,00;10,00;0,00;
10003133;8903635065586;Alliance;Opona 500 / 50 - 22.5, 328 Value Plus;20 PR, 151 A8 / 163 A8, TL;Alliance;1;1332,32;7,00;0,00;
10003307;8903635027874;Alliance;Opona 23.1 - 26, Forestar 345;16 PR, 160 A6, TL, LS-2;Alliance;1;5597,40;4,00;0,00;
10003353;8904288110265;CEAT;Opona 265 / 70 R 16.5, MULTILOADMAX;130 A2 / 123 A8, TL, Steel Belted, M+S;CEAT;1;1106,30;4,00;0,00;
10003356;8904288110319;CEAT;Opona 360 / 70 R 20, MULTILOADMAX;136 A8 / 131 D, TL, Steel Belted, M+S;CEAT;1;2057,20;2,00;0,00;
10003357;8904288110326;CEAT;Opona 360 / 80 R 20, MULTILOADMAX;147 A8 / 143 D, TL, Steel Belted, M+S;CEAT;1;1690,31;6,00;0,00;
10003359;8904288110333;CEAT;Opona 360 / 80 R 24, MULTILOADMAX;150 A8 / 145 D, TL, Steel Belted, M+S;CEAT;1;1901,60;10,00;0,00;
10003360;8904288110364;CEAT;Opona 360 / 80 R 28, MULTILOADMAX;146 A8 / 142 D, TL, Steel Belted, M+S;CEAT;1;2786,84;4,00;0,00;
10003361;8904288107807;CEAT;Opona VF 710 / 60 R 34 NRO, Torquemax;173 D, TL, Steel Belted;CEAT;1;6549,94;8,00;0,00;
10003362;8904288107814;CEAT;Opona VF 650 / 60 R 38, Torquemax;173 D, TL, Steel Belted;CEAT;1;6549,94;4,00;0,00;
10003363;8906117629863;CEAT;Opona 800 / 45 R 26.5 , Floatmax FT;174 D, TL, Steel Belted;CEAT;1;4056,74;4,00;0,00;
10003381;8903635047025;Alliance;Opona VF 900 / 50 R 42, Agriflex 372 +;180 D, TL, Steel Belted;Alliance;1;8679,47;4,00;0,00;
10003404;8904288105452;CEAT;Opona 420 / 85 R 34, Farmax R85;150 A8 / 147 D, TL, C.R.;CEAT;1;2091,76;10,00;0,00;
10003405;8906117629078;CEAT;Opona VF 650 / 65 R 38 NRO, Torquemax;175 D, TL, Steel Belted;CEAT;1;5578,02;2,00;0,00;
10003407;8904288107708;CEAT;Opona VF 900 / 60 R 42, Torquemax;189 D, TL, Steel Belted;CEAT;1;10353,14;6,00;0,00;
10003411;8904288107777;CEAT;Opona VF 520 / 85 R 46 CFO, Torquemax;179 D, TL, Steel Belted;CEAT;1;6127,37;4,00;0,00;
10003421;8903635056256;Alliance;Opona VF 300 / 95 R 52ÿ, Agriflex 363 + XT;160 D, TL, Steel Belted;Alliance;1;3280,58;3,00;0,00;
10003450;8904288110401;CEAT;Opona 480 / 80 R 34, MULTILOADMAX;164 A8 / 159 D, TL, Steel Belted, M+S;CEAT;1;3211,59;8,00;0,00;
10003451;8904288110418;CEAT;Opona 480 / 80 R 38, MULTILOADMAX;166 A8 / 161 D, TL, Steel Belted, M+S;CEAT;1;4514,00;8,00;0,00;
10003452;8904288110371;CEAT;Opona 400 / 80 R 28, MULTILOADMAX;158 A8 / 153 D, TL, Steel Belted, M+S;CEAT;1;2619,98;6,00;0,00;
10003463;4040658127502;Turon;Opona 8.25 - 20, TerraClassic SKL800;14 PR, 133 B, TT;d®tkÑ+ochraniacz, TR 442, Turon;1;853,22;8,00;0,00;
10003506;8903635057505;Alliance;Opona 300 / 95 R 52, 350;159 A8 / 156 D, TL, Steel Belted;(12.4R52), Alliance;1;2890,22;4,00;0,00;
10003596;8906117629856;CEAT;Opona 750 / 45 R 26.5 , Floatmax FT;170 D, TL, Steel Belted;CEAT;1;3549,65;4,00;0,00;
10003613;8903635047780;Alliance;Opona 800 / 40 - 26.5, Forestar 644 III;24 PR, 183 A2 / 176 A8, TL, LS-2, Steel Belted;Alliance;1;6913,61;4,00;0,00;
10003614;8903635021773;Alliance;Opona 15.5 / 55 R 18, 601, M+S;140 A8 / 140 B, TL, Steel Belted;(385/55R18), Alliance;1;1924,00;10,00;0,00;
10003620;8903635063599;Alliance;Opona 23.5 R 25, 703;201 A2 / 185 B, TL, E3 / L3, **, C.R.;Alliance;1;5018,23;4,00;0,00;
10003623;8903635063698;Alliance;Opona 26.5 R 25, 704;209 A2 / 193 B, TL, E4 / L4, **, C.R.;Alliance;1;7400,00;2,00;0,00;
10003672;8903635063681;Alliance;Opona 23.5 R 25, 704;201 A2 / 185 B, TL, E4 / L4, **, C.R.;Alliance;1;7084,56;4,00;0,00;
10003676;8903635028932;Alliance;Opona VF 710 / 55 R 30, Agriflex 372 +;165 D, TL;Alliance;1;4390,84;2,00;0,00;
10003814;8906117629153;CEAT;Opona 340 / 80 R 18, Loadpro;143 A8 / 143 B, TL;CEAT;1;1331,12;10,00;0,00;
10003819;8903635048091;Alliance;Opona 600 / 55 - 26.5, Forestar 644 III;24 PR, 177 A2 / 170 A8, TL, LS-2, Steel Belted;Alliance;1;5484,37;4,00;0,00;
10003846;8904288110258;CEAT;Opona 250 / 80 R 16, MULTILOADMAX;127 A8 / 123 D, TL, Steel Belted, M+S;CEAT;1;934,62;2,00;0,00;
10003901;8903635056485;Alliance;Opona VF 520 / 70 R 38ÿ, Agriflex 373 +;170 D, TL, Steel Belted;Alliance;1;4069,22;3,00;0,00;
10003948;8903635057376;Alliance;Opona 540 / 65 - 28, Agro Forestry 669;155 A8 / 152 B, TL, R1-W, Steel Belted;Alliance;1;4545,04;2,00;0,00;
10003996;8903635058069;Alliance;Opona 320 / 90 R 46, 350;151 A8 / 148 D, TL;(12.4R46), Alliance;1;2590,00;1,00;0,00;
10004001;8903635057840;Alliance;Opona 500 / 45 - 20, Flotation 331;12 PR, 134 A8 / 147 A8, TL;Alliance;1;3700,00;4,00;0,00;
10004030;8903635028468;Alliance;Opona 520 / 70 R 34, Agri Star II;168 D, TL, Steel Belted;Alliance;1;4070,00;4,00;0,00;
10004041;8903635057277;Alliance;Opona 500 / 45 - 22.5, 328 Value Plus;16 PR, 142 A8 / 154 A8, TL;Alliance;1;1334,76;4,00;0,00;
10004044;8903635060239;Alliance;Opona VF 600 / 70 R 30 CFO, Agriflex 372 +;174 D, TL, Steel Belted;Alliance;1;4305,69;2,00;0,00;
10004148;8903635065319;Alliance;Opona 710 / 70 R 38, Agro Forestry 670;175 A2 / 168 A8, TL, R1-W, Steel Belted;Alliance;1;7244,93;3,00;0,00;
10004168;8904288110197;CEAT;Opona 1050 / 50 R 32, Yieldmax;184 A8 / 184 B, TL, Steel Belted;CEAT;1;10286,00;10,00;0,00;
10004221;8904288112160;CEAT;Opona 215 / 65 R 14, Lawnmax;90 A8 / 90 B, TL;CEAT;1;392,20;2,00;0,00;
10004222;8904288112177;CEAT;Opona 200 / 60 R 15, Lawnmax;83 A8 / 83 B, TL;CEAT;1;347,80;4,00;0,00;
10004225;8904288110173;CEAT;Opona 280 / 70 R 16, Lawnmax;112 A8 / 112 B, TL;CEAT;1;840,93;4,00;0,00;
10004228;8904288110180;CEAT;Opona 360 / 70 R 24, Lawnmax;122 A8 / 122 B, TL;CEAT;1;1776,00;10,00;0,00;
10004234;8903635060161;Alliance;Opona VF 710 / 60 R 38, Agriflex 372 +;171 D, TL, Steel Belted;Alliance;1;5455,29;2,00;0,00;
10004241;8904288112245;CEAT;Opona 320 / 70 R 20, Lawnmax;113 A8 / 113 B, TL;CEAT;1;1098,70;6,00;0,00;
10004253;8904288112405;CEAT;Opona 540 / 80 R 38, MULTILOADMAX;172 A8 / 167 D, TL, Steel Belted, M+S;CEAT;1;4225,77;10,00;0,00;
10004254;8904288112399;CEAT;Opona 440 / 80 R 24, MULTILOADMAX;161 A8 / 156 D, TL, Steel Belted, M+S;CEAT;1;2197,40;8,00;0,00;
10004278;6977774054321;Turon;Opona 195 / 50 R 13 C, TrailerMove 201;104 / 101 N, TL, M+S;Turon;1;155,40;3,00;0,00;
10004281;6977774054338;Turon;Opona 185 R 14 C, TrailerMove 201;8 PR, 104 / 102 N, TL, M+S;Turon;1;174,64;6,00;0,00;
10004288;6977774054383;Turon;Opona 195 / 55 R 10 C, TrailerMove 201;98 / 96 N, TL, M+S;Turon;1;146,08;10,00;0,00;
10004294;6977774054444;Turon;Opona 165 R 13 C, TrailerMove 201;8 PR, 96 / 94 N, TL, M+S;Turon;1;142,82;10,00;0,00;
10004301;8904288112085;CEAT;Opona VF 750 / 65 R 26 CFO, Torquemax;180 D, TL, Steel Belted;CEAT;1;6893,10;1,00;0,00;
10004304;6977774054475;Turon;Opona 155 / 70 R 12 C, TrailerMove 201;104 / 102 N, TL, M+S;Turon;1;117,66;9,00;0,00;
10004340;8903635069515;Alliance;Opona 30.5 L R 32, 590;181 B, TL, Steel Belted;Alliance;1;7750,24;1,00;0,00;
10004464;8904288113389;CEAT;Opona VF 320 / 90 R 50, Spraymax;169 D, TL, Steel Belted;CEAT;1;3380,62;4,00;0,00;
10004485;8903635031314;Alliance;Opona 600 / 40 - 22.5, Flotation 331;16 PR, 169 A8 / 173 A6, TL;Alliance;1;3626,00;2,00;0,00;
10004486;8903635027522;Alliance;Opona 600 / 55 - 26.5, Flotation 328;16 PR, 159 A8 / 170 A8, TL;Alliance;1;2882,29;8,00;0,00;
10004508;8903635058014;Alliance;Opona 480 / 70 - 34, Agro Forestry 670;146 A8 / 143 B, TL, R1-W, Steel Belted;Alliance;1;4588,00;4,00;0,00;
10004589;8906117626923;CEAT;Opona VF 520 / 85 R 42, Torquemax;177 A8 / 174 D, TL, Steel Belted;CEAT;1;7770,00;8,00;0,00;
10004654;8904288112153;CEAT;Opona 240 / 60 R 12, Lawnmax;89 A8 / 89 B, TL;CEAT;1;418,10;2,00;0,00;
10004655;8904288112214;CEAT;Opona 240 / 70 R 16, Lawnmax;104 A8 / 104 B, TL;CEAT;1;524,00;2,00;0,00;
10004656;8904288113341;CEAT;Opona 260 / 70 R 16, Lawnmax;109 A8 / 109 B, TL;CEAT;1;760,64;4,00;0,00;
10004682;8903635027409;Alliance;Opona 500 / 50 R 17, Flotmaster 381;146 D, TL, Steel Belted;Alliance;1;1595,79;1,00;0,00;
10004699;8904288113679;CEAT;Opona 540 / 65 R 28, Farmax R65 X3;149 D, TL, C.R.;CEAT;1;2408,69;10,00;0,00;
10004700;8904288113693;CEAT;Opona 540 / 65 R 30, Farmax R65 X3;150 D, TL, C.R.;CEAT;1;2366,43;10,00;0,00;
10004701;8904288113709;CEAT;Opona 650 / 65 R 38, Farmax R65 X3;163 D, TL, C.R.;CEAT;1;4440,00;10,00;0,00;
10004773;8904288113686;CEAT;Opona 650 / 65 R 42, Farmax R65 X3;170 D, TL, C.R.;CEAT;1;4775,12;10,00;0,00;
10004779;4040658136788;TURON FinalR;Opona 315 / 70 R 22.5, Terra T61;152 / 148 A7, TL;Bie¾nikowane na gorÑco (bie¾nik i ÿciana boczna);1;2114,08;10,00;0,00;
10004811;8903635058878;Alliance;Opona VF 710 / 85 R 38 CFO, Agriflex 372 +;183 D, TL, Steel Belted;Alliance;1;11197,84;6,00;0,00;
10004831;8903635048589;Alliance;Opona 600 / 50 R 22.5, 380;168 D, TL, Steel Belted, HD;Alliance;1;4810,00;6,00;0,00;
10004925;8904288112917;CEAT;Opona 480 / 80 R 46, Farmax R80;161 A8 / 158 D, TL, C.R.;CEAT;1;3803,19;6,00;0,00;
10004937;8906117626091;CEAT;Opona 380 / 70 R 24, Farmax R70;128 A8 / 125 D, TL, C.R.;CEAT;1;1183,22;10,00;0,00;
10004946;8935341233843;Rovelo;Opona 215 / 75 R 17.5, Drive R1;16 PR, 135 / 133 L, TL, 3PMSF;HA, Rovelo;1;446,00;4,00;0,00;
10004949;8935341233850;Rovelo;Opona 215 / 75 R 17.5, Steer R1;16 PR, 135 / 133 L, TL, 3PMSF;VA/TR, Rovelo;1;412,96;2,00;0,00;
10004950;8935341233867;Rovelo;Opona 235 / 75 R 17.5, Drive R1;18 PR, 143 / 141 L, TL, 3PMSF;HA, Rovelo;1;439,64;4,00;0,00;
10004952;8935341236783;Rovelo;Opona 235 / 75 R 17.5, Steer R1;18 PR, 143 / 141 L, TL, 3PMSF;VA/TR, Rovelo;1;430,36;4,00;0,00;
10004956;8935341236806;Rovelo;Opona 265 / 70 R 19.5, Drive R1;18 PR, 143 / 141 J, TL, 3PMSF;HA, Rovelo;1;591,00;4,00;0,00;
10004957;8935341236790;Rovelo;Opona 265 / 70 R 19.5, Steer R1;18 PR, 143 / 141 J, TL, 3PMSF;VA/TR, Rovelo;1;591,00;4,00;0,00;
10004958;8935341236981;Rovelo;Opona 315 / 80 R 22.5, All Position M1;18 PR, 156 / 150 L (154 / 150 M), TL, 3PMSF;VA/HA/TR, Rovelo;1;980,00;10,00;0,00;
10004959;8935366901017;Rovelo;Opona 315 / 80 R 22.5, Drive M1;20 PR, 156 / 153 K, TL, 3PMSF;HA, Rovelo;1;986,00;10,00;0,00;
10004963;8935341233836;Rovelo;Opona 385 / 55 R 22.5, Trailer R1;24 PR, 164 K, TL, 3PMSF;Rovelo;1;1029,50;10,00;0,00;
10004964;8935341236837;Rovelo;Opona 385 / 65 R 22.5, All Position M2;20 PR, 160 K (158 L), TL, 3PMSF;VA/HA/TR, Rovelo;1;1044,00;10,00;0,00;
10004966;8935341236851;Rovelo;Opona 385 / 65 R 22.5, Trailer R1;24 PR, 164 K, TL, 3PMSF;TR, Rovelo;1;1061,40;10,00;0,00;
10004967;8935341236868;Rovelo;Opona 385 / 65 R 22.5, Trailer R1;20 PR, 160 K, TL, 3PMSF;TR, Rovelo;1;1044,00;10,00;0,00;
10005022;8904288112290;CEAT;Opona 500 / 50 R 17, FARM IMPLEMENT 800R;151 D, TL, Steel Belted;CEAT;1;1648,05;10,00;0,00;
10005040;8904288113563;CEAT;Opona 650 / 50 R 22.5, Floatmax FT;163 D, TL, Steel Belted;CEAT;1;2662,24;6,00;0,00;
10005362;8906117629092;CEAT;Opona VF 380 / 105 R 50, Spraymax;179 D, TL, Steel Belted;CEAT;1;4732,86;4,00;0,00;
10005364;8904288113396;CEAT;Opona 800 / 70 R 32, Yieldmax;181 A8 / 181 B, TL, Steel Belted;CEAT;1;11276,86;2,00;0,00;
10005376;8906117629375;CEAT;Opona 10.0 / 75 - 15.3, AWI 305;18 PR, 135 A8, TL;CEAT;1;407,00;10,00;0,00;
10005437;8906117627401;CEAT;Opona 6.50 - 20, Farmax X3 TF;8 PR, 102 A6, TT;CEAT;1;274,68;10,00;0,00;
10005565;8906117627494;CEAT;Opona 10.00 - 20, Eleveta Plus;16 PR, TT;CEAT;1;1406,00;10,00;0,00;
10005570;8906117629603;CEAT;Opona 28 x 9 - 15, Eleveta X3;14 PR, TT;(8.15-15), CEAT;1;507,09;10,00;0,00;
10005573;8904288109986;CEAT;Opona 7.00 - 12, Eleveta X3;14 PR, TT;CEAT;1;407,00;10,00;0,00;
10005648;8903635066651;Alliance;Opona 230 / 95 R 36, Agristar II Row Crop;130 D / 127 E, TL;(9.5R36), Alliance;1;1115,56;2,00;0,00;
10005653;8903635066729;Alliance;Opona 230 / 95 R 44, Agristar II Row Crop;134 D / 131 E, TL;Alliance;1;1164,90;6,00;0,00;
10005656;8903635066736;Alliance;Opona 300 / 95 R 46, Agristar II Row Crop;148 D / 145 E, TL;(12.4R46), Alliance;1;1936,80;4,00;0,00;
10005658;8903635066798;Alliance;Opona 320 / 90 R 46, Agristar II Row Crop;148 D / 145 E, TL;(12.4R46), Alliance;1;2257,00;4,00;0,00;
10005666;8903635066699;Alliance;Opona 380 / 90 R 50, Agristar II Row Crop;158 D / 155 E, TL;(14.5R50), Alliance;1;3633,93;2,00;0,00;
10005899;8904288115529;CEAT;Opona 480 / 65 R 28, Farmax R65 X3;142 D, TL, C.R.;CEAT;1;2863,80;10,00;0,00;
10005928;8935341252424;Rovelo;Opona 295 / 60 R 22.5, Drive R1;18 PR, 150 / 147 L, TL, 3PMSF;HA, Rovelo;1;922,20;10,00;0,00;
10005930;8935341252431;Rovelo;Opona 315 / 60 R 22.5, Steer R1;18 PR, 152 / 148 L, TL, 3PMSF;VA, Rovelo;1;986,00;10,00;0,00;
10005931;8935341252394;Rovelo;Opona 315 / 70 R 22.5, Drive R1;18 PR, 156 / 150 L, TL, 3PMSF;HA, Rovelo;1;974,40;10,00;0,00;
10006070;8935341253186;Rovelo;Opona 315 / 80 R 22.5, Steer R1;18 PR, 156 / 150 L (154 / 150 M), TL, 3PMSF;VA/TR, Rovelo;1;957,00;10,00;0,00;
10006079;8903635066545;Alliance;Opona 270 / 95 R 54, Agristar II Row Crop;146 D / 143 E, TL;(11.2R54), Alliance;1;2012,58;4,00;0,00;
10006121;8904288110159;CEAT;Opona VF 380 / 105 R 54, Spraymax;180 D, TL, Steel Belted;CEAT;1;5366,73;4,00;0,00;
10006153;8904288115574;CEAT;Opona 365 / 70 R 18 CHO, Loadpro Hard Surface;142 A8 / 142 B, TL, Steel Belted;CEAT;1;1309,99;2,00;0,00;
10006209;8904288112092;CEAT;Opona VF 520 / 60 R 28 NRO, Torquemax;149 D, TL, Steel Belted;CEAT;1;2619,98;2,00;0,00;
10006237;8903635070986;Alliance;Opona 18.4 - 34, Agri Nova;8 PR, 142 A8, TT;(460/85-34), Alliance;1;1850,00;1,00;0,00;
10006427;8906117626350;CEAT;Opona 18.4 - 34, Farmax R1;14 PR, 153 A8, TL;CEAT;1;1976,02;4,00;0,00;
10007225;4040658155574;ZXMM;Obr®cz 16.00 x 17;8/221/275, A2, O27mm, ET 0, VSH;2850/3200 kg - 65/70 km/h, Srebrny RAL9006;1;450,00;10,00;0,00;
10007355;;O'GREEN;Obr®cz AG 16.00 x 22.5 H2;8/221/275, A2, O21.5mm, ET 0, VSH;7250/5450 kg - 25/40 km/h, Srebrny RAL9006;1;375,00;2,00;0,00;
10007498;8906117628392;CEAT;Opona 9.5 - 22, Farmax R1;8 PR, 106 A8, TT;CEAT;1;645,29;4,00;0,00;
10007499;8906117629252;CEAT;Opona 18.4 - 26, Farmax R1;10 PR, 144 A8, TT;CEAT;1;2027,23;6,00;0,00;
10007500;8906117626510;CEAT;Opona 12.4 - 36, Farmax R1;12 PR, 135 A8, TT;CEAT;1;1421,91;6,00;0,00;
10007509;8904288107616;CEAT;Opona 340 / 60 R 16.5, FARM IMPLEMENT 800R;133 A8 / 145 A8, TL, Steel Belted;CEAT;1;1427,63;4,00;0,00;
10007510;8906117629290;CEAT;Opona 23.1 - 30, Farmax R1;12 PR, 151 A8, TL;CEAT;1;4225,77;4,00;0,00;
10007529;8904288112665;CEAT;Opona 250 - 15, Eleveta X3;16 PR, TT;CEAT;1;856,58;10,00;0,00;
10007749;8904288112948;CEAT;Opona 420 / 90 R 30, Farmax R90;150 A8 / 147 D, TL, C.R.;CEAT;1;2969,46;4,00;0,00;
10007803;4040658160370;O'GREEN;Obr®cz AG 16.00 x 17;8/221/275, A2, O27mm, ET 0, VSH;4000/3350 kg - 25/40 km/h, Srebrny RAL9006;1;595,00;8,00;0,00;
10007804;4040658160387;O'GREEN;Obr®cz AG 20.00 x 22.5;10/281/335, A3, O27mm, ET 0, VSH;7400/6650 kg - 25/40 km/h, Srebrny RAL9006;1;700,00;10,00;0,00;
10007812;4040658160448;O'GREEN;Obr®cz AG 16.00 x 22.5;10/281/335, A3, O27mm, ET -50, VSH;7250/5450 kg - 25/40 km/h, Srebrny RAL9006;1;500,00;10,00;0,00;
10007813;4040658160455;ZXMM;Obr®cz AG 24.00 x 30.5;10/281/335, A3, O27mm, ET -50, VSH;11550 kg - 40 km/h, Srebrny RAL9006;1;910,00;8,00;0,00;
10007823;8904288107906;CEAT;Opona 710 / 45 - 26.5, FOREST XL;20 PR, 168 A8, TL, Steel Belted;CEAT;1;7766,28;3,00;0,00;
10007824;8904288112603;CEAT;Opona 23 x 8.50 - 12, Turf-XL;6 PR, 100 A2, TL;CEAT;1;251,26;4,00;0,00;
10007825;8904288107371;CEAT;Opona 23 x 10.50 - 12, Turf-XL;8 PR, 113 A2, TL;CEAT;1;399,74;4,00;0,00;
10007828;8906117628934;CEAT;Opona 13.6 - 16, Turf-XL;4 PR, 96 A8, TL;CEAT;1;1376,23;4,00;0,00;
10007830;8906117627418;CEAT;Opona 10.00 - 16 SL, Farmax F2M;8 PR, 115 A6, TT;CEAT;1;502,52;4,00;0,00;
10007831;8906117627425;CEAT;Opona 10.00 - 16, Farmax F2M;10 PR, 119 A6, TT;CEAT;1;542,50;4,00;0,00;
10007832;8906117627968;CEAT;Opona 710 / 75 R 42, Farmax HPT;184 A8 / 181 D, TL;CEAT;1;13533,89;4,00;0,00;
10007835;8906117629214;CEAT;Opona 9.5 - 20, Farmax R1;8 PR, 107 A8, TT;CEAT;1;582,47;4,00;0,00;
10007836;8906117627258;CEAT;Opona 14.9 - 24, Farmax R1;12 PR, 132 A8, TT;CEAT;1;1364,81;4,00;0,00;
10007837;8906117629238;CEAT;Opona 14.9 - 26, Farmax R1;12 PR, 132 A8, TL;CEAT;1;1713,15;4,00;0,00;
10007841;8906117628736;CEAT;Opona 12.4 - 32, Farmax R1;8 PR, 121 A8, TT;CEAT;1;1256,31;10,00;0,00;
10007843;8906117627340;CEAT;Opona 16.9 - 34, Farmax R1;14 PR, 149 A8, TT;CEAT;1;2569,73;6,00;0,00;
10007846;8904288107364;CEAT;Opona 18.4 - 38, Farmax R1;12 PR, 152 A8, TL;CEAT;1;2741,04;10,00;0,00;
10007849;8906117628903;CEAT;Opona 11.2 - 24, IRR-O-GATOR;6 PR, 120 A8, TL;CEAT;1;856,58;8,00;0,00;
10007853;8904288112306;CEAT;Opona 500 / 60 R 22.5, Floatmax RT;163 D, TL, Steel Belted;CEAT;1;3083,67;4,00;0,00;
10007855;8904288112610;CEAT;Opona 700 / 40 - 22.5, Flotation T422;18 PR, 160 A8 / 173 A8, TL;CEAT;1;3254,99;4,00;0,00;
10007856;8904288107340;CEAT;Opona 10.0 / 80 - 12, AWI 305;10 PR, 121 A8, TL;CEAT;1;314,08;10,00;0,00;
10007860;8906117628484;CEAT;Opona 13.0 / 65 - 18, AWI 305;16 PR, 144 A8, TL;CEAT;1;862,29;2,00;0,00;
10007861;8906117628477;CEAT;Opona 14.0 / 65 - 16, FARM IMPLEMENT 404;14 PR, 142 A8, TL;CEAT;1;696,68;10,00;0,00;
10007865;8904288112566;CEAT;Opona 200 / 60 - 14.5, FARM IMPLEMENT I-1;14 PR, 113 A8, TL;CEAT;1;359,76;4,00;0,00;
10007867;8906117627166;CEAT;Opona 6.5 / 80 - 12, Farmax AS;6 PR, 93 A8, TT;CEAT;1;188,45;4,00;0,00;
10007871;8904288108101;CEAT;Opona 250 / 80 - 18, Farmax R1;8 PR, 115 A8, TT;CEAT;1;1102,13;4,00;0,00;
10007873;8904288115925;CEAT;Opona 16.5 L - 16.1 SL, Trencher XL;10 PR, 138 B, TL;CEAT;1;1027,89;10,00;0,00;
10007874;8904288115819;CEAT;Opona 400 / 80 R 24, Loadpro Hard Surface;162 A8 / 162 B, TL, Steel Belted;CEAT;1;2410,00;8,00;0,00;
10007877;4040658160547;O'GREEN;Obr®cz 13 x 15.5;6/161/205, A2, O21.5mm, ET -15, VSH;4850/4150 kg - 25/40 km/h, Srebrny RAL9006;1;505,00;10,00;0,00;
10007880;8906117629788;CEAT;Opona 600 / 70 R 34, Farmax HPT;163 A8 / 160 D, TL;CEAT;1;5710,50;4,00;0,00;
10007881;8904288110135;CEAT;Opona 800 / 70 R 38, Farmax HPT;190 A8 / 187 D, TL, Steel Belted;CEAT;1;14847,30;4,00;0,00;
10007882;8906117629047;CEAT;Opona 710 / 70 R 42, Farmax HPT;179 A8 / 176 D, TL;CEAT;1;10278,90;10,00;0,00;
10007883;8904288113419;CEAT;Opona VF 580 / 85 R 42, Torquemax;183 D, TL, Steel Belted;CEAT;1;8451,54;4,00;0,00;
10007920;8904288106787;CEAT;Opona 620 / 70 R 42, Farmax R70;169 A8 / 166 D, TL, C.R.;CEAT;1;6675,75;4,00;0,00;
10007938;8906117627272;CEAT;Opona 18.4 - 26, Farmax R1;12 PR, 146 A8, TL;CEAT;1;2598,00;4,00;0,00;
10007939;8906117627326;CEAT;Opona 16.9 - 34, Farmax R1;8 PR, 139 A6 / 135 A8, TL;CEAT;1;2171,07;6,00;0,00;
10007940;8904288113983;CEAT;Opona 12.4 - 24, Farmax R1;10 PR, 125 A8, TL;CEAT;1;1248,00;10,00;0,00;
10007941;8906117627289;CEAT;Opona 11.2 - 28, Farmax R1;8 PR, 118 A8, TL;CEAT;1;969,00;5,00;0,00;
10007942;8906117627227;CEAT;Opona 12.4 - 24, Farmax R1;8 PR, 121 A8, TL;CEAT;1;1065,00;10,00;0,00;
10007945;8904288106053;CEAT;Opona 520 / 85 R 42, Farmax R85;160 A8 / 157 D, TL, C.R.;CEAT;1;4585,95;2,00;0,00;
10007946;8904288105872;CEAT;Opona 320 / 85 R 20, Farmax R85;122 A8 / 119 D, TL, C.R.;CEAT;1;1219,05;2,00;0,00;
10007947;8904288106657;CEAT;Opona 520 / 85 R 46, Farmax R85;161 A8 / 158 D, TL, C.R.;CEAT;1;5805,00;2,00;0,00;
10007948;8904288112757;CEAT;Opona 13.6 - 24, Farmax R1;10 PR, 128 A8, TL;CEAT;1;1577,00;6,00;0,00;
10007949;8904288112887;CEAT;Opona 480 / 80 R 42, Farmax R80;154 A8 / 151 D, TL, C.R.;CEAT;1;4644,00;2,00;0,00;
10007950;8904288112924;CEAT;Opona 480 / 80 R 46, Farmax R80;167 A8 / 164 D, TL, C.R.;CEAT;1;4500,00;4,00;0,00;
10007952;8906117627241;CEAT;Opona 13.6 - 24, Farmax R1;8 PR, 122 A8, TL;CEAT;1;1264,00;10,00;0,00;
10007966;8906117626626;CEAT;Opona 13.6 - 28, Farmax R1;12 PR, 134 A8, TL;CEAT;1;1597,00;10,00;0,00;
10007968;8906117626640;CEAT;Opona 16.9 - 30, Farmax;12 PR, 144 A8, TL;CEAT;1;2541,00;10,00;0,00;
10007970;8906117628132;CEAT;Opona 12.4 - 28, Farmax R1;8 PR, 123 A8, TL;CEAT;1;900,00;10,00;0,00;
10007971;8906117627265;CEAT;Opona 16.9 - 24, Farmax R1;8 PR, 133 A8, TL;CEAT;1;1712,00;10,00;0,00;
10007975;4040658160981;ZXMM;Obr®cz 11 x 16;6/161/205, A2, O21.5mm, ET -15, VSH;3550 kg - 40 km/h, Srebrny RAL9006;1;408,00;10,00;0,00;
10436000;4040658076787;Windpower;Opona 445 / 65 R 22.5, WGP 23, M+S;169 F, TL, POR;(18R22.5), Windpower;1;2857,88;10,00;0,00;
10485106;4040658096204;Windpower;Opona 23.5 R 25, W 755+;32 PR, 201 A2, TL, L5, **, C.R.;(605/80R25), Windpower;1;10927,72;4,00;0,00;
10485122;4040658055836;Windpower;Opona 26.5 R 25, W 753;209 A2, TL, L5, **, C.R.;(685/80R25), Windpower;1;12631,06;4,00;0,00;
10714890;6933882587762;Trailermaxx;Opona 18.5 x 8.5 - 8, C834;6 PR, 78 M, TL;Trailermaxx;1;423,30;3,00;0,00;
12072107;8903635009078;Galaxy;Opona 12 - 16.5, Beefy Baby III R-4;10 PR, TL;Galaxy;1;725,20;7,00;0,00;
15111616;8906117622727;CEAT;Opona 10.0 / 75 - 15.3, AWI 305;14 PR, 130 A8, TL;CEAT;1;236,64;10,00;0,00;
15111631;8906117622734;CEAT;Opona 11.5 / 80 - 15.3, AWI 305;16 PR, 141 A8, TL;CEAT;1;316,93;4,00;0,00;
15111635;8906117623281;CEAT;Opona 12.5 / 80 - 15.3, AWI 305;12 PR, TL;CEAT;1;388,77;10,00;0,00;
15111677;8906117622796;CEAT;Opona 500 / 50 - 17, Flotation Plus;14 PR, 137 A8 / 149 A8, TL;CEAT;1;1134,42;3,00;0,00;
15111687;8906117622765;CEAT;Opona 15.0 / 55 - 17, FARM IMPLEMENT 404;14 PR, 141 A8, TL;CEAT;1;536,67;4,00;0,00;
15112569;8906117622819;CEAT;Opona 400 / 55 - 22.5, T422 Value Pro;16 PR, 140 A8 / 152 A8, TL;CEAT;1;1014,18;6,00;0,00;
15112575;8906117622826;CEAT;Opona 500 / 45 - 22.5, T422 Value Pro;16 PR, 140 A8 / 152 A8, TL;CEAT;1;1267,73;10,00;0,00;
15112580;8906117622840;CEAT;Opona 500 / 60 - 22.5, Flotation T422;16 PR, 151 A8 / 163 A8, TL;CEAT;1;1394,50;2,00;0,00;
15112598;8906117622871;CEAT;Opona 550 / 45 - 22.5, Flotation T422;20 PR, 154 A8 / 166 A8, TL;CEAT;1;1648,05;4,00;0,00;
15112602;8906117622833;CEAT;Opona 500 / 60 - 22.5, T422 Value Pro;16 PR, 151 A8 / 163 A8, TL;CEAT;1;1479,02;10,00;0,00;
15112625;8906117622888;CEAT;Opona 550 / 60 - 22.5, T422 Value Pro;16 PR, 155 A8 / 168 A8, TL;CEAT;1;1850,00;10,00;0,00;
15112636;8906117622901;CEAT;Opona 600 / 50 - 22.5, Flotation T422;16 PR, 153 A8 / 165 A8, TL;CEAT;1;1876,24;7,00;0,00;
15112648;8906117622963;CEAT;Opona 600 / 55 - 22.5, Flotation T422;16 PR, 156 A8 / 169 A8, TL;CEAT;1;2324,17;6,00;0,00;
15112655;8906117622932;CEAT;Opona 700 / 50 - 22.5, Flotation T422;16 PR, 162 A8 / 174 A8, TL;CEAT;1;2450,95;10,00;0,00;
15112721;8906117622994;CEAT;Opona 600 / 55 - 26.5, Flotation T422;16 PR, 159 A8 / 170 A8, TL;CEAT;1;2324,17;7,00;0,00;
15112831;8906117623007;CEAT;Opona 700 / 50 - 26.5, Flotation T422;16 PR, 162 A8 / 174 A8, TL;CEAT;1;2535,46;10,00;0,00;
15112870;8906117623038;CEAT;Opona 800 / 45 - 26.5, Flotation T422;16 PR, 164 A8 / 177 A8, TL;CEAT;1;2958,04;10,00;0,00;
15116210;8906117626862;CEAT;Opona 500 / 60 R 22.5, Floatmax FT;155 D, TL, Steel Belted;CEAT;1;2112,89;4,00;0,00;
15116212;8906117624448;CEAT;Opona 560 / 45 R 22.5, Floatmax FT;152 D, TL, Steel Belted;CEAT;1;2331,00;10,00;0,00;
15116225;8906117622321;CEAT;Opona 560 / 60 R 22.5, Floatmax FT;161 D, TL;CEAT;1;2028,37;10,00;0,00;
15116228;8906117624462;CEAT;Opona 560 / 60 R 22.5, Floatmax RT;165 D, TL, Steel Belted;CEAT;1;2960,00;6,00;0,00;
15116240;8906117624479;CEAT;Opona 600 / 50 R 22.5, Floatmax FT;159 D, TL, Steel Belted;CEAT;1;2112,89;4,00;0,00;
15116260;8906117624486;CEAT;Opona 600 / 55 R 26.5, Floatmax FT;165 D, TL, Steel Belted;CEAT;1;2535,46;10,00;0,00;
15121100;8906117624042;CEAT;Opona 5.50 - 16, Farmax F2;6 PR, 86 A6 / 78 A8, TT;CEAT;1;177,48;10,00;0,00;
15121120;8906117624059;CEAT;Opona 6.00 - 16, Farmax F2;6 PR, 88 A6, TT;CEAT;1;139,45;10,00;0,00;
15121125;8906117624066;CEAT;Opona 6.50 - 16, Farmax F2;6 PR, 91 A6, TT;CEAT;1;169,03;10,00;0,00;
15121130;8906117624073;CEAT;Opona 7.50 - 16, Farmax F2;8 PR, 103 A6 / 96 A8, TT;CEAT;1;215,51;8,00;0,00;
15121140;8906117622680;CEAT;Opona 10.00 - 16 SL, Farmax F2M;8 PR, 110 A8, TT;CEAT;1;454,36;8,00;0,00;
15121142;8906117622697;CEAT;Opona 10.00 - 16, Farmax F2;8 PR, 115 A6, TT;CEAT;1;472,86;2,00;0,00;
15121180;8906117624080;CEAT;Opona 7.50 - 18, Farmax F2;8 PR, 106 A6 / 98 A8, TT;CEAT;1;262,00;1,00;0,00;
15121200;8906117624103;CEAT;Opona 7.50 - 20, Farmax F2;8 PR, 108 A6, TT;CEAT;1;304,26;10,00;0,00;
15122154;8906117622390;CEAT;Opona 8.3 - 24, Farmax;8 PR, 105 A8, TT;CEAT;1;359,19;10,00;0,00;
15122172;8906117622406;CEAT;Opona 9.5 - 24, Farmax;8 PR, 112 A8, TT;CEAT;1;517,26;10,00;0,00;
15122190;8906117622420;CEAT;Opona 11.2 - 24, IRR-O-GATOR;4 PR, 110 A6, TT;(280 / 85 R 24), CEAT;1;660,82;1,00;0,00;
15122191;8906117622413;CEAT;Opona 11.2 - 24, Farmax;8 PR, 116 A8, TT;CEAT;1;665,26;2,00;0,00;
15122192;8906117622437;CEAT;Opona 12.4 - 24, Farmax;8 PR, 121 A8, TT;CEAT;1;587,38;10,00;0,00;
15122211;8906117622444;CEAT;Opona 13.6 - 24, Farmax;8 PR, 122 A8, TT;CEAT;1;752,19;10,00;0,00;
15122213;8906117622468;CEAT;Opona 14.9 - 24, Farmax;8 PR, 128 A8, TT;CEAT;1;955,02;10,00;0,00;
15122214;8906117622451;CEAT;Opona 14.9 - 24, IRR-O-GATOR;8 PR, 123 A6, TT;CEAT;1;929,67;10,00;0,00;
15122267;8906117622475;CEAT;Opona 16.9 - 24, Farmax;8 PR, 133 A8, TT;CEAT;1;1140,96;10,00;0,00;
15122268;8906117620839;CEAT;Opona 15.5 / 80 - 24, Lift Pro;16 PR, 151 A6 / 163 A6, TL;CEAT;1;1183,22;5,00;0,00;
15122301;8906117622666;CEAT;Opona 18.4 - 26, Farmax;12 PR, 146 A8, TT;CEAT;1;1352,25;3,00;0,00;
15122367;8906117620822;CEAT;Opona 23.1 - 26, C305;16 PR, 159 A8, TL;CEAT;1;2746,75;10,00;0,00;
15122415;8906117622482;CEAT;Opona 11.2 - 28, Farmax;8 PR, 118 A8, TT;CEAT;1;633,87;10,00;0,00;
15122435;8906117622505;CEAT;Opona 12.4 - 28, Farmax;8 PR, 123 A8, TT;CEAT;1;650,77;10,00;0,00;
15122458;8906117622512;CEAT;Opona 13.6 - 28, Farmax;8 PR, 125 A8, TT;CEAT;1;887,41;6,00;0,00;
15122531;8906117622536;CEAT;Opona 16.9 - 28, Farmax;12 PR, 143 A8, TT;CEAT;1;1195,89;10,00;0,00;
15122574;8906117622543;CEAT;Opona 16.9 - 30, Farmax;10 PR, 140 A8, TT;CEAT;1;1225,47;10,00;0,00;
15122591;8906117622550;CEAT;Opona 18.4 - 30, Farmax;12 PR, 149 A8, TT;CEAT;1;1563,53;10,00;0,00;
15122733;8906117622567;CEAT;Opona 18.4 - 34, Farmax;8 PR, 142 A8, TT;CEAT;1;1998,00;8,00;0,00;
15122785;8906117622598;CEAT;Opona 15.5 - 38, Farmax;10 PR, 137 A8, TT;CEAT;1;1267,73;8,00;0,00;
15122803;8906117622611;CEAT;Opona 16.9 - 38, Farmax;10 PR, 143 A8, TT;CEAT;1;1849,26;10,00;0,00;
15122805;8906117622635;CEAT;Opona 18.4 - 38, Farmax;12 PR, 152 A8, TT;CEAT;1;1943,85;2,00;0,00;
15125000;8906117624394;CEAT;Opona 320 / 65 R 16, Farmax R65;117 D, TL;CEAT;1;864,32;10,00;0,00;
15125010;8906117624400;CEAT;Opona 320 / 65 R 18, Farmax R65;109 D, TL;CEAT;1;1037,48;8,00;0,00;
15125013;8906117626220;CEAT;Opona 340 / 65 R 18, Farmax R65;122 D, TL;CEAT;1;921,22;6,00;0,00;
15125107;8906117621430;CEAT;Opona 480 / 65 R 28, Farmax R65;136 D, TL;CEAT;1;2354,68;6,00;0,00;
15125230;8906117625797;CEAT;Opona 600 / 70 R 30, Farmax R70;158 D, TL;CEAT;1;3478,00;2,00;0,00;
15126070;8906117622048;CEAT;Opona 210 / 95 R 32, Farmax RC;120 A8 / 117 D, TL;(8.3R32), CEAT;1;845,15;10,00;0,00;
15126100;8906117622055;CEAT;Opona 230 / 95 R 32, Farmax RC;131 A8 / 128 D, TL;CEAT;1;1014,18;10,00;0,00;
15126125;8906117622062;CEAT;Opona 270 / 95 R 32, Farmax RC;136 A8 / 133 D, TL;(11.2R32), CEAT;1;1056,44;10,00;0,00;
15126149;8906117622079;CEAT;Opona 230 / 95 R 36, Farmax RC;130 A8 / 127 D, TL;CEAT;1;1208,57;10,00;0,00;
15126150;8906117622086;CEAT;Opona 230 / 95 R 36, Farmax RC;130 A8 / 130 D, TL;CEAT;1;1184,00;10,00;0,00;
15126165;8906117622093;CEAT;Opona 270 / 95 R 36, Farmax RC;139 A8 / 136 D, TL;(11.2R26), CEAT;1;1309,99;9,00;0,00;
15126186;8906117622116;CEAT;Opona 270 / 95 R 38, Farmax RC;143 A8 / 140 D, TL;(11.2R38), CEAT;1;1352,25;10,00;0,00;
15126188;8906117623199;CEAT;Opona 230 / 95 R 40, Farmax RC;135 A8 / 132 D, TL;CEAT;1;1428,31;8,00;0,00;
15126191;8906117623205;CEAT;Opona 230 / 95 R 42, Farmax RC;136 A8 / 133 D, TL;CEAT;1;1479,02;10,00;0,00;
15126193;8906117622130;CEAT;Opona 270 / 95 R 42, Farmax RC;142 A8 / 139 D, TL;(11.2R42), CEAT;1;1479,02;10,00;0,00;
15126255;8906117622185;CEAT;Opona 230 / 95 R 44, Farmax RC;137 A8 / 134 D, TL;CEAT;1;1267,73;10,00;0,00;
15126306;8906117622239;CEAT;Opona 300 / 95 R 46, Farmax RC;151 A8 / 148 D, TL;(12.4R46), CEAT;1;2028,37;10,00;0,00;
15126310;8906117622253;CEAT;Opona 340 / 85 R 46, Farmax RC;153 A8 / 150 D, TL;CEAT;1;2345,30;6,00;0,00;
15126335;8906117622284;CEAT;Opona 230 / 95 R 48, Farmax RC;139 A8 / 136 D, TL;CEAT;1;1276,18;8,00;0,00;
15126365;8906117622291;CEAT;Opona 270 / 95 R 48, Farmax RC;145 A8 / 142 D, TL;(11.2R48), CEAT;1;1690,31;10,00;0,00;
15126395;8906117622307;CEAT;Opona 340 / 85 R 48, Farmax RC;151 A8 / 148 D, TL;(13.6R48), CEAT;1;2387,56;10,00;0,00;
15126669;8906117622208;CEAT;Opona 270 / 95 R 44, Farmax RC;145 A8 / 142 D, TL;(11.2R44), CEAT;1;1563,53;10,00;0,00;
15126670;8906117622215;CEAT;Opona 270 / 95 R 46, Farmax RC;144 A8 / 141 D, TL;(11.2R46), CEAT;1;1626,92;4,00;0,00;
15126678;8906117623212;CEAT;Opona 320 / 90 R 50, Farmax RC;153 A8 / 150 D, TL;CEAT;1;2324,17;10,00;0,00;
15126682;8906117623243;CEAT;Opona 300 / 95 R 52, Farmax RC;152 A8 / 149 D, TL;(12.4R52), CEAT;1;2239,66;10,00;0,00;
15126700;8906117623250;CEAT;Opona 270 / 95 R 54, Farmax RC;149 A8 / 146 D, TL;(11.2R54), CEAT;1;2627,00;4,00;0,00;
15126701;8906117626855;CEAT;Opona 320 / 90 R 54, Farmax RC;156 A8 / 153 D, TL;CEAT;1;2577,72;6,00;0,00;
15126731;8906117621409;CEAT;Opona 540 / 65 R 24, Farmax R65;140 D, TL;CEAT;1;2760,20;1,00;0,00;
15126732;8906117625377;CEAT;Opona 480 / 65 R 24, Farmax R65;143 A8 / 140 D, TL;CEAT;1;1795,95;10,00;0,00;
15126733;8906117625612;CEAT;Opona 540 / 65 R 24, Farmax R65;146 D, TL;CEAT;1;2290,37;10,00;0,00;
15126734;8906117625292;CEAT;Opona 440 / 65 R 24, Farmax R65;138 A8 / 135 D, TL;CEAT;1;1479,02;10,00;0,00;
15126735;8906117621362;CEAT;Opona 440 / 65 R 24, Farmax R65;128 D, TL;CEAT;1;1784,14;2,00;0,00;
15126744;8906117626565;CEAT;Opona 620 / 75 R 26 CHO, Yieldmax;166 A8 / 166 B, TL, Steel Belted;CEAT;1;4014,48;1,00;0,00;
15126745;8906117623267;CEAT;Opona 620 / 75 R 26 CHO, Yieldmax;166 A8 / 166 B, TL;CEAT;1;4141,25;6,00;0,00;
15126753;8906117625728;CEAT;Opona 600 / 65 R 28, Farmax R65;154 D, TL;CEAT;1;3934,19;10,00;0,00;
15126757;8906117625308;CEAT;Opona 440 / 65 R 28, Farmax R65;138 D, TL;CEAT;1;1648,05;9,00;0,00;
15126771;8906117621508;CEAT;Opona 540 / 65 R 30, Farmax R65;150 D, TL;CEAT;1;3035,48;1,00;0,00;
15126778;8906117621522;CEAT;Opona 600 / 65 R 30, Farmax R65;155 D, TL;CEAT;1;5176,30;10,00;0,00;
15126781;8906117626930;CEAT;Opona 800 / 65 R 32 CHO, Yieldmax;181 A8 / 181 B, TL, Steel Belted;CEAT;1;6549,94;10,00;0,00;
15126786;8906117625650;CEAT;Opona 540 / 65 R 34, Farmax R65;152 D, TL;CEAT;1;2662,24;10,00;0,00;
15126793;8906117625773;CEAT;Opona 600 / 65 R 38, Farmax R65;153 D, TL;CEAT;1;3676,42;10,00;0,00;
15126799;8906117625674;CEAT;Opona 540 / 65 R 38, Farmax R65;153 D, TL;CEAT;1;2797,20;8,00;0,00;
15126805;8906117625865;CEAT;Opona 650 / 85 R 38, Farmax HPT;173 A8 / 170 D, TL;CEAT;1;7350,42;2,00;0,00;
15126811;8906117625766;CEAT;Opona 600 / 65 R 34, Farmax R65;157 D, TL;CEAT;1;3253,84;5,00;0,00;
15126828;8906117621621;CEAT;Opona 650 / 65 R 42, Farmax R65;158 D, TL;CEAT;1;6475,00;6,00;0,00;
15126845;8906117623106;CEAT;Opona IF 600 / 70 R 30, Torquemax;165 D, TL;CEAT;1;3972,22;2,00;0,00;
15126847;8906117626886;CEAT;Opona VF 600 / 70 R 30, Torquemax;170 D, TL, Steel Belted;CEAT;1;4056,74;10,00;0,00;
15126850;8906117626909;CEAT;Opona VF 650 / 60 R 34, Torquemax;168 D, TL, Steel Belted;CEAT;1;5070,92;9,00;0,00;
15126851;8906117626893;CEAT;Opona VF 650 / 60 R 34, Torquemax;168 D, TL, Textil Belted;CEAT;1;4859,64;6,00;0,00;
15126853;8906117623120;CEAT;Opona IF 600 / 70 R 34, Torquemax;167 D, TL;CEAT;1;4648,35;3,00;0,00;
15126860;8906117627920;CEAT;Opona VF 650 / 65 R 34, Torquemax;167 D, TL, Steel Belted;CEAT;1;5239,95;10,00;0,00;
15126900;8906117623052;CEAT;Opona IF 520 / 85 R 38, Torquemax;167 D, TL;CEAT;1;7775,92;2,00;0,00;
15126950;8906117623137;CEAT;Opona IF 710 / 70 R 38, Torquemax;178 D, TL;CEAT;1;7606,39;10,00;0,00;
15126980;8906117623182;CEAT;Opona IF 710 / 70 R 42, Torquemax;179 D, TL;CEAT;1;8028,96;2,00;0,00;
15126981;8906117624387;CEAT;Opona VF 710 / 70 R 42, Torquemax;185 D, TL;CEAT;1;10484,32;2,00;0,00;
15126983;8906117626572;CEAT;Opona VF 710 / 70 R 42, Torquemax;185 D, TL, Steel Belted;CEAT;1;8028,96;3,00;0,00;
15126984;8906117626305;CEAT;Opona VF 710 / 75 R 42, Torquemax;184 D, TL, Steel Belted;CEAT;1;10226,36;6,00;0,00;
15127412;8906117625940;CEAT;Opona 420 / 80 R 46, Farmax R80;162 A8 / 159 D, TL;CEAT;1;3211,59;10,00;0,00;
15127520;8906117620860;CEAT;Opona 280 / 85 R 20, Farmax R85;112 A8 / 112 B, TL;CEAT;1;888,00;1,00;0,00;
15127789;8906117622161;CEAT;Opona 320 / 90 R 42, Farmax RC;147 A8 / 144 D, TL;CEAT;1;2112,89;10,00;0,00;
15127799;8906117622260;CEAT;Opona 380 / 90 R 46, Farmax RC;165 A8 / 165 B, TL;(14.9R46), CEAT;1;2535,46;10,00;0,00;
15127865;8906117621881;CEAT;Opona 480 / 70 R 30, Farmax R70;147 D / 150 A8, TL;CEAT;1;2915,60;1,00;0,00;
15128245;8906117625889;CEAT;Opona 710 / 70 R 38, Farmax R70;181 A8 / 178 D, TL;CEAT;1;5704,79;6,00;0,00;
15128572;8906117626008;CEAT;Opona 340 / 85 R 24, Farmax R85;128 A8 / 125 D, TL;CEAT;1;1001,51;10,00;0,00;
15128581;8906117620938;CEAT;Opona 380 / 85 R 24, Farmax R85;131 A8 / 131 B, TL;CEAT;1;1983,20;1,00;0,00;
15128582;8906117626015;CEAT;Opona 380 / 85 R 24, Farmax R85;134 A8 / 131 D, TL;CEAT;1;1297,31;10,00;0,00;
15128602;8906117626145;CEAT;Opona 380 / 85 R 28, Farmax R85;136 A8 / 133 D, TL;CEAT;1;1394,50;10,00;0,00;
15128693;8906117626039;CEAT;Opona 420 / 85 R 34, Farmax R85;145 A8 / 142 D, TL;CEAT;1;1986,11;9,00;0,00;
15128794;8906117626077;CEAT;Opona 520 / 85 R 42, Farmax R85;172 A8 / 169 D, TL;CEAT;1;3549,65;4,00;0,00;
15128800;8906117624325;CEAT;Opona 280 / 70 R 16, Farmax R70;112 A8 / 112 B, TL;CEAT;1;665,32;1,00;0,00;
15128805;8906117625872;CEAT;Opona 650 / 85 R 38, Farmax HPT;176 A8 / 173 D, TL;CEAT;1;5493,50;10,00;0,00;
15128827;8906117624226;CEAT;Opona 380 / 70 R 24, Farmax R70;128 A8 / 125 D, TL;CEAT;1;1479,26;1,00;0,00;
15128829;8906117626107;CEAT;Opona 420 / 70 R 24, Farmax R70;133 A8 / 130 D, TL;CEAT;1;1436,76;8,00;0,00;
15128830;8906117621799;CEAT;Opona 480 / 70 R 24, Farmax R70;138 A8 / 138 B, TL;CEAT;1;2158,90;2,00;0,00;
15128843;8906117626114;CEAT;Opona 420 / 70 R 28, Farmax R70;136 A8 / 133 D, TL;CEAT;1;1648,05;10,00;0,00;
15128864;8906117621874;CEAT;Opona 480 / 70 R 30, Farmax R70;141 A8 / 141 B, TL;CEAT;1;2812,00;4,00;0,00;
15128875;8906117621973;CEAT;Opona 600 / 70 R 30, Farmax R70;152 A8 / 152 B, TL;CEAT;1;4209,86;6,00;0,00;
15128881;8906117621928;CEAT;Opona 520 / 70 R 34, Farmax R70;148 A8 / 148 B, TL;CEAT;1;3598,17;7,00;0,00;
15128901;8906117626138;CEAT;Opona 520 / 70 R 38, Farmax R70;153 A8 / 150 D, TL;CEAT;1;2789,01;10,00;0,00;
15128915;8906117621997;CEAT;Opona 710 / 70 R 38, Farmax R70;172 A8 / 172 B, TL;CEAT;1;7281,60;4,00;0,00;
15128920;8906117623175;CEAT;Opona 580 / 70 R 42, Farmax R70;161 A8 / 158 D, TL;CEAT;1;7739,66;10,00;0,00;
15128925;8906117625919;CEAT;Opona 710 / 70 R 42, Farmax R70;176 A8 / 173 D, TL;CEAT;1;5704,79;10,00;0,00;
15128950;8906117624424;CEAT;Opona VF 380 / 90 R 46, Spraymax;173 D, TL, Steel Belted;CEAT;1;4648,35;10,00;0,00;
15128991;8906117626329;CEAT;Opona VF 380 / 90 R 54, Spraymax;176 D, TL, Steel Belted;CEAT;1;5493,50;4,00;0,00;
15131071;8906117620679;CEAT;Opona 12.5 - 18, MPT 602;12 PR, 134 D, TL;CEAT;1;845,15;10,00;0,00;
15131080;8906117620693;CEAT;Opona 18 - 19.5, MPT 503;16 PR, 160 A8, TL;(445/65-19.5), CEAT;1;1479,02;10,00;0,00;
15131161;8906117620686;CEAT;Opona 12.5 - 20, MPT 602;12 PR, 135 D, TL;CEAT;1;845,15;10,00;0,00;
15131210;8906117620716;CEAT;Opona 405 / 70 - 20, MPT 602;14 PR, 148 D, TL;CEAT;1;1420,80;2,00;0,00;
15131220;8906117620709;CEAT;Opona 18 - 22.5, MPT 503;16 PR, 163 A8, TL;CEAT;1;1817,08;10,00;0,00;
15131233;8906117620747;CEAT;Opona 405 / 70 - 24, MPT 800;14 PR, 152 B, TL;CEAT;1;1622,82;1,00;0,00;
15172114;8906117620600;CEAT;Opona 10 - 16.5, Grip Master Loader HD;10 PR, TL;CEAT;1;338,06;10,00;0,00;
15172115;8906117620617;CEAT;Opona 12 - 16.5, Grip Master Loader HD;12 PR, TL;CEAT;1;507,09;4,00;0,00;
15172160;8906117620624;CEAT;Opona 14 - 17.5, Loader Pro HD;14 PR, TL;CEAT;1;718,38;10,00;0,00;
15172442;8906117620808;CEAT;Opona 18.4 - 26, Tyrock;12 PR, 156 A8, TL;CEAT;1;1521,28;10,00;0,00;
15172541;8906117620556;CEAT;Opona 13.00 - 24, Grader XL;12 PR, TL, G2 / L2;CEAT;1;1818,18;4,00;0,00;
15172543;8906117620150;CEAT;Opona 17.5 - 25, Trac-XL;16 PR, TL, E3 / L3;CEAT;1;2590,00;3,00;0,00;
15172581;8906117620204;CEAT;Opona 23.5 - 25, Trac-XL;20 PR, TL, E3 / L3;CEAT;1;4141,25;10,00;0,00;
15172672;8906117620228;CEAT;Opona 26.5 - 25, Trac-XL;28 PR, TL, E3 / L3;CEAT;1;6761,23;4,00;0,00;
15185312;8906117620846;CEAT;Opona 460 / 70 R 24, Lift Pro;159 A8 / 159 B, TL;CEAT;1;2281,92;10,00;0,00;
15185313;8906117624608;CEAT;Opona 460 / 70 R 24, Loadpro;159 A8 / 159 B, TL, Steel Belted;CEAT;1;2368,00;10,00;0,00;
15185314;8906117626503;CEAT;Opona 500 / 70 R 24, Loadpro;164 A8 / 164 B, TL, Steel Belted;(19.5LR24), CEAT;1;2619,98;10,00;0,00;
15211621;8903635008798;Alliance;Opona 10.0 / 75 - 15.3, 320;18 PR, 122 A8 / 135 A8, TL;Alliance;1;418,55;2,00;0,00;
15211631;8903635012146;Alliance;Opona 11.5 / 80 - 15.3, 320 Value Plus;14 PR, 145 A6 / 141 A8, TL;Alliance;1;301,40;10,00;0,00;
15211639;8903635000969;Alliance;Opona 31 x 15.50 - 15, 332;8 PR, 116 B, TL;AS, Alliance;1;753,50;2,00;0,00;
15211647;8903635000013;Alliance;Opona 31 x 15.50 - 15, 221;8 PR, 118 A8 / 116 B, TL;Alliance;1;557,78;10,00;0,00;
15211654;8903635000853;Alliance;Opona 400 / 60 - 15.5, Flotation 328;14 PR, 132 A8 / 145 A8, TL;Alliance;1;645,85;2,00;0,00;
15211659;8903635001546;Alliance;Opona 8.25 - 16, 324;6 PR, 109 A6 / 105 A8, TT;Alliance;1;418,55;6,00;0,00;
15211664;8903635012290;Alliance;Opona 400 / 60 - 15.5, 320 Value Plus;16 PR, 152 A6 / 148 A8, TL;Alliance;1;538,21;10,00;0,00;
15211665;8903635001539;Alliance;Opona 7.50 - 16, 324;8 PR, 112 A6, TT;Alliance;1;335,72;1,00;0,00;
15211667;8903635004318;Alliance;Opona 340 / 55 - 16, FarmPRO 327;12 PR, 121 A8 / 133 A8, TL;(13.0/55-16), Alliance;1;465,25;10,00;0,00;
15211676;8903635006428;Alliance;Opona 480 / 45 - 17, FarmPRO 327;14 PR, 134 A8 / 146 A8, TL;(19.0/45-17), Alliance;1;962,00;4,00;0,00;
15211683;8903635010425;Alliance;Opona 380 / 55 - 17, FarmPRO 327;12 PR, 125 A8 / 138 A8, TL;(15.0/55-17), Alliance;1;517,25;4,00;0,00;
15211687;8903635020660;Alliance;Opona 15.0 / 55 - 17, 320 Value Plus;14 PR, 141 A6 / 138 A8, TL;Alliance;1;555,00;10,00;0,00;
15211688;8903635019572;Alliance;Opona 19.0 / 45 - 17, 320 Value Plus;14 PR, 148 A6 / 144 A8, TL;Alliance;1;640,60;4,00;0,00;
15211689;8903635020646;Alliance;Opona 500 / 50 - 17, 320 Value Plus;14 PR, 153 A6 / 149 A8, TL;Alliance;1;821,24;10,00;0,00;
15211691;8903635019558;Alliance;Opona 15.0 / 55 - 17, 320 Value Plus;10 PR, 138 A6 / 134 A8, TL;Alliance;1;452,10;10,00;0,00;
15211695;8903635006459;Alliance;Opona 500 / 50 - 17, FarmPRO 327;18 PR, 141 A8 / 154, TL;Alliance;1;1025,68;7,00;0,00;
15212250;7291050039222;Alliance;Opona 400 / 55 - 17.5, Flotation 328;16 PR, 136 A8 / 149 A8, TL;Alliance;1;1697,12;6,00;0,00;
15212311;8903635019527;Alliance;Opona 10.5 / 80 - 18, 320 Value Plus;10 PR, 135 A6 / 131 A8, TL;Alliance;1;442,34;3,00;0,00;
15212332;8903635019534;Alliance;Opona 12.5 / 80 - 18, 320 Value Plus;12 PR, 145 A6 / 142 A8, TL;Alliance;1;550,73;4,00;0,00;
15212337;8903635020653;Alliance;Opona 12.5 / 80 - 18, 320 Value Plus;16 PR, 152 A6 / 148 A8, TL;Alliance;1;572,76;9,00;0,00;
15212485;8903635002505;Alliance;Opona 16.0 / 70 - 20, 320;14 PR, 154 A8 / 150 B, TT;Alliance;1;835,34;2,00;0,00;
15212584;8903635021155;Alliance;Opona 500 / 60 - 22.5, Flotation 328;18 PR, 153 A8 / 165 A8, TL;Alliance;1;2051,35;4,00;0,00;
15212591;8903635011378;Alliance;Opona 550 / 45 - 22.5, 328 Value Plus;16 PR, 147 A8 / 159 A8, TL;Alliance;1;1327,92;4,00;0,00;
15212592;7291050013253;Alliance;Opona 550 / 45 - 22.5, Forestry 331;12 PR, 147 A2 / 140 A8, TL;Alliance;1;3750,24;1,00;0,00;
15212598;8903635002611;Alliance;Opona 550 / 45 - 22.5, Flotation 328;16 PR, 147 A8 / 159 A8, TL;Alliance;1;1628,00;5,00;0,00;
15212610;8903635005773;Alliance;Opona 560 / 60 - 22.5, FarmPRO 327;16 PR, 157 A8 / 169 A8, TL;Alliance;1;2196,74;10,00;0,00;
15212616;8903635003274;Alliance;Opona 550 / 60 - 22.5, Flotation 328;16 PR, 154 A8 / 166 A8, TL;Alliance;1;1850,00;4,00;0,00;
15212659;8903635029168;Alliance;Opona 710 / 40 - 22.5, Forestar 644 III;20 PR, 186 A2 / 161 A8, TT, Steel Belted;(710/40-22.5), Alliance;1;4486,89;4,00;0,00;
15212670;7291050039505;Alliance;Opona 700 / 50 - 22.5, Flotation 328;16 PR, 167 D / 166 E, TL, High Speed;Alliance;1;4440,00;1,00;0,00;
15212705;7291050014069;Alliance;Opona 500 / 60 - 26.5, Forestry 331;16 PR, 170 A2 / 163 A8, TL;Alliance;1;4810,00;2,00;0,00;
15212721;7291050008204;Alliance;Opona 600 / 55 - 26.5, Flotation 328;16 PR, 167 B / 163 C, TL, High Speed;Alliance;1;4144,00;1,00;0,00;
15212758;8903635022930;Alliance;Opona 710 / 45 - 26.5, Forestar 644 III;20 PR, 175 A2 / 168 A8, TT, LS-2, Steel Belted;Alliance;1;5402,00;2,00;0,00;
15212820;7291050042178;Alliance;Opona 700 / 50 - 26.5, Flotation 331;16 PR, 162 A8 / 174 A8, TL;Alliance;1;7979,42;1,00;0,00;
15212843;8903635022947;Alliance;Opona 750 / 55 - 26.5, Forestar 644 III;24 PR, 189 A2 / 182 A8, TT, Steel Belted;Alliance;1;7460,82;4,00;0,00;
15212849;7291050056977;Alliance;Opona 750 / 55 - 26.5, Forestar 344;20 PR, 184 A2 / 177 A8, TL, LS-2;Alliance;1;8140,00;2,00;0,00;
15215505;8903635021940;Alliance;Opona 500 / 50 R 17, 882;149 D, TL;Alliance;1;1157,85;4,00;0,00;
15215530;7291050055246;Alliance;Opona 560 / 60 R 22.5, 390;164 D, TL, Steel Belted;Alliance;1;3493,81;4,00;0,00;
15215531;8903635015192;Alliance;Opona 560 / 60 R 22.5, 882;165 D, TL, Steel Belted;Alliance;1;2368,13;6,00;0,00;
15215562;8903635018919;Alliance;Opona 600 / 50 R 22.5, 882;162 D / 159 E, TL, Steel Belted;Alliance;1;3456,81;6,00;0,00;
15215600;8903635013112;Alliance;Opona 560 / 60 R 22.5, 380;164 D / 161 E, TL, Steel Belted;Alliance;1;2368,13;8,00;0,00;
15215692;7291050057479;Alliance;Opona 600 / 55 R 26.5, 380 Industrial HD;177 D, TL, HD, Steel Belted;Alliance;1;5032,00;1,00;0,00;
15215740;7291050022552;Alliance;Opona 650 / 60 R 26.5, 380;173 D, TL, Steel Belted;Alliance;1;4613,77;7,00;0,00;
15215825;7291050022859;Alliance;Opona 28 L R 26, 390;176 A8 / 173 B, TL, Steel Belted;Alliance;1;9472,00;2,00;0,00;
15216050;7291050060622;Alliance;Opona 500 / 50 R 17, Flotmaster 381;146 D, TL;Alliance;1;1480,36;3,00;0,00;
15216131;8903635012672;Alliance;Opona 620 / 40 R 22.5, Flotmaster 381;148 D, TL, Textil Belted;Alliance;1;2554,49;8,00;0,00;
15216142;8903635012993;Alliance;Opona 620 / 50 R 22.5, Flotmaster 381;161 D, TL, Textil Belted;Alliance;1;3606,60;2,00;0,00;
15216170;8903635021575;Alliance;Opona 620 / 55 R 26.5, Flotmaster 381;166 D, TL, Steel Belted;Alliance;1;3795,18;9,00;0,00;
15216245;8903635017134;Alliance;Opona 710 / 45 R 22.5, 885;165 D, TL, Steel Belted;Alliance;1;2960,00;6,00;0,00;
15216248;8903635015086;Alliance;Opona 600 / 55 R 26.5, 885;165 D, TL, Steel Belted;Alliance;1;3256,00;1,00;0,00;
15216249;8903635016335;Alliance;Opona 650 / 50 R 22.5, 885;163 D, TL, Steel Belted;Alliance;1;3108,00;10,00;0,00;
15216250;8903635014102;Alliance;Opona 650 / 55 R 26.5, 885;170 D, TL, Steel Belted;Alliance;1;2712,59;2,00;0,00;
15216252;8903635017592;Alliance;Opona 650 / 65 R 26.5, 885;174 D, TL, Steel Belted;Alliance;1;4810,00;2,00;0,00;
15216265;8903635015840;Alliance;Opona 750 / 60 R 30.5, 885;181 D, TL, Steel Belted;Alliance;1;4958,00;4,00;0,00;
15221129;8903635019329;Alliance;Opona 6.00 - 16, FarmPRO 303;6 PR, 88 A6 / 80 A8, TT;Alliance;1;163,01;3,00;0,00;
15222035;8903635028000;Alliance;Opona 5 - 12, FarmPRO 324;4 PR, 56 A6, TT;Alliance;1;116,25;5,00;0,00;
15222043;8903635027584;Alliance;Opona 7 - 14, FarmPRO 324;4 PR, 72 A6, TT;Alliance;1;181,52;10,00;0,00;
15222049;8903635027898;Alliance;Opona 6.50 - 16, FarmPRO 324;8 PR, 98 A6, TT;Alliance;1;236,15;10,00;0,00;
15222052;8903635023050;Alliance;Opona 8 - 16, FarmPRO 324;6 PR, 91 A6, TT;Alliance;1;244,96;1,00;0,00;
15222075;8903635022756;Alliance;Opona 8.00 - 20, FarmPRO 324;8 PR, 111 A6, TT;Alliance;1;452,10;1,00;0,00;
15222172;8903635013891;Alliance;Opona 9.5 - 24, FarmPRO 324;8 PR, 112 A8, TT;Alliance;1;397,40;6,00;0,00;
15222192;8903635013785;Alliance;Opona 12.4 - 24, FarmPRO 324;8 PR, 121 A8, TT;Alliance;1;658,60;10,00;0,00;
15222211;8903635014720;Alliance;Opona 13.6 - 24, FarmPRO 324;8 PR, 123 A8, TT;Alliance;1;704,93;10,00;0,00;
15222213;8903635014737;Alliance;Opona 14.9 - 24, FarmPRO 324;8 PR, 128 A8, TT;Alliance;1;801,86;6,00;0,00;
15222214;8903635020684;Alliance;Opona 14.9 - 24, FarmPRO 324;12 PR, 136 A8, TT;Alliance;1;930,51;3,00;0,00;
15222267;8903635014744;Alliance;Opona 16.9 - 24, FarmPRO 324;8 PR, 133 A8, TT;Alliance;1;1011,58;4,00;0,00;
15222268;8903635000815;Alliance;Opona 15.5 / 80 - 24, 324;12 PR, 157 A6 / 154 A8, TL;Alliance;1;1291,71;10,00;0,00;
15222301;8903635014003;Alliance;Opona 18.4 - 26, FarmPRO 324;12 PR, 146 A8, TL;Alliance;1;1268,88;10,00;0,00;
15222330;7291050044677;Alliance;Opona 18.4 / 15 - 26, Forestry 356;10 PR, 148 A2 / 141 A8, TL, R1;Alliance;1;3143,16;3,00;0,00;
15222372;8903635000990;Alliance;Opona 23.1 - 26, 347;16 PR, 159 A8, TT;Alliance;1;2892,86;2,00;0,00;
15222435;8903635013778;Alliance;Opona 12.4 - 28, FarmPRO 324;8 PR, 123 A8, TT;Alliance;1;777,00;2,00;0,00;
15222481;8903635014751;Alliance;Opona 14.9 - 28, FarmPRO 324;8 PR, 130 A8, TT;Alliance;1;1036,00;10,00;0,00;
15222531;8903635014775;Alliance;Opona 16.9 - 28, FarmPRO 324;8 PR, 135 A8, TT;Alliance;1;1184,00;10,00;0,00;
15222574;8903635014805;Alliance;Opona 16.9 - 30, FarmPRO 324;8 PR, 137 A8, TT;Alliance;1;1145,51;4,00;0,00;
15222580;8903635000730;Alliance;Opona 18.4 - 30, 324;14 PR, 152 A8, TT;Alliance;1;1719,15;4,00;0,00;
15222591;8903635014829;Alliance;Opona 18.4 - 30, FarmPRO 324;8 PR, 139 A8, TT;Alliance;1;1343,77;2,00;0,00;
15222685;8903635001553;Alliance;Opona 9.5 - 32, 324;6 PR, 106 A8, TT;Alliance;1;585,98;2,00;0,00;
15222693;8903635023098;Alliance;Opona 12.4 - 32, Deep Lug 337;8 PR, 124 A6, TT;Alliance;1;929,63;6,00;0,00;
15222730;8903635000785;Alliance;Opona 18.4 - 34, 324;14 PR, 153 A8, TT;Alliance;1;1854,85;1,00;0,00;
15222733;8903635014836;Alliance;Opona 18.4 - 34, FarmPRO 324;8 PR, 142 A8, TT;Alliance;1;1636,16;10,00;0,00;
15222802;8903635014799;Alliance;Opona 16.9 - 38, FarmPRO 324;8 PR, 141 A8, TT;Alliance;1;1506,99;10,00;0,00;
15222804;8903635014843;Alliance;Opona 18.4 - 38, FarmPRO 324;8 PR, 143 A8, TT;Alliance;1;1740,30;3,00;0,00;
15223090;7291050046305;Alliance;Opona 420 / 70 - 28, Agro Forestry 370;14 PR, 147 A2 / 140 A8, TL, R1-W;Alliance;1;3492,05;1,00;0,00;
15223305;8903635010678;Alliance;Opona 380 / 85 - 24, Agro Forestry 333;14 PR, 137 A8 / 134 B, TL, R1-W, Steel Belted;Alliance;1;1991,43;7,00;0,00;
15223320;8903635010661;Alliance;Opona 380 / 85 - 28, Agro Forestry 333;14 PR, 139 A8 / 136 B, TL, R1-W, Steel Belted;Alliance;1;2198,50;6,00;0,00;
15223330;8903635011958;Alliance;Opona 420 / 85 - 28, Agro Forestry 333;14 PR, 144 A8 / 141 B, TL, R1-W, Steel Belted;Alliance;1;2678,74;4,00;0,00;
15223333;8903635012115;Alliance;Opona 420 / 85 - 30, Agro Forestry 333;14 PR, 145 A8 / 142 B, TL, R1-W, Steel Belted;Alliance;1;2820,61;1,00;0,00;
15223336;8903635012214;Alliance;Opona 420 / 85 - 34, Agro Forestry 333;14 PR, 147 A8 / 144 B, TL, R1-W, Steel Belted;Alliance;1;3478,00;2,00;0,00;
15223350;8903635010128;Alliance;Opona 460 / 85 - 38, Agro Forestry 333;14 PR, 154 A8 / 151 B, TL, R1-W, Steel Belted;Alliance;1;5554,34;2,00;0,00;
15223360;8903635011590;Alliance;Opona 520 / 85 - 38, Agro Forestry 333;14 PR, 160 A8 / 157 B, TL, Steel Belted;Alliance;1;5026,16;6,00;0,00;
15225144;7291050071147;Alliance;Opona VF 600 / 60 R 30, Agriflex 372 +;147 D, TL, Steel Belted;Alliance;1;3550,21;1,00;0,00;
15225145;7291050021340;Alliance;Opona 600 / 70 R 30, 370;152 A8 / 152 B, TL;Alliance;1;3910,61;1,00;0,00;
15225181;8903635047001;Alliance;Opona VF 710 / 60 R 34, Agriflex 372 +;173 D, TL, Steel Belted;Alliance;1;5590,99;1,00;0,00;
15225239;7291050062718;Alliance;Opona 650 / 75 R 38, Agristar 378 XL;169 D, TL;Alliance;1;8513,81;2,00;0,00;
15226020;8903635008132;Alliance;Opona 19.5L R 24, 570;156 A8 / 153 B, TL, Steel Belted;Alliance;1;2294,00;2,00;0,00;
15226100;8903635015093;Alliance;Opona 230 / 95 R 32, 350;131 A8 / 128 D, TL;(9.5R32), Alliance;1;928,74;10,00;0,00;
15226130;8903635021339;Alliance;Opona 320 / 85 R 34, 350;141 A8, TL;(12.4R34), Alliance;1;1467,14;4,00;0,00;
15226165;8903635011880;Alliance;Opona 270 / 95 R 36, 350;139 A8 / 136 D, TL;(11.2R36), Alliance;1;1776,00;3,00;0,00;
15226185;8903635011897;Alliance;Opona 270 / 95 R 38, 350;140 A8 / 137 D, TL;(11.2R38), Alliance;1;1388,71;4,00;0,00;
15226255;8903635011903;Alliance;Opona 230 / 95 R 44, 350;137 A8 / 134 D, TL;(9.5R44), Alliance;1;1480,00;2,00;0,00;
15226306;8903635011910;Alliance;Opona 300 / 95 R 46, 350;151 A8 / 148 D, TL;(12.4R46), Alliance;1;2072,00;1,00;0,00;
15226745;7291050022132;Alliance;Opona 620 / 75 R 26, Agristar 375;166 A8 / 166 B, TL, Steel Belted;Alliance;1;6660,00;2,00;0,00;
15226762;7291050066297;Alliance;Opona 680 / 85 R 32, Multistar 376;178 A8, TL;Alliance;1;6078,27;1,00;0,00;
15226794;8903635010654;Alliance;Opona 650 / 65 R 38, 360;178 A8 / 175 B, TL;Alliance;1;4744,19;2,00;0,00;
15226811;8903635017127;Alliance;Opona 600 / 65 R 34, Agristar 365;160 A8 / 157 D, TL;Alliance;1;3848,00;1,00;0,00;
15226831;8903635023111;Alliance;Opona 620 / 70 R 42, 360;173 A8 / 170 B, TL;Alliance;1;7400,00;2,00;0,00;
15227070;7291050017602;Alliance;Opona 14.9 R 26, Power Drive 356;127 A8 / 124 B, TL;Alliance;1;2289,26;3,00;0,00;
15227430;7291050046442;Alliance;Opona 520 / 85 R 46, Agristar 375;173 A8 / 169 D, TL;(20.8R46), Alliance;1;6494,18;4,00;0,00;
15227680;8903635013167;Alliance;Opona 380 / 85 R 34, FarmPRO II;137 A8 / 137 B, TL;(14.9R34), Alliance;1;1186,93;1,00;0,00;
15227799;8903635007814;Alliance;Opona 380 / 90 R 46, FarmPRO Radial 90;165 A8 / 165 B, TL;(14.9R46), Alliance;1;3330,00;6,00;0,00;
15227827;8903635022978;Alliance;Opona 400 / 75 R 38, FarmPRO II;134 A8 / 134 B, TL;(15.5R38), Alliance;1;2072,00;10,00;0,00;
15228152;8903635028451;Alliance;Opona 480 / 70 R 34, Agri Star II;155 D, TL;Alliance;1;2381,79;5,00;0,00;
15228245;8903635028475;Alliance;Opona 710 / 70 R 38, Agri Star II;178 D, TL;Alliance;1;5727,57;4,00;0,00;
15228498;8903635028604;Alliance;Opona 480 / 80 R 50, Agri Star II;159 D, TL;Alliance;1;3971,41;6,00;0,00;
15228525;8903635028642;Alliance;Opona 320 / 85 R 20, Agri Star II;119 D, TL;Alliance;1;954,60;8,00;0,00;
15228562;8903635028833;Alliance;Opona 320 / 85 R 24, Agri Star II;142 D, TL;Alliance;1;1123,48;4,00;0,00;
15228571;8903635028703;Alliance;Opona 340 / 85 R 24, Agri Star II;125 D, TL;Alliance;1;1110,00;2,00;0,00;
15228581;8903635028222;Alliance;Opona 380 / 85 R 24, Agri Star II;131 D, TL;Alliance;1;1472,60;3,00;0,00;
15228594;8903635028567;Alliance;Opona 420 / 85 R 24, Agri Star II;137 D, TL;Alliance;1;1458,33;9,00;0,00;
15228621;8903635028550;Alliance;Opona 380 / 85 R 28, Agri Star II;133 D, TL;Alliance;1;1310,29;7,00;0,00;
15228631;8903635028505;Alliance;Opona 420 / 85 R 28, Agri Star II;139 D, TL;Alliance;1;1607,24;8,00;0,00;
15228640;8903635028512;Alliance;Opona 380 / 85 R 30, Agri Star II;135 D, TL;Alliance;1;1485,65;8,00;0,00;
15228651;8903635028574;Alliance;Opona 420 / 85 R 30, Agri Star II;140 D, TL;Alliance;1;2183,00;8,00;0,00;
15228661;8903635028543;Alliance;Opona 460 / 85 R 30, Agri Star II;145 D, TL;Alliance;1;2079,55;4,00;0,00;
15228680;8903635028581;Alliance;Opona 380 / 85 R 34, Agri Star II;137 D, TL;Alliance;1;1629,27;4,00;0,00;
15228691;8903635028826;Alliance;Opona 420 / 85 R 34, Agri Star II;142 D, TL;Alliance;1;2072,00;10,00;0,00;
15228692;8903635028482;Alliance;Opona 420 / 85 R 34, Agri Star II;147 D, TL;Alliance;1;2183,00;2,00;0,00;
15228701;8903635028529;Alliance;Opona 460 / 85 R 34, Agri Star II;147 D, TL;Alliance;1;2152,85;10,00;0,00;
15228702;8903635028864;Alliance;Opona 460 / 85 R 34, Agri Star II;157 D, TL;Alliance;1;2511,32;2,00;0,00;
15228715;8903635028727;Alliance;Opona 340 / 85 R 36, Agri Star II;132 D, TL;Alliance;1;1628,00;5,00;0,00;
15228717;8903635028697;Alliance;Opona 320 / 85 R 38, Agri Star II;143 D, TL;Alliance;1;1386,95;10,00;0,00;
15228720;8903635028734;Alliance;Opona 340 / 85 R 38, Agri Star II;133 D, TL;Alliance;1;1416,92;4,00;0,00;
15228721;8903635028840;Alliance;Opona 340 / 85 R 38, Agri Star II;151 D, TL;Alliance;1;1889,22;2,00;0,00;
15228727;8903635028857;Alliance;Opona 380 / 80 R 38, Agri Star II;152 D, TL;Alliance;1;2254,02;2,00;0,00;
15228731;8903635028741;Alliance;Opona 420 / 85 R 38, Agri Star II;144 D, TL;Alliance;1;2590,00;10,00;0,00;
15228781;8903635028765;Alliance;Opona 520 / 85 R 38, Agri Star II;155 D, TL;Alliance;1;3062,05;6,00;0,00;
15228785;8903635028772;Alliance;Opona 520 / 85 R 38, Agri Star II;169 D, TL;Alliance;1;3700,00;10,00;0,00;
15228787;8903635028871;Alliance;Opona 480 / 80 R 42, Agri Star II;169 D, TL;Alliance;1;4134,42;2,00;0,00;
15228791;8903635028758;Alliance;Opona 480 / 80 R 42, Agri Star II;151 D, TL;Alliance;1;3198,63;2,00;0,00;
15228793;8903635028789;Alliance;Opona 520 / 85 R 42, Agri Star II;157 D, TL;Alliance;1;3424,20;10,00;0,00;
15228798;8903635028802;Alliance;Opona 520 / 85 R 46, Agri Star II;158 D, TL;Alliance;1;4884,00;2,00;0,00;
15228808;8903635028376;Alliance;Opona 280 / 70 R 18, Agri Star II;114 D, TL;Alliance;1;740,00;10,00;0,00;
15228812;8903635028390;Alliance;Opona 280 / 70 R 20, Agri Star II;116 D, TL;Alliance;1;660,87;10,00;0,00;
15228814;8903635028291;Alliance;Opona 300 / 70 R 20, Agri Star II;120 D, TL;Alliance;1;708,45;4,00;0,00;
15228815;8903635028406;Alliance;Opona 380 / 70 R 20, Agri Star II;122 D, TL;Alliance;1;1180,76;4,00;0,00;
15228820;8903635028253;Alliance;Opona 320 / 70 R 24, Agri Star II;116 D, TL;Alliance;1;826,54;4,00;0,00;
15228825;8903635028277;Alliance;Opona 360 / 70 R 24, Agri Star II;122 D, TL;Alliance;1;1184,00;5,00;0,00;
15228826;8903635028208;Alliance;Opona 380 / 70 R 24, Agri Star II;125 D, TL;Alliance;1;1406,00;10,00;0,00;
15228830;8903635028321;Alliance;Opona 480 / 70 R 24, Agri Star II;138 D, TL;Alliance;1;1850,00;10,00;0,00;
15228838;8903635028260;Alliance;Opona 380 / 70 R 28, Agri Star II;127 D, TL;Alliance;1;1406,00;4,00;0,00;
15228842;8903635028185;Alliance;Opona 420 / 70 R 28, Agri Star II;133 D, TL;Alliance;1;1665,00;3,00;0,00;
15228846;8903635028246;Alliance;Opona 480 / 70 R 28, Agri Star II;140 D, TL;Alliance;1;2146,00;10,00;0,00;
15228847;8903635028420;Alliance;Opona 480 / 70 R 28, Agri Star II;151 D, TL;Alliance;1;2368,00;6,00;0,00;
15228850;8903635028413;Alliance;Opona 600 / 70 R 28, Agri Star II;161 D, TL;Alliance;1;3330,00;10,00;0,00;
15228860;8903635028338;Alliance;Opona 420 / 70 R 30, Agri Star II;134 D, TL;Alliance;1;1727,09;4,00;0,00;
15228864;8903635028215;Alliance;Opona 480 / 70 R 30, Agri Star II;141 D, TL;Alliance;1;2264,40;10,00;0,00;
15228865;8903635028444;Alliance;Opona 480 / 70 R 30, Agri Star II;156 D, TL;Alliance;1;2812,00;2,00;0,00;
15228875;8903635028154;Alliance;Opona 600 / 70 R 30, Agri Star II;152 D, TL;Alliance;1;3091,13;9,00;0,00;
15228879;8903635028314;Alliance;Opona 480 / 70 R 34, Agri Star II;143 D, TL;Alliance;1;2442,00;8,00;0,00;
15228881;8903635028239;Alliance;Opona 520 / 70 R 34, Agri Star II;148 D, TL;Alliance;1;2517,49;10,00;0,00;
15228890;8903635028307;Alliance;Opona 480 / 70 R 38, Agri Star II;145 D, TL;Alliance;1;2627,00;10,00;0,00;
15228900;8903635028161;Alliance;Opona 520 / 70 R 38, Agri Star II;150 D, TL;Alliance;1;2755,40;10,00;0,00;
15228912;8903635028369;Alliance;Opona 580 / 70 R 38, Agri Star II;180 D, TL;Alliance;1;4144,00;10,00;0,00;
15228915;8903635028130;Alliance;Opona 710 / 70 R 38, Agri Star II;172 D, TL;Alliance;1;4836,71;5,00;0,00;
15228925;8903635028147;Alliance;Opona 710 / 70 R 42, Agri Star II;173 D, TL;Alliance;1;7030,00;10,00;0,00;
15231026;8903635013259;Alliance;Opona 10.5 - 18, 317;10 PR, 126 G, TL, MPT;Alliance;1;600,95;6,00;0,00;
15231047;8903635013266;Alliance;Opona 10.5 - 18, 317;12 PR, 130 G, TL, MPT;Alliance;1;604,48;6,00;0,00;
15231067;8903635009030;Alliance;Opona 12.0 - 18, 317;12 PR, 145 A6, TL;Alliance;1;888,00;8,00;0,00;
15231071;8903635013211;Alliance;Opona 12.5 - 18, 317;12 PR, 131 G, TL, MPT;Alliance;1;919,94;8,00;0,00;
15231153;8903635013297;Alliance;Opona 12.5 - 20, 317;10 PR, 129 G / 132 G, TL, MPT;Alliance;1;729,60;8,00;0,00;
15231161;8903635013303;Alliance;Opona 12.5 - 20, 317;12 PR, 132 G, TL, MPT;Alliance;1;847,68;5,00;0,00;
15231182;8903635013235;Alliance;Opona 14.5 - 20, 317;14 PR, 139 G, TL, MPT;Alliance;1;1132,30;6,00;0,00;
15231210;8903635004325;Alliance;Opona 405 / 70 - 20, Traction Industrial 323;14 PR, 149 B, TL;(16.0/70-20), Alliance;1;1332,00;6,00;0,00;
15231230;8903635004332;Alliance;Opona 405 / 70 - 24, Traction Industrial 323;14 PR, 152 B, TL;(16.0/70-24), Alliance;1;1296,19;4,00;0,00;
15231490;8903635006305;Alliance;Opona 280 / 80 - 18, Tough Trac 325;132 A8, TL;(10.5/80-18), Alliance;1;751,63;2,00;0,00;
15231500;8903635013426;Alliance;Opona 340 / 80 - 20, Tough Trac 325;144 A8, TL;(12.5/80-20), Alliance;1;1139,35;2,00;0,00;
15231505;8903635008231;Alliance;Opona 400 / 80 - 24, Tough Trac 325;162 A8, TL;(15.5/80-24), Alliance;1;1949,14;10,00;0,00;
15235226;8903635027591;Alliance;Opona 460 / 70 R 24, 585;159 A8 / 159 B, TL, Steel Belted;(17.5LR24), Alliance;1;2154,45;2,00;0,00;
15235238;8903635029182;Alliance;Opona 500 / 70 R 24, 585;164 A8 / 164 B, TL, Steel Belted;(19.5LR24), Alliance;1;2626,75;4,00;0,00;
15272084;8903635030003;Alliance;Opona 12.5 / 80 - 18, 321 Plus;12 PR, 129 A8 / 142 A8, TL;Alliance;1;669,69;8,00;0,00;
15272113;8903635016229;Alliance;Opona 10 - 16.5, SK 903;8 PR, 129 A2, TL;Alliance;1;426,26;3,00;0,00;
15272114;8903635018841;Alliance;Opona 10 - 16.5, SK 903;10 PR, 134 A2, TL;Alliance;1;436,60;6,00;0,00;
15272115;8903635018858;Alliance;Opona 12 - 16.5, SK 903;12 PR, 144 A2, TL;Alliance;1;497,86;10,00;0,00;
15272127;8903635031925;Alliance;Opona 12 x 16.5, 202;12 PR, TL, L5;Alliance;1;757,80;4,00;0,00;
15272280;8903635002536;Alliance;Opona 16.0 / 70 - 20, 326;14 PR, 166 A2 / 149 B, TL, E2 / L2;(405/70-20), Alliance;1;1480,00;4,00;0,00;
15272465;8903635002543;Alliance;Opona 16 / 70 - 24, 326;14 PR, 169 A2 / 152 B, TL, G2 / L2;(405/70-24), Alliance;1;1475,07;10,00;0,00;
15272542;8903635000273;Alliance;Opona 17.5 - 25, 308;16 PR, 158 B, TL, L2 / G2;Alliance;1;2349,18;10,00;0,00;
15272548;8903635020493;Galaxy;Opona 17.5 R 25, LDSR 300;182 A2 / 167 B, TL, E3 / L3, C.R.;Galaxy;1;2738,00;3,00;0,00;
15272572;8903635000334;Alliance;Opona 20.5 - 25, 318;20 PR, 170 B, TL, E3 / L3 / G3;Alliance;1;2558,91;1,00;0,00;
15272620;8903635028918;Alliance;Opona 480 / 80 - 26, 321 Plus;12 PR, 156 A8, TL;(18.4-26), Alliance;1;1669,81;1,00;0,00;
15272625;8903635030126;Alliance;Opona 18.4 - 26, 202;14 PR, TL, L4;Alliance;1;2762,45;4,00;0,00;
15272630;8903635028888;Alliance;Opona 440 / 80 - 28, 321 Plus;12 PR, 152 A8, TL;(16.9-28), Alliance;1;1594,91;8,00;0,00;
15284098;7291050057738;Alliance;Opona 480 / 80 R 30, Multiuse 550;162 A8 / 157 D, TL, Steel Belted, M+S;(18.4R30), Blok, Alliance;1;4810,00;8,00;0,00;
15285305;7291050060578;Alliance;Opona 405 / 70 R 24, Agro Industrial 580;152 A8 / 152 B, TL, Steel Belted;Alliance;1;2960,00;4,00;0,00;
15285312;8903635021964;Alliance;Opona 460 / 70 R 24, Agro Industrial 580;159 A8 / 159 B, TL, Steel Belted, C.R.;(17.5LR24), Alliance;1;2066,73;2,00;0,00;
15285410;8903635029397;Alliance;Opona 340 / 80 R 18, 585;143 A8 / 143 B, TL, Steel Belted;(12.5/80R18), Alliance;1;1209,84;4,00;0,00;
17421920;6419440231082;Nokian;Opona 28 L - 26 , Logger King LS-2;20 PR, 165 A6, TL, LS-2, SF;Nokian;1;12062,00;1,00;0,00;
17422750;6419440844206;Nokian;Opona 18.4 - 34, TR Forest;14 PR, TT;Nokian;1;5994,00;1,00;0,00;
18345276;4040658069215;Security;Opona 155 / 80 R 13, AW414;84 N, TL, M+S;Security;1;237,38;1,00;0,00;
18345285;4260399944101;Security;Opona 165 / 70 R 13, AW414;84 N, TL, M+S;Security;1;253,98;1,00;0,00;
18345403;4260399944125;Security;Opona 185 / 65 R 14, AW414;93 N, TL, M+S;Security;1;297,14;5,00;0,00;
18366370;4260399943241;Security;Opona 195 / 70 R 15 C, TR603;8 PR, 104 / 102 R (108 N), TL, M+S;Security;1;325,36;3,00;0,00;
19110065;8994242015736;Deli;Opona 4.00 - 6, S-379;4 PR, 57 A4, TT, Czarny;rowka, z w®¾em, TR 13, Deli;1;42,18;10,00;0,00;
19110081;8994242006284;Deli;Opona 13 x 5.00 - 6, S-365;4 PR, 40 A6 / 52 A6, TL;Blok, Deli;1;53,28;10,00;0,00;
19110097;8994242027159;Deli;Opona 15 x 6.00 - 6, S-365;6 PR, 58 A6 / 70 A6, TT;Blok, z w®¾em, TR 13, Deli;1;72,52;10,00;0,00;
19110112;8994242027005;Deli;Opona 4.80 / 4.00 - 8, S-379;4 PR, 67 A4, TL, Czarny;rowka, Deli;1;33,30;10,00;0,00;
19110117;8994242023205;Deli;Opona 4.80 / 4.00 - 8, S-379;6 PR, 71 A4, TT, Czarny;rowka, z w®¾em, TR 13, Deli;1;47,36;10,00;0,00;
19110121;8994242026947;Deli;Opona 5.00 - 8, S-369;10 PR, 126 A2 / 125 A3, TT;Blok, Deli;1;92,50;8,00;0,00;
19110190;8994242026749;Deli;Opona 5.70 - 12, SG-813;6 PR, 94 A2, TL;Deli;1;321,16;2,00;0,00;
19111100;8994242015477;Deli;Opona 10.0 / 80 - 12, SG-316;10 PR, 120 A8, TL;Deli;1;384,80;10,00;0,00;
19111103;8994242026657;Deli;Opona 4.00 - 12, S-247;4 PR, 54 A6 / 66 A6, TT;AS, Deli;1;96,20;10,00;0,00;
19111119;8994242027067;Deli;Opona 26 x 12.00 - 12, SG-818;8 PR, 100 A8 / 113 A8, TL;AS, Deli;1;370,00;7,00;0,00;
19172460;8994242026664;Deli;Opona 400 / 45 L - 17.5, SG-815;156 B, TL;Deli;1;1546,60;6,00;0,00;
19211087;5707562329345;Kenda;Opona 8 x 3.00 - 4, K404;4 PR, 15 A4 / 19 A4, TL;(75/80-4), Kenda;1;41,44;10,00;0,00;
19211111;5707562523378;Kenda;Opona 110 / 90 - 6, K311;6 PR, 57 A4 / 68 A4, TT, Czarny;(4.00-6), z w®¾em, TR 13, Kenda;1;39,96;7,00;0,00;
19211190;5707562128306;Kenda;Opona 16 x 7.50 - 8, K500 Super Turf;4 PR, 53 A4 / 64 A4, TL;Blok, Kenda;1;125,80;10,00;0,00;
19211201;5707562532196;Kenda;Opona 18 x 8.50 - 8, K358 Turf Rider;6 PR, 69 A4 / 81 A4, TL;Blok, Kenda;1;137,64;7,00;0,00;
19211205;5707562128467;Kenda;Opona 18 x 8.50 - 8, K500 Super Turf;6 PR, 69 A4 / 81 A4, TL;Blok, Kenda;1;140,60;10,00;0,00;
19211215;5707562330082;Kenda;Opona 18 x 9.50 - 8, K357;4 PR, 70 A4 / 81 A4, TL;AS, Kenda;1;170,20;10,00;0,00;
19211226;5707562278513;Kenda;Opona 20 x 10.00 - 8, K500 Super Turf;6 PR, 82 A4 / 94 A4, TL;Blok, Kenda;1;173,90;4,00;0,00;
19211233;5707562128528;Kenda;Opona 18 x 9.50 - 8, K500 Super Turf;6 PR, 78 A4 / 89 A4, TL;Blok, Kenda;1;201,28;10,00;0,00;
19211276;5707562267937;Kenda;Opona 20 x 10.00 - 10, K500 Super Turf;6 PR, 86 A4 / 97 A4, TL;Blok, Kenda;1;236,80;3,00;0,00;
19211277;5707562151076;Kenda;Opona 20 x 10.00 - 10, K500 Super Turf;4 PR, 74 A4 / 85 A4, TL;Blok, Kenda;1;201,28;10,00;0,00;
19211309;5707562332062;Kenda;Opona 6.00 - 12, K365;4 PR, 57 A4 / 68 A4, TT;(175/95-12), AS, Kenda;1;255,30;6,00;0,00;
19211329;5707562129150;Kenda;Opona 24 x 12.00 - 12, K500 Super Turf;4 PR, 87 A4 / 98 A4, TL;Blok, Kenda;1;310,80;10,00;0,00;
19211334;5707562150970;Kenda;Opona 26 x 12.00 - 12, K500 Super Turf;10 PR, 110 A4 / 122 A4, TL;(300/60-12), Blok, Kenda;1;495,80;8,00;0,00;
19211335;5707562129426;Kenda;Opona 26 x 12.00 - 12, K500 Super Turf;4 PR, 87 A4 / 99 A4, TL;(300/60-12), Blok, Kenda;1;377,40;10,00;0,00;
19271099;5707562129488;Kenda;Opona 27 x 8.50 - 15, K395 Power Grip;8 PR, 113 A2, TL;(220/65-15), Kenda;1;532,06;6,00;0,00;
19800286;8907375037865;MRL;Opona 7.50 - 16, MTF 222;8 PR, 103 A6 / 98 A8, TT;MRL;1;415,14;1,00;0,00;
19800433;5707562380216;Starco;Opona 23 x 10.50 - 12, AS Loader;8 PR, 94 A8 / 107 A8, TL;Starco;1;400,34;10,00;0,00;
19912122;4040658084928;Bohnenkamp;Opona 315 / 70 R 22.5, Boka Terra II;152 / 148 A7, TL, Bohnenkamp;Bie¾nikowane na gorÑco (bie¾nik i ÿciana boczna);1;1554,00;1,00;0,00;
19981689;4040658066757;Boka Terra;Opona 11.00 - 20, SKL800;16 PR, 148 B, TT;d®tkÑ+ochraniacz, TR 179 A, Boka Terra;1;1467,42;2,00;0,00;
22090580;4040658021329;Dong Ah;D®tka 550 / 60 - 22.5, (szt. 2);TR 218 A;(560/55-22.5) (560/60-22.5);1;329,64;1,00;0,00;
22420990;4040658021350;Dong Ah;D®tka 18.4 / 16.9 - 42, (szt. 2);TR 218 A;(480/80-42) (460/85-42);1;321,60;2,00;0,00;
26010003;4040658021381;Dong Ah;D®tka 23 x 8.50 - 12, (szt. 20);TR 13;(10.50-12);1;34,17;10,00;0,00;
26010005;4040658021398;Dong Ah;D®tka 26 x 12.00 - 12, (szt. 15);TR 13;;1;36,33;10,00;0,00;
26010050;4040658021466;Dong Ah;D®tka 200 / 60 - 14.5, (szt. 25);TR 15;;1;16,35;10,00;0,00;
26010054;4040658021473;Dong Ah;D®tka 27 x 8.50 - 15, (szt. 20);TR 15;(27X10-15.3);1;30,15;10,00;0,00;
26010056;4040658021480;Dong Ah;D®tka 31 x 15.50 - 15, (szt. 12);TR 15;;1;69,68;10,00;0,00;
26010080;4040658021510;Dong Ah;D®tka 10.0 / 75 - 15, (szt. 14);TR 15;(260/70-15.3) (12.5L-15);1;50,25;10,00;0,00;
26010090;4040658021527;Dong Ah;D®tka 11.5 / 80 - 15, (szt. 12);TR 15;(300/80-15.3) (11-15);1;67,67;10,00;0,00;
26010095;4040658021558;Dong Ah;D®tka 6.00 - 16, (szt. 25);TR 218 A;(6.00/6.50/7.00 - 16);1;27,25;10,00;0,00;
26010105;4040658021572;Dong Ah;D®tka 10 - 16.5, (szt. 14);TR 15;(265/70-16.5) (260/70-16.5);1;54,94;4,00;0,00;
26010108;4040658021589;Dong Ah;D®tka 12 - 16.5, (szt. 10);TR 15;(305/70-16.5) (300/70-16.5);1;63,65;10,00;0,00;
26010140;4040658021633;Dong Ah;D®tka 10.5 / 80 - 18, (szt. 10);TR 15;(250/80-18) (10.5-18) (280/80-18);1;73,70;10,00;0,00;
26010145;4040658021640;Dong Ah;D®tka 10.5 / 80 - 18, (szt. 10);TR 218 A;(250/80-18) (10.5-18) 280/80-18);1;49,95;10,00;0,00;
26010160;4040658021657;Dong Ah;D®tka 12.5 / 80 - 18, (szt. 8);TR 15;(12.5-18) (12.0/75-18) (320/80-18);1;73,03;10,00;0,00;
26010170;4040658021671;Dong Ah;D®tka 12.5 / 80 - 18, (szt. 8);TR 218 A;(12.5-18) (12.0/75-18) (320/80-18);1;59,03;10,00;0,00;
26010190;4040658021749;Dong Ah;D®tka 10.5 / 80 - 20, (szt. 10);TR 15;(280/85-20);1;67,67;10,00;0,00;
26010195;4040658021756;Dong Ah;D®tka 10.5 / 80 - 20, (szt. 10);TR 218 A;(280/85-20);1;88,44;8,00;0,00;
26010200;4040658021763;Dong Ah;D®tka 12.5 / 80 - 20, (szt. 7);TR 15;(340/80-20) (12.4+12.5-20) (320/85-20);1;83,75;10,00;0,00;
26010205;4040658021770;Dong Ah;D®tka 12.5 / 80 - 20, (szt. 7);TR 218 A;(340/80-20) (12.4+12.5-20) (320/85-20);1;72,65;10,00;0,00;
26010210;4040658021787;Dong Ah;D®tka 14.5 / 80 - 20, (szt. 5);TR 15;;1;115,24;8,00;0,00;
26010215;4040658021794;Dong Ah;D®tka 14.5 / 80 - 20, (szt. 5);TR 218 A;;1;72,65;9,00;0,00;
26010220;4040658021800;Dong Ah;D®tka 16.0 / 70 - 20, (szt. 5);TR 15;(400+405/70-20) (375/75+455/70+500/55-20);1;132,66;4,00;0,00;
26010225;4040658021817;Dong Ah;D®tka 16.0 / 70 - 20, (szt. 5);TR 218 A;(400+405/70-20) (375/75+455/70+500/55-20);1;81,74;1,00;0,00;
26010260;4040658021855;Dong Ah;D®tka 16.0 / 70 - 24, (szt. 5);TR 218 A;(400/70-24) (405/70-24);1;129,31;10,00;0,00;
26020080;4040658021954;Dong Ah;D®tka 7.50 - 16, (szt. 18);TR 15;(8-16) (210/95-16) (250/80-16);1;40,20;10,00;0,00;
26020160;4040658022098;Dong Ah;D®tka 7.50 - 20, (szt. 14);TR 15;(8.00-20);1;46,90;10,00;0,00;
26020510;4040658022104;Dong Ah;D®tka 9.5 - 20, (szt. 10);TR 218 A;(250/85-20)(280+300/70-20)(260/70+60/80-20);1;67,67;10,00;0,00;
26020530;4040658022166;Dong Ah;D®tka 9.5 - 24, (szt. 10);TR 218 A;250/85-24;1;69,68;8,00;0,00;
26020590;4040658022289;Dong Ah;D®tka 14.9 - 26, (szt. 5);TR 218 A;(420/70-26);1;113,52;2,00;0,00;
26020600;4040658022302;Dong Ah;D®tka 16.9 - 26, (szt. 3);TR 218 A;(420/85-26) (480/70-26);1;190,95;3,00;0,00;
26020620;4040658022371;Dong Ah;D®tka 23.1 - 26, (szt. 2);TR 218 A;(620/75-26) (580/70-26) (620/70-26);1;227,05;10,00;0,00;
26020640;4040658022401;Dong Ah;D®tka 9.5 - 28, (szt. 7);TR 218 A;250/85-28;1;101,84;5,00;0,00;
26020650;4040658022418;Dong Ah;D®tka 11.2 - 28, (szt. 7);TR 218 A;(280/85-28) (320/70-28);1;77,20;8,00;0,00;
26020660;4040658022449;Dong Ah;D®tka 12.4 - 28, (szt. 5);TR 218 A;(320/85-28) (360/70-28);1;123,28;10,00;0,00;
26020670;4040658022463;Dong Ah;D®tka 13.6 - 28, (szt. 5);TR 218 A;(340/85-28) (380/70-28);1;121,94;10,00;0,00;
26020680;4040658022487;Dong Ah;D®tka 14.9 - 28, (szt. 5);TR 218 A;(380/85-28) (420/70-28) (16.5/85-28) (400/80-28);1;138,02;10,00;0,00;
26020699;4040658075162;Dong Ah;D®tka 600 / 70 - 28, (szt. 1);TR 218 A;(600/65-28);1;426,79;3,00;0,00;
26020700;4040658022531;Dong Ah;D®tka 14.9 - 30, (szt. 4);TR 218 A;(420/70-30);1;118,07;1,00;0,00;
26020710;4040658022548;Dong Ah;D®tka 16.9 - 30, (szt. 3);TR 218 A;(420/85-30) (480/70-30) (440/80-30);1;118,07;5,00;0,00;
26020720;4040658022555;Dong Ah;D®tka 18.4 - 30, (szt. 2);TR 218 A;(460/85-30) (520/70-30) (480/80-30);1;209,04;10,00;0,00;
26020740;4040658022579;Dong Ah;D®tka 8.3 - 32, (szt. 8);TR 218 A;(210/95-32) (9.5-30);1;81,74;5,00;0,00;
26020750;4040658022593;Dong Ah;D®tka 9.5 - 32, (szt. 8);TR 218 A;230/95 - 32;1;68,34;10,00;0,00;
26020760;4040658022616;Dong Ah;D®tka 12.4 - 32, (szt. 5);TR 218 A;(320/85-32) (360/70-32);1;125,96;10,00;0,00;
26020810;4040658022685;Dong Ah;D®tka 8.3 - 36, (szt. 6);TR 218 A;210/95-36;1;90,82;6,00;0,00;
26020840;4040658022715;Dong Ah;D®tka 12.4 - 36, (szt. 5);TR 218 A;320/85-36;1;134,67;1,00;0,00;
26020850;4040658022722;Dong Ah;D®tka 13.6 - 36, (szt. 4);TR 218 A;340/85-36;1;161,47;4,00;0,00;
26020860;4040658022739;Dong Ah;D®tka 12.4 - 38, (szt. 4);TR 218 A;320/85-38;1;144,05;10,00;0,00;
26020880;4040658022753;Dong Ah;D®tka 15.5 - 38, (szt. 4);TR 218 A;(400/75-38)(380/80-38)(380/95-38);1;184,25;1,00;0,00;
26020909;4040658075179;Dong Ah;D®tka 710 / 70 - 38, (szt. 1);TR 218 A;(700/65-38)(710/60-38)(650/75-38)(800/70-38);1;381,45;2,00;0,00;
26020920;4040658022807;Dong Ah;D®tka 9.5 - 44, (szt. 5);TR 218 A;230/95-44;1;113,23;10,00;0,00;
26030280;4040658076183;Dong Ah;D®tka 650 / 65 R 42, (szt. 1);TR 218 A;(20.8-42)(710/60-42)(710/70-42)(710/75-42);1;594,29;1,00;0,00;
26040010;4040658022821;Dong Ah;D®tka 135 - 145 R 12, (szt. 40);TR 13;;1;18,76;10,00;0,00;
26040020;4040658022838;Dong Ah;D®tka 155 R 12, 1230, (szt. 33);TR 13;(6.5/80-12);1;23,45;10,00;0,00;
26040040;4040658022852;Dong Ah;D®tka 135 - 145 R 13, 1320, (szt. 38);TR 13;155/70 R 13;1;20,10;10,00;0,00;
26040050;4040658022869;Dong Ah;D®tka 155 - 165 R 13, 1330, (szt. 30);TR 13;175/70 R 13, (6.70-13);1;25,46;10,00;0,00;
26040060;4040658022876;Dong Ah;D®tka 175 - 185 R 13, 1340, (szt. 28);TR 13;195/70 R 13;1;27,60;10,00;0,00;
26040070;4040658022883;Dong Ah;D®tka 135 - 145 R 14, 1420, (szt. 35);TR 13;(4.50+5.00-14);1;23,45;10,00;0,00;
26040080;4040658022890;Dong Ah;D®tka 155 - 165 R 14, 1430, (szt. 30);TR 13;175/70 R 14, (6-14);1;24,12;10,00;0,00;
26040090;4040658022906;Dong Ah;D®tka 175 - 185 R 14, 1440, (szt. 25);TR 13;195/70 R 14, (7-14);1;27,47;10,00;0,00;
26040105;4040658022920;Dong Ah;D®tka 135 - 145 R 15, 1520, (szt. 30);TR 13;;1;20,10;10,00;0,00;
26060030;4040658023026;Dong Ah;D®tka 8.25 R 15, (szt. 14);V3.04.2;;1;52,26;10,00;0,00;
26060040;4040658023033;Dong Ah;D®tka 7.00 R 16, (szt. 15);V3.04.2;(7.00/7.50-16);1;47,57;10,00;0,00;
26060050;4040658023040;Dong Ah;D®tka 7.50 R 16, (szt. 15);V3.04.2;;1;46,90;10,00;0,00;
26060080;4040658023071;Dong Ah;D®tka 6.50 - 20, (szt. 14);V3.04.2;;1;52,93;10,00;0,00;
26060100;4040658023088;Dong Ah;D®tka 7.00 / 7.50 R 20, (szt. 12);V3.04.2;;1;58,29;10,00;0,00;
26060150;4040658023132;Dong Ah;D®tka 12.00 R 20, (szt. 5);V3.06.8;(14.0/70-20);1;115,91;10,00;0,00;
26060160;4040658023149;Dong Ah;D®tka 14.00 R 20, (szt. 4);V3.06.8;(15.5/80-20) (365/85-20);1;142,04;1,00;0,00;
26060165;4040658023156;Dong Ah;SCHLAUCH 16.00 R 20;VENTIL - V3-06-8;;1;150,75;6,00;0,00;
26060190;4040658023170;Dong Ah;D®tka 15 R 22.5, (szt. 4);VS3.21.1;(385/65-22.5);1;120,60;4,00;0,00;
26062000;4040658023187;Dong Ah;D®tka 12 - 22.5, (szt. 6);VS3.21.1;;1;81,74;6,00;0,00;
26070010;4040658023194;Dong Ah;D®tka 6.00 - 9, (szt. 30);JS 2;(21X8-9);1;18,16;10,00;0,00;
26070020;4040658023217;Dong Ah;D®tka 6.50 - 10, (szt. 25);JS 2;;1;32,83;10,00;0,00;
26070030;4040658023224;Dong Ah;D®tka 7.00 - 12, (szt. 20);V3.02.7;(8.00-12);1;38,86;10,00;0,00;
26070080;4040658023248;Dong Ah;D®tka 16.00 - 24, (szt. 3);TRJ 1175 C;(16.00-25);1;158,94;3,00;0,00;
26070110;4040658023262;Dong Ah;D®tka 15.5 - 25, (szt. 4);TRJ 1175 C;;1;182,91;2,00;0,00;
26070120;4040658023279;Dong Ah;D®tka 17.5 - 25, (szt. 3);TRJ 1175 C;;1;201,00;3,00;0,00;
26070130;4040658023286;Dong Ah;D®tka 18.00 - 25, (szt. 2);TRJ 1175 C;;1;269,34;1,00;0,00;
26070160;4040658023316;Dong Ah;D®tka 26.5 - 25, (szt. 1);TRJ 1175 C;;1;357,78;4,00;0,00;
26091100;4040658023347;Dong Ah;WULSTBAND 190-15;BREITE 195;REIFENGRÖßE (8.25/9.00-15, 250/300-15, 28x9-15);1;36,18;10,00;0,00;
26091110;4040658023354;Dong Ah;WULSTBAND 170-15;BREITE 177;REIFENGRÖßE (7.00/7.50-15);1;28,81;6,00;0,00;
26091200;4040658023361;Dong Ah;WULSTBAND 160-16;BREITE 170;REIFENGRÖßE (6.50/7.00/7.50 -16);1;34,84;7,00;0,00;
26091300;4040658023385;Dong Ah;WULSTBAND 180-20;BREITE 198;REIFENGRÖßE (6.50/7.00/7.50/8.25 -20);1;44,22;10,00;0,00;
26091500;4040658023408;Dong Ah;WULSTBAND 210-20;BREITE 208;REIFENGRÖßE (10.00/11.00/12.00 -20);1;56,95;10,00;0,00;
26091600;4040658023415;Dong Ah;WULSTBAND 235-20;BREITE 241;REIFENGRÖßE (13.00/14.00 -20);1;87,10;4,00;0,00;
26091610;4040658023422;Dong Ah;WULSTBAND 300-20;BREITE 300;REIFENGRÖßE (16.00-20);1;130,65;3,00;0,00;
26091730;4040658023446;Dong Ah;WULSTBAND 220-24;BREITE 231;REIFENGRÖßE (12.00-24);1;81,07;4,00;0,00;
26091750;4040658023460;Dong Ah;WULSTBAND 310-25;BREITE 336 / 360;REIFENGRÖßE (15.5/17.5 -25);1;148,07;3,00;0,00;
26091780;4040658023484;Dong Ah;WULSTBAND 440-25;BREITE 420;REIFENGRÖßE (20.5-25);1;216,41;1,00;0,00;
26091792;4040658023507;Dong Ah;WULSTBAND 580-25;BREITE 590;REIFENGRÖßE (26.5-25);1;304,85;4,00;0,00;
26810028;4040658023576;Dong Ah;D®tka 23 x 5, (szt. 14);V3.02.8;;1;35,51;10,00;0,00;
26810100;4040658023651;Dong Ah;D®tka 4.00 - 8, (szt. 45);TR 13;400 X 100;1;11,81;10,00;0,00;
26810115;4040658023675;Dong Ah;D®tka 5.00 - 8, (szt. 35);JS 2;;1;24,79;10,00;0,00;
26810120;4040658023682;Dong Ah;D®tka 16 x 6.50 - 8, (szt. 30);TR 13;190 - 8;1;15,44;10,00;0,00;
26810130;4040658023699;Dong Ah;D®tka 18 x 7.00 / 8.50 - 8, (szt. 20);TR 13;;1;29,48;10,00;0,00;
26810151;4040658023712;Dong Ah;D®tka 6.00 - 9, (szt. 30);TR 13;;1;24,79;10,00;0,00;
27490560;4040658023743;Dong Ah;D®tka 600 / 50 - 22.5, (szt. 2);TR 218 A;(580/65-22.5) (600/55-22.5) (620/40+55-22.5);1;356,44;1,00;0,00;
27490680;4040658023774;Dong Ah;D®tka 700 / 50 - 26.5, (szt. 1);TR 218 A;(710/45-26.5) (710/50-26.5) (710/55-26.5);1;517,24;10,00;0,00;
28690185;4040658023903;Dong Ah;D®tka 20 x 10.00 - 8, (szt. 20);TR 13;(20x7.00-8) (20x8.00-8);1;31,49;10,00;0,00;
28690230;4040658023910;Dong Ah;D®tka 7.50 - 10, (szt. 20);JS 2;;1;36,85;10,00;0,00;
28690255;4040658023927;Dong Ah;D®tka 20 x 8.00 - 10, (szt. 25);TR 13;(20x8.00-10) (20x10.00-10);1;22,71;10,00;0,00;
28690360;4040658023934;Dong Ah;D®tka 250 - 15, (szt. 15);TR 75 A;;1;39,53;10,00;0,00;
28690520;4040658024023;Dong Ah;D®tka 400 / 60 - 15.5, (szt. 8);TR 15;;1;84,42;7,00;0,00;
29800079;5707562154206;Nexen;D®tka 18 x 8.50 - 8, (szt. 22);TR 87;(18x7.00..11.00-8);1;33,50;1,00;0,00;
29800179;5707562148427;Nexen;D®tka 175 / 185 - 14, (szt. 30);TR 13;(175-14) (185-14) (185/70-14) (195/70-14);1;17,85;7,00;0,00;
29800245;5707562153056;Nexen;D®tka 11.5 / 80 - 15.3, (szt. 12);TR 15;(11.5/80-15.3 þ 12.5/80-15.3);1;69,68;10,00;0,00;
29800289;5707562137643;Nexen;D®tka 6.00 - 16, (szt. 22);TR 75 A;(6.50-16);1;39,53;10,00;0,00;
29800307;5707562154428;Nexen;D®tka 10.5 / 80 - 18, (szt. 10);TR 15;(13.0/65-18) (275/80-18) (335/65-18);1;64,32;2,00;0,00;
29800345;5707562136295;Nexen;D®tka 12.5 / 80 - 20, (szt. 7);TR 218 A;(12.5-20) (12.5/80-20) (355/80-20);1;68,02;1,00;0,00;
29800472;5707562153872;Nexen;WULSTBAND 165 - 10;BREITE 155;REIFENGRÖßE (7.0/85-10, 23x9-10);1;20,10;6,00;0,00;
29800524;5707562134635;Kabat;O-RING 25 ZOLL;RINGSTÄRKE 6.50 MM;-HEUPO-;1;23,45;10,00;0,00;
29800526;5707562134772;Kabat;O-RING 25 ZOLL;RINGSTÄRKE 9.50 MM;-SULLA-;1;25,46;10,00;0,00;
29920560;4040658024177;Dong Ah;D®tka 11.2 - 44, (szt. 5);TR 218 A;270/95-44;1;136,68;4,00;0,00;
29920575;4040658056710;Dong Ah;D®tka 20.8 - 46, (szt. 1);TR 218 A;(520/85-46) (480/80-46) (18.4-46);1;367,16;4,00;0,00;
29920590;4040658024207;Dong Ah;D®tka 11.2 - 48, (szt. 3);TR 218 A;(270/95-48) (11.2-50);1;148,74;4,00;0,00;
29991050;4040658024269;Dong Ah;WULSTBAND 100-9;BREITE 118;REIFENGRÖßE (6.00/ 10-9);1;30,15;10,00;0,00;
29991200;4040658024276;Dong Ah;WULSTBAND 85-8;BREITE 118 / 110;REIFENGRÖßE (5.00-8);1;18,76;10,00;0,00;
29991300;4040658024283;Dong Ah;WULSTBAND 130-10;BREITE 150;REIFENGRÖßE (6.50/ 7.50-10);1;22,11;10,00;0,00;
29991350;4040658024290;Dong Ah;WULSTBAND 130-12;BREITE 140;REIFENGRÖßE (7.00-12);1;24,79;10,00;0,00;
29991717;4040658024337;Dong Ah;D®tka 23 x 9 - 10, (szt. 16);JS 2;;1;27,25;10,00;0,00;
29991718;4040658024344;Dong Ah;D®tka 27 x 10 - 12, (szt. 15);JS 2;(27x10-12);1;36,33;10,00;0,00;
29991720;4040658024351;Dong Ah;D®tka 18 x 7 - 8, (szt. 30);JS 2;(18x7-8) (180/70-8) (18x7.00-8);1;18,16;10,00;0,00;
29995005;4040658024399;Dong Ah;D®tka 12.00 - 24, (szt. 5);V3.04.5;;1;86,28;10,00;0,00;
30655030;4040658026300;Mefro;Obr®cz 5.50 A x 8 H2, ALV, Srebrny RAL9006;4/60/100, D12, O16mm, ET 0;575/350 kg - 25/100 km/h;1;144,00;10,00;0,00;
31610326;4040658044885;Gianetti FAD;Obr®cz 16.00 x 17;8/221/275, A2, O21.5mm, ET -35;4420/3250 kg - 40/65 km/h, Srebrny RAL9006;1;1017,05;10,00;0,00;
32010107;4040658029042;Gianetti FAD;Obr®cz 13 LB x 15 H2;6/161/205, B2, O21.5mm, ET -37;1400/1250 kg - 40/50 km/h, Srebrny RAL9006;1;660,00;6,00;0,00;
32010330;4040658029691;Accuride;Obr®cz 14 x 20;6/161/205, A2, O21.5mm, ET 0;5000/3875 kg - 25/60 km/h, Srebrny RAL9006;1;1396,00;2,00;0,00;
33060026;4040658083600;Jantsa;Obr®cz 9.00 x 15.3;6/161/205, A2, O21.5mm, ET 0, VSH;3450/2900 kg - 25/40 km/h, Srebrny RAL9006;1;299,00;10,00;0,00;
33060053;4040658036514;Jantsa;Obr®cz 6.75 x 17.5, ALV, Srebrny RAL9006;8/221/275, A2, O21.5mm, BZ, ET 0;4050/2750 kg - 25/100 km/h;1;479,00;10,00;0,00;
33060083;4040658086069;Jantsa;Obr®cz 16.00 x 17, Srebrny RAL9006;8/221/275, A2, O21.5mm, ET -35, VSV;5200/4400 kg - 25/40 km/h, wzmocn. rogu O12 mm;1;926,00;10,00;0,00;
33060095;4040658031434;Jantsa;Obr®cz 7.50 x 19.5, ALV, Srebrny RAL9006;6/161/205, A2, O21.5mm, BZ, ET 0;3100/3000 kg - 80/100 km/h;1;666,00;8,00;0,00;
33060098;4040658086663;Jantsa;Obr®cz 6.00 x 17.5, ALV, Srebrny RAL9006;6/161/205, A2, O21.5mm, BZ, ET 0;2750/2600 kg - 100/130 km/h;1;508,00;10,00;0,00;
33060103;4040658117343;Jantsa;Obr®cz 16.00 x 17;6/161/205, A2, O21.5mm, ET 0, VSH;3250/2900 kg - 65/70 km/h, Srebrny RAL9006;1;648,00;10,00;0,00;
33060163;4040658098130;Jantsa;Obr®cz 13 X 20;8/221/275, A3, O27mm, ET +10, VSH;4750/4000 kg - 25/40 km/h, Srebrny RAL9006;1;827,00;10,00;0,00;
33060358;4040658084430;Jantsa;Obr®cz AG 16.00 x 22.5 H2;8/221/275, A3, O27mm, ET 0, VSH;5300/4700 kg - 65/70 km/h, Srebrny RAL9006;1;848,00;10,00;0,00;
33060376;4040658098734;Jantsa;Obr®cz AG 16.00 x 22.5 H2;8/221/275, A3, O27mm, ET 0, VSH;5300/4700 kg - 65/70 km/h, Anthrazit RAL7016;1;893,00;4,00;0,00;
33060406;4040658082900;Jantsa;Obr®cz AG 20.00 x 22.5 H2;8/221/275, A2, O21.5mm, ET 0;7600/5600 kg - 40/65 km/h, Srebrny RAL9006;1;1227,00;10,00;0,00;
33060407;4040658087301;Jantsa;Obr®cz AG 20.00 x 22.5 H2;10/281/335, A3, O27mm, ET -50, VSH;7600/5600 kg - 40/65 km/h, Srebrny RAL9006;1;1324,00;7,00;0,00;
33060408;4040658087318;Jantsa;Obr®cz AG 20.00 x 22.5 H2;10/281/335, A3, O27mm, ET 0, VSH;7600/5600 kg - 40/65 km/h, Srebrny RAL9006;1;1281,00;10,00;0,00;
33060825;4040658087370;Jantsa;Obr®cz AG 24.00 x 30.5 H2;10/281/335, A3, O27mm, ET 0, VSH;11800/8700 kg - 40/65 km/h, Srebrny RAL9006;1;2536,00;10,00;0,00;
39600636;5707562363400;Kenda;Obr®cz 4.5 J x 12 H2, ALV, Srebrny RAL9006;5/67/112, E12, O16mm, ET +20;900 kg - 140 km/h;1;119,00;10,00;0,00;
39600703;;Starco;Obr®cz 9.00 x 15.3 H2;6/161/205, E2, O21.5mm, ET 0, VSH;2515 kg - 40 km/h, Srebrny RAL9006;1;257,00;10,00;0,00;
39920546;4040658043260;Jantsa;Obr®cz 8.25 x 22.5;10/281/335, A3, O27mm, ET -159, VSH;5100/4300 kg - 25/40 km/h, Czarny RAL9005;1;952,00;8,00;0,00;
47200570;4049256097217;Hofmann;PKW-VENTIL, TR 415 (SNAP IN);FÜR VENTILLOCH O 15.7 MM, MAX. 4.5 BAR;V2-03-3;1;1,34;10,00;0,00;
47201035;4049256097712;Hofmann;LKW-FELGENVENTIL 32 MS / TR 575;S 4441-2 (METALL) 562 9716;;1;7,37;9,00;0,00;
47201038;4049256134257;Alligator;LKW-FELGENVENTIL TR 618;WASSERVENTIL ZUM SCHRAUBEN;;1;12,73;10,00;0,00;
47201039;4049256152312;Alligator;LKW-FELGENVENTIL TR 618;239 / 151003 (SNAP IN);;1;23,45;10,00;0,00;
47201055;;Röper;LKW-FELGENVENTIL 99 MS - 90;TR 571 C;;1;20,72;10,00;0,00;
47201095;4040658071515;Reinheimer;METALLVENTIL 42 MS / SHK 12;FUER LM-FELGE 42 MS;;1;8,04;10,00;0,00;
49800651;;Starco;VENTIL TR618A STAHL V5-01-1;;;1;11,39;6,00;0,00;
71970021;4040658100468;Galaxy;OPONA 5.00 - 8;10 PR, TT, YARDMASTER;;1;116,37;1,00;0,00;
71970032;4040658100499;Galaxy;OPONA 250 - 15;16 PR , TT , YARDMASTER;;1;581,85;1,00;0,00;
71970071;4040658100598;Galaxy;OPONA 300 - 15;20 PR, TT , YARDMASTER;;1;698,22;10,00;0,00;
71970072;4040658100666;Dong Ah;D¿TKA 300 - 15;WENTYL - TR 75 A;;1;90,00;1,00;0,00;
71970073;4040658105784;Galaxy;OCHRANIACZ 300 - 15;;;1;32,00;5,00;0,00;
71970074;4040658100604;Galaxy;OPONA 300 - 15;20 PR , TT , YARDMASTER ULTRA;;1;698,22;6,00;0,00;
71970103;4040658100338;Alliance;OPONA 6.50 - 16;6 PR , TT ,FARMPRO 303;;1;290,55;1,00;0,00;
