id;ean;producent;bieznik;rozmiar;nosnosc;predkosc;tl/tt;płotna;cena;magazyn;waga;kategoria;sezon 
106541;8903094031443;BKT;FLOT 648;385/65-22.5;148/144;A8/B;TL;18;1400;0;57;inne;wielosezonowe 
106545;8903094006816;BKT;FL 252;5.00-8;;;TT;8;145;0;;przemysłowe;wielosezonowe 
106547;8903094020928;BKT;TF 9090;6.00-16;88/80;A6/A8;TT;6;198;1;10;rolnicze;wielosezonowe 
106548;8903094021086;BKT;TF 9090;7.50-16;98/90;A6/A8;TT;6;285;2;15;rolnicze;wielosezonowe 
106549;;BKT;TF 9090;7.50-20;109/101;A6/A8;TT;8;400;0;18.6;rolnicze;wielosezonowe 
106550;;BKT;TR 135;12.4-24;121/118;A6/A8;TT;8;885;0;40;rolnicze;wielosezonowe 
106551;8903094003457;BKT;TR 135;14.9-24;128/124;A6/A8;TT;8;1150;0;55;rolnicze;wielosezonowe 
106552;;BKT;TR 135;18.4-30;149;A6;TT;12;2100;0;97;rolnicze;wielosezonowe 
106553;8903094003235;BKT;TR 135;12.4-32;124/121;A6/A8;TT;8;1250;0;49;rolnicze;wielosezonowe 
106554;;BKT;TR 135;13.6-36;131;A6;TT;8;1530;1;65;rolnicze;wielosezonowe 
106555;;BKT;TR 135;13.6-38;131/127;A6/A8;TT;8;1600;1;68;inne;wielosezonowe 
106556;8903094003075;BKT;TR 135;11.2-28;118/114;A6/A8;TT;8;880;2;36;rolnicze;wielosezonowe 
106557;8903094003198;BKT;TR 135;12.4-28;123/120;A6/A8;TT;8;950;2;45;rolnicze;wielosezonowe 
106558;8903094003501;BKT;TR 135;14.9-28;130;A6;TT;8;1214;2;63;rolnicze;wielosezonowe 
106559;8903094006878;BKT;PT - HD;6.50-10;;;TT;10;320;0;15;przemysłowe;wielosezonowe 
106560;8903094009367;BKT;AW 702;11.5/80-15.3;131;A8;TL;10;420;0;21;rolnicze;wielosezonowe 
106561;;BKT;TR 135;16.9-34;139/135;A6/A8;TT;8;2000;0;95;rolnicze;wielosezonowe 
106562;;BKT;TR 135;11.2-24;116/112;A6/A8;TT;8;790;0;32;rolnicze;wielosezonowe 
106563;8903094002689;BKT;AS 2001;16.9-28;135;A6;TT;8;1750;0;81;rolnicze;wielosezonowe 
106564;8903094007806;BKT;PT - HD;6.00-9;;;TT;10;270;0;12;przemysłowe;wielosezonowe 
106565;8903094007219;BKT;PL 801;7.00-12;;;TT;14;375;0;17;przemysłowe;wielosezonowe 
106566;8903094007790;BKT;PT - HD;5.00-8;;;TT;10;167;0;;przemysłowe;wielosezonowe 
106567;8903094020584;BKT;TF 8181;6.00-16;88/80;A6/A8;TT;6;220;0;10;rolnicze;wielosezonowe 
106568;8903094020614;BKT;TF 8181;6.50-16;91/83;A6/A8;TT;6;242;1;11.5;rolnicze;wielosezonowe 
106569;8903094021024;BKT;TF 9090;6.50-16;91/83;A6/A8;TT;6;215;0;11;rolnicze;wielosezonowe 
106570;8903094020645;BKT;TF 8181;7.50-16;98/90;A6/A8;TT;6;300;0;15;rolnicze;wielosezonowe 
106571;;BKT;TF 9090;9.00-16;115/108;A6/A8;TT;10;445;0;24;rolnicze;wielosezonowe 
106572;;BKT;TF 8181;7.50-20;103/96;A6/A8;TT;6;390;0;18;rolnicze;wielosezonowe 
106573;8903094003570;BKT;TR 135;16.9-24;133/129;A6/A8;TT;8;1500;1;68;rolnicze;wielosezonowe 
106574;8903094002795;BKT;AS 2001;18.4-26;146;A6;TT;12;2000;1;89;rolnicze;wielosezonowe 
106575;8903094004027;BKT;TR 135;23.1-26;153/149A8;A6/;TL;12;3690;1;153;rolnicze;wielosezonowe 
106576;;BKT;TR 135;16.9-30;137/133;A6/A8;TT;8;1820;2;79;rolnicze;wielosezonowe 
106578;8903094003860;BKT;TR 135;18.4-34;146/143;A6/A8;TT;10;2520;1;102;rolnicze;wielosezonowe 
106579;8903094003266;BKT;TR 135;12.4-36;126;A6;TT;8;1320;1;55;rolnicze;wielosezonowe 
106580;;BKT;TR 135;16.9-38;141;A6;TT;8;2200;1;102;rolnicze;wielosezonowe 
106581;8903094003938;BKT;TR 135;18.4-38;153/149;A6/A8;TT;12;2960;1;116;rolnicze;wielosezonowe 
106582;8903094038237;BKT;MP 567;12.5-20;132;G;TL;12;1285;0;47;rolnicze;wielosezonowe 
106583;8903094015252;BKT;MP 570;14.5-20;139;D;TL;12;1400;1;58;przemysłowe;wielosezonowe 
106584;8903094006977;BKT;PL 801;18X7-8;;;TT;16;195;1;9;przemysłowe;wielosezonowe 
106585;8903094007691;BKT;PT - HD;18X7-8;;;TT;16;245;1;10;przemysłowe;wielosezonowe 
106586;8903094007745;BKT;PT - HD;250-15;;;TT;20;820;0;35;przemysłowe;wielosezonowe 
106587;;BKT;AS 504;7.50-20;116;A8;TT;8;367;1;16;rolnicze;wielosezonowe 
106588;8903094007844;BKT;PT - HD;8.15-15;154;A5;TT;14;640;1;27;przemysłowe;wielosezonowe 
106589;;BKT;AW 702;11.5/80-15.3;139;A8;TL;14;455;0;22;rolnicze;wielosezonowe 
106591;8903094027842;BKT;PL 801;21X8-9;;;TT;14;320;1;13.5;przemysłowe;wielosezonowe 
106592;8903094007301;BKT;PT - HD;8.25-15;;;TT;14;855;1;37;przemysłowe;wielosezonowe 
106593;;BKT;PT - HD;300-15;;;TT;20;1205;1;51;przemysłowe;wielosezonowe 
106594;8903094007820;BKT;PT - HD;7.00-12;;;TT;14;420;0;20.5;przemysłowe;wielosezonowe 
106595;8903094018567;BKT;AS 504;10.0/75-15.3;123;A8;TL;10;430;0;21;rolnicze;wielosezonowe 
106596;;BKT;AW 705;15.0/70-18;148A8;;TL;14;990;1;43;rolnicze;wielosezonowe 
106597;8903094027408;BKT;AW 705;16.0/70-20;151;A8;TL;12;1090;1;47;rolnicze;wielosezonowe 
106598;;BKT;AS 504;5.00-15;88;A8;TT;6;147;2;6;rolnicze;wielosezonowe 
106599;;BKT;TR 135;13.6-28;125/122;A6/A8;TT;8;1220;1;54;rolnicze;wielosezonowe 
106600;8903094004669;BKT;TR 135;9.5-24;112/108;A6/A8;TT;8;610;0;26.5;rolnicze;wielosezonowe 
106601;8903094021550;BKT;AGRIMAX RT 855;12.4R24;122/122;A8/B;TL;;1400;0;54;rolnicze;wielosezonowe 
106602;8903094021574;BKT;AGRIMAX RT 855;12.4R28;124/124;A8/B;TL;;1580;0;60;rolnicze;wielosezonowe 
106603;8903094021581;BKT;AGRIMAX RT 855;13.6R24;125/125;A8/B;TL;;1500;0;62;rolnicze;wielosezonowe 
106604;8903094021611;BKT;AGRIMAX RT 855;13.6R28;127/127;A8/B;TL;;1800;1;69;rolnicze;wielosezonowe 
106605;8903094021581;BKT;AGRIMAX RT 855;13.6R24;125/125;A8/B;TL;;1800;0;62;rolnicze;wielosezonowe 
106606;8903094021666;BKT;AGRIMAX RT 855;14.9R28;133/133;A8/B;TL;;1910;0;84;rolnicze;wielosezonowe 
106607;8903094021710;BKT;AGRIMAX RT 855;16.9R28;139/139;A8/B;TL;;2400;0;104;rolnicze;wielosezonowe 
106608;8903094021734;BKT;AGRIMAX RT 855;16.9R30;140/140;A8/B;TL;;2620;0;107.5;rolnicze;wielosezonowe 
106609;;BKT;AGRIMAX RT 855;16.9R34;142/142;A8/B;TL;;2960;0;118;rolnicze;wielosezonowe 
106610;8903094021758;BKT;AGRIMAX RT 855;16.9R38;144/144;A8/B;TL;;3550;0;127;rolnicze;wielosezonowe 
106611;;BKT;AGRIMAX RT 855;18.4R34;147/147;A8/B;TL;;3300;0;136;inne;wielosezonowe 
106612;8903094021789;BKT;AGRIMAX RT 855;18.4R38;149/149;A8/B;TL;;3760;0;149;rolnicze;wielosezonowe 
106613;8903094019168;BKT;AS 504;6.00-16;98;A8;TT;;230;2;9.5;rolnicze;wielosezonowe 
106614;8903094019328;BKT;AS 504;7.50-16;112;A8;TT;;296;0;13;inne;wielosezonowe 
106615;8903094004584;BKT;TR 135;8.3-24;100/96;A6/A8;TT;6;520;1;20;rolnicze;wielosezonowe 
106616;;BKT;TR 135;13.6-24;123/120;A6/A8;TT;8;1090;1;48;rolnicze;wielosezonowe 
106617;8903094004614;BKT;TR 135;8.3-28;103/99;A6/A8;TT;6;575;0;23;rolnicze;wielosezonowe 
106618;8903094016556;BKT;TR 459;16.9-28;152A8;;TT;12;2180;0;92;przemysłowe;wielosezonowe 
106619;8903094019595;BKT;AT 603;12.5/80-18;148/142;A6/A6;TL;12;796.05;1;41.5;przemysłowe;wielosezonowe 
106620;8903094009671;BKT;AW 702;12.5/80-18;145;A8;TL;14;810;1;34;rolnicze;wielosezonowe 
106621;8903094038305;BKT;MP 567;16.0/70-20;145;G;TL;14;1680;0;66;rolnicze;wielosezonowe 
106622;;BKT;SP SK;10-16.5;134;A2;TL;10;490;0;22;przemysłowe;wielosezonowe 
106623;8903094055746;BKT;SP SK;12-16.5;144;A2;TL;12;715;1;32;przemysłowe;wielosezonowe 
106624;8903094021536;BKT;AGRIMAX RT 855;280/85R24;115/115;A8/B;TL;;1100;0;43;rolnicze;wielosezonowe 
106625;8903094006236;BKT;V LINE;550/60-22.5;167/163;A8/B;TL;16;2080;0;88.5;rolnicze;wielosezonowe 
106626;8903094016624;BKT;TR 459;18.4-26;156;A8;TL;12;2369;1;106;przemysłowe;wielosezonowe 
106628;8903094000555;BKT;AT 108;20X7-8;23;J;TL;4;205;2;4.5;quad;wielosezonowe 
106629;;BKT;AT 108;22X11.00-8;43;J;TL;4;280;0;10;quad;wielosezonowe 
106630;;BKT;AT 108;22X10-9;39;J;TL;4;315;0;8.5;quad;wielosezonowe 
106631;;BKT;AT 108;;;;;;320;0;;quad;wielosezonowe 
106632;;BKT;AT 108;24X11-10;47;J;TL;4;355;0;10;quad;wielosezonowe 
106633;8903094000272;BKT;AT 108;22X7-11;27;F;TL;4;235;1;6.5;quad;wielosezonowe 
106634;8903094000333;BKT;AT 108;23X8.00-11;33;F;TL;4;245;2;5.94;quad;wielosezonowe 
106635;;BKT;AT 108;;;;;;320;0;;quad;wielosezonowe 
106636;8903094000630;BKT;AT 108;25X8-12;43;J;TL;6;300;1;8.4;quad;wielosezonowe 
106637;;BKT;AT 108;25X10.00-12;50;J;TL;6;360;0;10;quad;wielosezonowe 
106638;;BKT;AT 111;;;;;;290;0;;quad;wielosezonowe 
106639;;BKT;AT 111;;;;;;330;0;;quad;wielosezonowe 
106640;8903094026876;BKT;AT 111;20X11-9;43;J;TL;6;315;1;8;quad;wielosezonowe 
106641;8903094026913;BKT;AT 111;20X11-10;42;J;TL;6;300;1;8;quad;wielosezonowe 
106642;;BKT;AT 111;21X7-10;30;J;TL;6;230;0;6;inne;wielosezonowe 
106643;8903094026913;BKT;AT 111;22X7.00-10;33;J;TL;6;255;2;6;quad;wielosezonowe 
106644;8903094001101;BKT;AT 111;22X8.00-10;;;TL;6;279;2;6;quad;wielosezonowe 
106645;;BKT;AT 109;16X8-7;5;F;TL;2;117;0;2.8;quad;wielosezonowe 
106646;8903094000692;BKT;AT 109;20X7-8;28;F;TL;2;190;2;4.3;quad;wielosezonowe 
106647;;BKT;AT 109;;;;;;202;0;;quad;wielosezonowe 
106648;;BKT;AT 110;;;;;;230;0;;quad;wielosezonowe 
106649;8903094007349;BKT;PL 801;7.00-15;;;TT;12;415;1;18;przemysłowe;wielosezonowe 
106650;;BKT;AT 110;21X7.00-10;;;TL;4;228;0;5.4;quad;wielosezonowe 
106651;;BKT;AT 110;;;;;;289;1;;quad;wielosezonowe 
106652;;BKT;W 207;22X11-8;48;J;TL;6;314;0;10;quad;wielosezonowe 
106653;;BKT;AT 111;;;;;;340;1;;inne;wielosezonowe 
106654;;BKT;W 207;22X8-10;36;J;TL;6;278;0;7.7;quad;wielosezonowe 
106655;8903094001767;BKT;W 207;24X11-10;52;J;TL;6;375;0;11;quad;wielosezonowe 
106656;8903094001774;BKT;W 207;25X10.00-12;;;TL;6;360;0;11;quad;wielosezonowe 
106657;8903094001781;BKT;W 207;25X8-12;43;J;TL;6;310;0;9;quad;wielosezonowe 
106658;8903094001774;BKT;W 207;25X10-12;50;J;TL;6;369;0;11;quad;wielosezonowe 
106659;8903094006359;BKT;FLOT 648;500/60-22.5;151/148;A8/B;TL;16;2190;0;79;inne;wielosezonowe 
106660;8903094036912;BKT;AGRIMAX RT 855;320/85R32;126/126;A8/B;TL;;1790;1;67.5;rolnicze;wielosezonowe 
106661;8903094021628;BKT;AGRIMAX RT 855;320/85R36;128/128;A8/B;TL;;1950;0;75;rolnicze;wielosezonowe 
106662;8903094062171;BKT;AGRIMAX RT 765;420/70R28;133/133;A8/B;TL;;2470;0;89;rolnicze;wielosezonowe 
106663;8903094021543;BKT;AGRIMAX RT 855;280/85R28;118/118;A8/B;TL;;1220;0;49;rolnicze;wielosezonowe 
106664;8903094021642;BKT;AGRIMAX RT 855;340/85R36;132/132;A8/B;TL;;2475;0;85;rolnicze;wielosezonowe 
106665;8903094063055;BKT;AGRIMAX RT 765;380/70R28;127/127;A8/B;TL;;2100;1;74;rolnicze;wielosezonowe 
106666;;BKT;AGRIMAX RT 765;420/70R24;130/130;A8/B;TL;;2170;1;81;rolnicze;wielosezonowe 
106667;8903094062195;BKT;AGRIMAX RT 765;480/70R24;138/138;A8/B;TL;;2760;1;100;rolnicze;wielosezonowe 
106668;8903094062201;BKT;AGRIMAX RT 765;480/70R28;140/140;A8/B;TL;;2890;1;111;rolnicze;wielosezonowe 
106669;8903094062218;BKT;AGRIMAX RT 765;480/70R30;141/141;A8/B;TL;;3000;1;116;rolnicze;wielosezonowe 
106670;8903094062225;BKT;AGRIMAX RT 765;480/70R34;149/149;A8/B;TL;;3450;0;130;rolnicze;wielosezonowe 
106671;8903094063086;BKT;AGRIMAX RT 765;480/70R38;145/145;A8/B;TL;;3600;1;140;rolnicze;wielosezonowe 
106672;8903094063079;BKT;AGRIMAX RT 765;520/70R34;148/148;A8/B;TL;;4200;0;152;rolnicze;wielosezonowe 
106673;8903094062232;BKT;AGRIMAX RT 765;520/70R38;150/150;A8/B;TL;;4395;0;167;rolnicze;wielosezonowe 
106674;;BKT;AGRIMAX RT 855;460/85R30;145/145;A8/B;TL;;3000;1;130;rolnicze;wielosezonowe 
106675;8903094010387;BKT;AW 708;500/50-17;157;A8;TL;18;1410;2;56;rolnicze;wielosezonowe 
106676;;BKT;TR 135;;;;;;321;0;;rolnicze;wielosezonowe 
106677;8903094009930;BKT;AW 705;14.0/65-16;142;A8;TL;14;650;0;29;rolnicze;wielosezonowe 
106678;8903094020638;BKT;TF 8181;6.50-20;97/89;A6/A8;TT;6;330;1;14;rolnicze;wielosezonowe 
106679;8903094006427;BKT;FLOT 648;600/55-22.5;169/166;A8/B;TL;16;2930;0;110;inne;wielosezonowe 
106680;;BKT;AW 702;12.5/80-15.3;142;A8;TL;14;461;0;28.5;rolnicze;wielosezonowe 
106682;8903094003549;BKT;TR 135;15.5-38;133;A6;TT;8;1780;2;77;rolnicze;wielosezonowe 
106684;;BKT;AW 702;10.5/65-16;130;A8;TL;14;370;2;18;rolnicze;wielosezonowe 
106685;;BKT;AW 909;15.0/55-17;141;A8;TL;14;610;0;25.5;rolnicze;wielosezonowe 
106686;8903094009329;BKT;AW 702;10.5/80-18;131;A8;TL;10;590;1;24;rolnicze;wielosezonowe 
106687;;BKT;AW 702;13.0/65-18;144;A8;TL;16;805;1;33;rolnicze;wielosezonowe 
106688;8903094014644;BKT;TRAC GRADER+;14.00-24;153;A8;TL;16;2110;1;80;przemysłowe;wielosezonowe 
106689;8903094016815;BKT;RT 747;460/70R24(17.5L;152/149;A8/B;TL;;2950;0;95;rolnicze;wielosezonowe 
106690;8903094063017;BKT;AGRIMAX RT 765;360/70R24;122/122;A8/B;TL;;1640;1;61;rolnicze;wielosezonowe 
106691;8903094063048;BKT;AGRIMAX RT 765;360/70R28;125/125;A8/B;TL;;1840;1;69;rolnicze;wielosezonowe 
106692;8903094062607;BKT;AGRIMAX RT 765;380/70R24;125/125;A8/B;TL;;1960;1;65.5;rolnicze;wielosezonowe 
106693;8903094021796;BKT;AGRIMAX RT 855;480/80R42;151/151;A8/B;TL;;4950;1;174;rolnicze;wielosezonowe 
106694;8903094021802;BKT;AGRIMAX RT 855;520/85R38;155/155;A8/B;TL;;4830;1;195;rolnicze;wielosezonowe 
106695;8903094062249;BKT;AGRIMAX RT 765 E;580/70R38;155/155;A8/B;TL;;5590;1;208;rolnicze;wielosezonowe 
106696;8903094006526;BKT;FLOT 648;700/50-26.5;174/170;A8/B;TL;16;4670;2;138;inne;wielosezonowe 
106697;8903094021673;BKT;AGRIMAX RT 855;340/85R38;133/133;A8/B;TL;;2410;0;91;rolnicze;wielosezonowe 
106698;8903094012954;BKT;LG RIB;15X6.00-6;57/61;A6/A3;TL;4;79;2;2.2;rolnicze;wielosezonowe 
106700;8903094004089;BKT;TR 135;8.3-36;107/104;A6/A8;TT;6;740;0;30;rolnicze;wielosezonowe 
106701;8903094019465;BKT;AS 505;6.5/80-15;104;A8;TL;8;250;1;10.5;rolnicze;wielosezonowe 
106702;8903094018758;BKT;AS 504;11.5/80-15.3;139;A8;TT;14;575;0;28;rolnicze;wielosezonowe 
106703;8903094019755;BKT;AW 702;7.00-12;98;A8;TL;6;208;1;10;rolnicze;wielosezonowe 
106704;8903094010202;BKT;AW 705;16.0/70-20;154;A8;TT;14;1100;0;44;rolnicze;wielosezonowe 
106705;8903094003952;BKT;TR 135;20.8-38;156/152;A6/A8;TT;12;3930;1;155;rolnicze;wielosezonowe 
106706;;BKT;TR 135;8.3-32;105/101;A6/A8;TT;6;650;2;25.5;rolnicze;wielosezonowe 
106707;;BKT;TF 8181;5.00-15;82/74;A6/A8;TT;6;152;0;6.5;rolnicze;wielosezonowe 
106708;;BKT;TR 135;23.1-30;155/151;A6/A8;TT;12;3940;0;156;rolnicze;wielosezonowe 
106709;8903094007714;BKT;MP 567;10.0/75-15.3;134/130;A6/A8;TL;14;530;0;22;rolnicze;wielosezonowe 
106710;8903094055746;BKT;SP HD;12-16.5;;;TL;12;815;1;35.6;przemysłowe;wielosezonowe 
106711;8903094018789;BKT;AS 504;12.5/80-18;142;A8;TL;12;800;0;41.3;rolnicze;wielosezonowe 
106712;;BKT;LG 307;20X12.00-10;87;A6;TL;4;195;0;7.5;rolnicze;wielosezonowe 
106713;8903094007080;BKT;PL 801;300-15;;;TT;18;1070;1;43;przemysłowe;wielosezonowe 
106714;8903094057597;BKT;MP 567;11.5/80-15.3;139;A8;TL;14;650;0;29;rolnicze;wielosezonowe 
106715;8903094020973;BKT;TF 9090;6.00-19;93/85;A6/A8;TT;6;208;1;10.2;rolnicze;wielosezonowe 
106716;8903094012954;BKT;LG RIB;16X6.50-8;;;TL;4;102;2;3;rolnicze;wielosezonowe 
106717;8903094012367;BKT;LG 306;16X6.50-8;68;A6;TL;6;99;0;3.2;rolnicze;wielosezonowe 
106718;8903094013043;BKT;LG SMOOTH;20X10.00-10;;;TL;6;210;1;5.8;rolnicze;wielosezonowe 
106719;8903094012602;BKT;LG 306;23X8.50-12;89;A6;TL;6;230;1;7.9;rolnicze;wielosezonowe 
106720;8903094012558;BKT;LG 306;23X10.50-12;102;A6;TL;8;270;2;10;rolnicze;wielosezonowe 
106721;8903094021949;BKT;AGRIMAX RT 765;360/70R20;129A8/129B;/;TL;;1530;0;53;rolnicze;wielosezonowe 
106722;8903094016617;BKT;TR 459;18.4-24;155;A8;TL;12;2350;1;96;przemysłowe;wielosezonowe 
106723;8903094016495;BKT;TR 459;16.9-24;149;A8;TL;12;1890;0;81;przemysłowe;wielosezonowe 
106724;8903094012381;BKT;LG 306;18X9.50-8;87;A6;TL;6;158;2;5.7;inne;wielosezonowe 
106725;8903094018628;BKT;AS 504;10.5/80-18;131;A8;TL;10;560;0;31;rolnicze;wielosezonowe 
106726;8903094019526;BKT;AT 603;10.5/80-18;131;A8;TL;10;570;0;31;przemysłowe;wielosezonowe 
106727;8903094018727;BKT;AS 504;11.5/80-15.3;135;A8;TL;12;585;0;30;rolnicze;wielosezonowe 
106728;8903094018895;BKT;AS 504;15.0/55-17;141;A8;TL;14;860;0;33.5;rolnicze;wielosezonowe 
106729;8903094018987;BKT;AS 504;15.5/80-24;148/148;A8/B;TL;14;1645;0;68.5;rolnicze;wielosezonowe 
106730;8903094019113;BKT;AS 504;16.5/85-24;168;A8;TL;16;1850;0;84;rolnicze;wielosezonowe 
106731;8903094019069;BKT;AS 504;16.0/70-20;154;A8;TL;14;1290;0;65.5;rolnicze;wielosezonowe 
106732;8903094012381;BKT;LG 306;18X8.50-8;78;A6;TL;6;145;0;5;przemysłowe;wielosezonowe 
106733;8903094064465;BKT;AS 504;19.0/45-17;144;A8;TL;14;1100;1;41;rolnicze;wielosezonowe 
106734;;BKT;LG 306;20X10.00-10;90/94;A6/A3;TL;6;200;0;7;inne;wielosezonowe 
106735;8903094012459;BKT;LG 306;20X10.00-8;90;A6;TL;6;190;2;6.2;inne;wielosezonowe 
106736;;BKT;LG 408;24X13.00-12;107;A6;TL;6;450;0;12.5;inne;wielosezonowe 
106737;8903094007066;BKT;PL 801;250-15;;;TT;;805;1;32;przemysłowe;wielosezonowe 
106738;8903094012893;BKT;LG 408;26,5X14.00-12;113;A6;TL;6;590;1;15;inne;wielosezonowe 
106739;8903094012671;BKT;LG 306;26X12.00-12;112;A6;TL;8;435;1;16;inne;wielosezonowe 
106740;;BKT;SKID POWER HD;27X8.50-15;118;A2;TL;8;350;0;16;przemysłowe;wielosezonowe 
106741;;BKT;TR 882;400/60-15.5;145;A8;TL;14;805;0;38.5;rolnicze;wielosezonowe 
106742;8903094019205;BKT;AS 504;6.5/80-12;93;A8;TT;6;175;0;7.2;rolnicze;wielosezonowe 
106743;8903094007271;BKT;PL 801;8.15-15;;;TT;14;510;0;22.3;przemysłowe;wielosezonowe 
106744;8903094020676;BKT;TF 8181;7.50-18;106/98;A6/A8;TT;8;390;0;18;rolnicze;wielosezonowe 
106745;8903094007301;BKT;PL 801;8.25-15;;;TT;14;620;1;30.5;przemysłowe;wielosezonowe 
106746;8903094010547;BKT;AW 909;10.0/80-12;121;A8;TL;10;270;2;13;rolnicze;wielosezonowe 
106747;8903094020720;BKT;TF 9090;10.00-16;115/107;A6/A8;TT;8;460;0;24.5;rolnicze;wielosezonowe 
106748;;BKT;TF 9090;11.00-16;118/110;A6/A8;TT;8;610;1;32;rolnicze;wielosezonowe 
106749;;BKT;AW 702;13.0/55-16;133;A8;TL;14;510;0;21.5;rolnicze;wielosezonowe 
106750;8903094012336;BKT;LG 306;13X5.00-6;48;A6;TL;4;61;0;1.8;rolnicze;wielosezonowe 
106751;8903094016457;BKT;TR 459;14.9-24;145;A8;TL;12;1450;0;63;przemysłowe;wielosezonowe 
106752;8903094016648;BKT;TR 459;18.4-28;157;A8;TL;12;2300;1;108.5;przemysłowe;wielosezonowe 
106754;;BKT;AS 504;7.00-12;95;A8;TL;6;290;0;12.5;rolnicze;wielosezonowe 
106756;8903094020805;BKT;TF 9090;4.00-19;72/64;A6/A8;TL;4;117;1;6;rolnicze;wielosezonowe 
106757;;BKT;TF 8181;5.00-16;84/76;A6/A8;TT;6;160;0;7.5;rolnicze;wielosezonowe 
106758;;BKT;RIB 774B;200/60-14.5;106;A8;TT;10;325;0;12;rolnicze;wielosezonowe 
106759;8903094020577;BKT;TF 8181;5.50-16;78;A8;TT;6;175;1;8;rolnicze;wielosezonowe 
106760;8903094019366;BKT;AS 504;7.50-18;114;A8;TT;8;350;0;14.3;rolnicze;wielosezonowe 
106761;8903094054480;BKT;PORT KING IND;18.00-25;216;A2;TL;40;8000;1;404;przemysłowe;wielosezonowe 
106762;8903094006250;BKT;FLOT 558;400/55-22.5;152/148;A8/B;TL;16;1410;1;52;inne;wielosezonowe 
106763;;BKT;TRAC MASTER;31X15.50-15;116B;;TL;8;875;1;29;przemysłowe;wielosezonowe 
106764;;BKT;PL 801;6.50-10;;;TT;10;240;2;11;przemysłowe;wielosezonowe 
106765;8903094012930;BKT;LG RIB;13X5.00-6;48/53;A6/A3;TL;4;63.5;0;2;rolnicze;wielosezonowe 
106766;8903094021192;BKT;TF 9090;7.50-18;106/96;A6/A8;TT;8;340;1;17.5;rolnicze;wielosezonowe 
106767;8903094005314;BKT;EM 936;10.00-20;146B;;TT;16;990;0;48;przemysłowe;wielosezonowe 
106768;8903094005383;BKT;EM 936;8.25-20;133;B;TT;14;920;0;34;przemysłowe;wielosezonowe 
106769;8903094005406;BKT;EM 936;9.00-20;140;B;TT;14;1190;1;44;przemysłowe;wielosezonowe 
106770;8903094005345;BKT;EM 936;16.0/70-20;149;B;TL;14;1570;0;58;przemysłowe;wielosezonowe 
106771;8903094005369;BKT;EM 936;16.0/70-24;152;B;TL;14;2100;1;76;przemysłowe;wielosezonowe 
106772;8903094015375;BKT;EM 937;14.00-24;165;B;TL;24;2930;0;145;przemysłowe;wielosezonowe 
106773;;BKT;EM 937;;;;;;1000;2;;przemysłowe;wielosezonowe 
106774;;BKT;XL GRIP;17.5-25;158;B;TL;16;2632;0;129;przemysłowe;wielosezonowe 
106775;;BKT;XL GRIP;20.5-25;170;B;TL;20;3750;0;197;przemysłowe;wielosezonowe 
106776;8903094015870;BKT;XL GRIP;23.5-25;;;TL;24;7300;0;282;przemysłowe;wielosezonowe 
106777;;BKT;XL GRIP;26.5-25;188;B;TL;28;7369;0;370;przemysłowe;wielosezonowe 
106778;8903094015917;BKT;XL GRIP;29.5-25;193;B;TL;28;9211;1;453;przemysłowe;wielosezonowe 
106779;8903094015771;BKT;XL GRIP;18.00-25;;;TL;40;7000;1;292;przemysłowe;wielosezonowe 
106780;;BKT;XL GRIP;18.00-33;192;B;TL;40;7630;0;379;przemysłowe;wielosezonowe 
106782;;BKT;XL GRIP;10.00-20;;;TL;18;1285;0;62.5;przemysłowe;wielosezonowe 
106783;;BKT;XL GRIP;;;;;;800;0;;przemysłowe;wielosezonowe 
106784;8903094037872;BKT;MP 567;10.5-18;126;G;TL;10;850;0;31.5;rolnicze;wielosezonowe 
106785;8903094015290;BKT;MP 600;10.5-18;130B;;TL;10;890;1;29;inne;wielosezonowe 
106786;;BKT;MP 567;10.5-20;128;G;TL;10;1020;2;37;rolnicze;wielosezonowe 
106787;8903094038336;BKT;MP 585;10.5-20;128;G;TL;10;870;1;32;inne;wielosezonowe 
106788;8903094017645;BKT;SP HD;10-16.5;134;A2;TL;10;565;0;25.5;przemysłowe;wielosezonowe 
106789;8903094019427;BKT;AS 504;11.0/65-12;114;A8;TL;8;445;1;18;rolnicze;wielosezonowe 
106790;8903094020461;BKT;RIB F3;11L-15;110A8;;TL;10;330;2;23;inne;wielosezonowe 
106791;;BKT;INDUSTRIAL RIB F3;11L-16;112;A8;TL;10;585;0;24;rolnicze;wielosezonowe 
106792;8903094038312;BKT;MP 570;12.5-18;130;F;TL;10;1200;1;44;przemysłowe;wielosezonowe 
106793;8903094015306;BKT;MP 600;12.5-18;132;B;TL;10;1190;0;44;inne;wielosezonowe 
106794;;BKT;MP 570;12.5-20;133;F;TL;12;1250;0;50;przemysłowe;wielosezonowe 
106795;8903094038404;BKT;MP 585;12.5-20;132;G;TL;12;1200;0;47.5;inne;wielosezonowe 
106796;8903094038282;BKT;MP 567;14.5-20;136;G;TL;12;1450;1;58.5;rolnicze;wielosezonowe 
106797;8903094016594;BKT;TR 459;17.5L-24;148;A6;TL;12;1990;0;71;przemysłowe;wielosezonowe 
106798;8903094015153;BKT;MP 567;18-19.5;160;B;TL;16;1950;0;74;inne;wielosezonowe 
106799;;BKT;TR 459;19.5L-24;151;A8;TL;12;2360;1;92;przemysłowe;wielosezonowe 
106800;;BKT;TR 459;;;;;;2970;0;;przemysłowe;wielosezonowe 
106801;8903094006335;BKT;FLOT 648;500/50-22.5;158/155;A8/B;TL;16;1600;0;62.5;inne;wielosezonowe 
106802;8903094005000;BKT;TR 387;18.4-26;146;A6;TL;12;2295;1;95;przemysłowe;wielosezonowe 
106803;;BKT;TR 387;16.9-30;137;A6;TL;8;1790;1;72;przemysłowe;wielosezonowe 
106804;8903094005024;BKT;TR 387;18.4-30;139;A6;TL;8;2120;1;87;przemysłowe;wielosezonowe 
106805;8903094009343;BKT;AW 702;10.5/80-18;138;A8;TL;14;640;1;26;rolnicze;wielosezonowe 
106806;8903094012343;BKT;LG 306;15X6.00-6;57;A6;TL;4;75;1;3;rolnicze;wielosezonowe 
106807;;BKT;TR 315;16X6.50-8;68/72;A6/A3;TL;6;113;0;3.5;rolnicze;wielosezonowe 
106808;;BKT;TR 360;18x7-8;;;TL;6;148;0;5;rolnicze;wielosezonowe 
106809;8903094016822;BKT;RT 747;19.5LR24(500/70R;157/154;A8/B;TL;;3570;1;115;rolnicze;wielosezonowe 
106810;;BKT;TR 675;500/60-22.5;157/154;A8/B;TL;12;2365;0;94.5;rolnicze;wielosezonowe 
106811;8903094019816;BKT;TR 675;550/60-22.5;167/163;A8/B;TL;16;2960;1;114;rolnicze;wielosezonowe 
106812;8903094019403;BKT;AS 504;7.5L-15;113;A8;TT;8;356;0;15;rolnicze;wielosezonowe 
106813;8903094026173;BKT;RIB 900;400/60-15.5;145A8;;TL;14;720;2;31.5;rolnicze;wielosezonowe 
106814;;BKT;MP 600;16.0/70-24;152;B;TL;14;2000;0;77.5;rolnicze;wielosezonowe 
106815;;BKT;TR 315;23X8.50-12;89A6;;TL;6;238;1;7;rolnicze;wielosezonowe 
106816;8903094052509;BKT;RADIAL FL 630 ULTRA;560/60R22.5;172/161;A8/D;TL;;3600;1;112;inne;wielosezonowe 
106817;8903094022410;BKT;TR 315;26X12.00-12;116;A3;TL;8;465;0;14.5;rolnicze;wielosezonowe 
106818;8903094006366;BKT;FLOT 648;550/45-22.5;159/156;A8/B;TL;16;1950;2;77;inne;wielosezonowe 
106819;;BKT;SKID POWER HD;31X15.50-15;131;B;TL;10;900;0;37;przemysłowe;wielosezonowe 
106820;8903094022441;BKT;TR 315;31X15.50-15;116;B;TL;8;900;0;29.5;rolnicze;wielosezonowe 
106821;;BKT;FLOT 648;400/60-22.5;160/148;A8/A8;TL;18;1021;0;57.5;inne;wielosezonowe 
106822;8903094005048;BKT;TR 387;23.1-26;159;A6;TL;16;3500;1;144.5;przemysłowe;wielosezonowe 
106823;8903094008049;BKT;GF 304;18X8.50-8;70;A6;TL;4;170;0;5;rolnicze;wielosezonowe 
106824;8903094002627;BKT;PACMSTR;9.00-20;156A2;;TT;12;1025;1;47;przemysłowe;wielosezonowe 
106825;;BKT;SKID POWER HD;23X8.50-12;101A2;;TL;6;278;1;12;przemysłowe;wielosezonowe 
106826;8903094056019;BKT;SKID POWER HD;26X12-12;126A2;;TL;12;450;0;21;przemysłowe;wielosezonowe 
106827;8903094056026;BKT;SKID POWER HD;27X10.50-15;102A2;;TL;8;470;0;19.5;przemysłowe;wielosezonowe 
106828;8903094056064;BKT;SKID POWER HD;31.5X13-16.5;139A2;;TL;10;775;1;30.5;przemysłowe;wielosezonowe 
106829;;BKT;SKID POWER HD;33X15.50-16.5;148A2;;TL;12;1200;0;45;przemysłowe;wielosezonowe 
106830;8903094006274;BKT;FLOT 558;500/45-22.5;154A8/150B;/;TL;16;1660;0;61;rolnicze;wielosezonowe 
106831;8903094056118;BKT;SKID POWER (CHEVRON);7.00-15;120A2;;TL;6;435;2;18.5;przemysłowe;wielosezonowe 
106832;8903094020874;BKT;TF 9090;5.50-16;86/78;A6/A8;TT;6;165;1;9;rolnicze;wielosezonowe 
106833;;BKT;TF 8181;6.00-19;93/85;A6/A8;TT;6;240;1;11;rolnicze;wielosezonowe 
106834;8903094045037;BKT;FL 630 SUPER STBT E;580/65R22.5;166;D;TL;;4430;1;127;inne;wielosezonowe 
106835;8903094020522;BKT;TF 8181;4.50-16;73/65;A6/A8;TT;4;142;0;6;rolnicze;wielosezonowe 
106836;8903094010844;BKT;IMPL RIB 774;340/70-18;150;A8;TL;16;790;1;36;rolnicze;wielosezonowe 
106837;8903094009138;BKT;AW 702;10.0/75-15.3;135;A8;TL;18;430;0;20;rolnicze;wielosezonowe 
106838;8903094052790;BKT;RADIAL FL 630 ULTRA;560/45R22.5;163/152;A8/D;TL;;2850;1;93;inne;wielosezonowe 
106839;;BKT;TR 315;23X10.50-12;96;A6;TL;6;295;0;10;rolnicze;wielosezonowe 
106840;8903094055937;BKT;SKID POWER HD;18X8.50-10;88;A3;TL;8;230;0;8.1;przemysłowe;wielosezonowe 
106841;8903094026210;BKT;EM 936;20-24;173/158;A2/B;TL;12;3850;0;143;przemysłowe;wielosezonowe 
106843;;BKT;LG 306;20X8.00-10;81;A6;TL;4;170;1;5.99;rolnicze;wielosezonowe 
106844;8903094010240;BKT;AW 708;19.0/45-17;144;A8;TL;14;985;1;42;rolnicze;wielosezonowe 
106845;;BKT;AT 108;23X10-10;41;F;TL;4;340;0;9;quad;wielosezonowe 
106846;8903094000456;BKT;AT 108;25X12-10;51;F;TL;4;415;2;12;quad;wielosezonowe 
106847;;BKT;AT 109;;;;;;220;0;;quad;wielosezonowe 
106848;;BKT;AT 110;;;;;;260;0;;quad;wielosezonowe 
106849;;BKT;AT 111;22X11-10;47;J;TL;6;350;0;8.5;quad;wielosezonowe 
106850;8903094026999;BKT;AT 111;23x7-10;;;TL;6;286;2;7.1;quad;wielosezonowe 
106851;;BKT;AT 111;;;;;;188;0;;quad;wielosezonowe 
106852;;BKT;AT 111;20X6-10;;;TL;4;198;0;4.5;quad;wielosezonowe 
106853;8903094001644;BKT;W 207;25X13-9;;;TL;6;435;0;13.5;quad;wielosezonowe 
106854;8903094027064;BKT;W 207;22X7-10;;;TL;6;264;2;7;quad;wielosezonowe 
106855;;BKT;W 207;22X11-10;47;J;TL;6;325;0;10;quad;wielosezonowe 
106856;;BKT;W 207;23x7-10;;;TL;6;254;0;7.2;quad;wielosezonowe 
106857;8903094001491;BKT;W 207;23X10-10;;;TL;6;322;1;9.5;quad;wielosezonowe 
106858;;BKT;W 207;25X11-10;53;F;TL;6;372;0;11.5;quad;wielosezonowe 
106859;;BKT;W 207;25X12-10;;;TL;6;410;0;12;quad;wielosezonowe 
106860;8903094001521;BKT;W 207;23X8-11;;;TL;6;288;2;8.5;quad;wielosezonowe 
106861;8903094001576;BKT;W 207;24X9-11;;;TL;6;280;0;9.5;quad;wielosezonowe 
106862;8903094001538;BKT;W 207;24x10-11;;;TL;6;350;0;10;quad;wielosezonowe 
106863;;BKT;W 207;;;;;;346;0;;quad;wielosezonowe 
106864;8903094001569;BKT;W 207;24X8-12;;;TL;6;291;0;9;quad;wielosezonowe 
106865;8903094027118;BKT;W 207;26X12-12;58J;;TL;6;527;0;16;quad;wielosezonowe 
106866;;BKT;W 207;27X10-12;55J;;TL;6;510;2;14.5;quad;wielosezonowe 
106867;8903094027118;BKT;W 207;27X12-12;60J;;TL;6;566;0;16;quad;wielosezonowe 
106868;;BKT;W 207;28X12-12;61J;;TL;6;616;0;17.5;quad;wielosezonowe 
106869;8903094009275;BKT;AW 702;10.5-16;;;TT;14;820;1;34;rolnicze;wielosezonowe 
106870;;BKT;RIB 774 (DOT);215/75-17.5;139;A8;TL;16;253;0;18;rolnicze;wielosezonowe 
106871;8903094004713;BKT;TR 678;280/60-15.5;115A8;;TL;8;550;0;21;rolnicze;wielosezonowe 
106872;8903094004621;BKT;TR 135;9.5-20;102/99;A6/A8;TL;6;600;1;23;rolnicze;wielosezonowe 
106873;8903094001552;BKT;W 207;24X8.00-11;;;TL;6;305;0;9;quad;wielosezonowe 
106874;;BKT;AW 909;10.0/75-15.3;123;A8;TL;10;310;0;14;rolnicze;wielosezonowe 
106875;8903094011049;BKT;RIB 775;300/65-12;116;A8;TL;8;560;0;24;rolnicze;wielosezonowe 
106876;;BKT;AT 109;18X9.5-8;28;F;TL;2;200;0;5.5;quad;wielosezonowe 
106877;;BKT;FLOT 648;600/50-22.5;165/161;A8/B;TL;12;2520;0;97;inne;wielosezonowe 
106878;;BKT;AT 110;;;;;;225;0;;quad;wielosezonowe 
106879;8903094038121;BKT;MP 567;12.5-18;131;G;TL;12;1155;1;44;rolnicze;wielosezonowe 
106880;;BKT;AT 109;;;;;;295;0;;quad;wielosezonowe 
106881;;BKT;W 207;25X11-12;53;F;TL;6;380;0;11.5;quad;wielosezonowe 
106882;;BKT;AGRIMAX RT 765;240/70R16;104/104;A8/B;TL;;730;0;20.5;rolnicze;wielosezonowe 
106883;8903094021901;BKT;AGRIMAX RT 765;280/70R18;114/B;A8/;TL;;900;1;28;rolnicze;wielosezonowe 
106884;8903094021925;BKT;AGRIMAX RT 765;300/70R20;120A8/120B;/;TL;;1045;1;35;rolnicze;wielosezonowe 
106885;8903094063031;BKT;AGRIMAX RT 765;320/70R24;116A8/116B;/;TL;;1300;1;48;rolnicze;wielosezonowe 
106886;8903094021963;BKT;AGRIMAX RT 855;320/85R20;119/119;A8/B;TL;;1250;1;49;rolnicze;wielosezonowe 
106887;;BKT;AGRIMAX RT 765;320/70R20;123A8/123B;/;TL;;1150;1;39;rolnicze;wielosezonowe 
106888;8903094021864;BKT;AGRIMAX RT 955;230/95R48;136/136;A8/B;TL;;2250;1;61.5;rolnicze;wielosezonowe 
106889;8903094021970;BKT;AGRIMAX RT 765;280/70R20;116A8/116B;/;TL;;990;2;30;rolnicze;wielosezonowe 
106890;8903094021376;BKT;AGRIMAX RT 657;540/65R28;149D/152A8;/;TL;;4200;0;127;rolnicze;wielosezonowe 
106891;8903094021383;BKT;AGRIMAX RT 657;650/65R38;166/163;A8/D;TL;;7350;0;226;rolnicze;wielosezonowe 
106892;8903094021840;BKT;AGRIMAX RT 955;270/95R48;144/144;A8/B;TL;;2600;0;77.5;inne;wielosezonowe 
106893;8903094021871;BKT;AGRIMAX RT 955;300/95R46;148/148;A8/B;TL;;3150;0;84.5;inne;wielosezonowe 
106894;8903094063062;BKT;AGRIMAX RT 765;420/70R30;134/134;A8/B;TL;;2800;1;96;rolnicze;wielosezonowe 
106895;;BKT;AT 108;;;;;;347;0;;quad;wielosezonowe 
106896;;BKT;AT 108;22X8-10;36;J;TL;6;268;0;6.5;quad;wielosezonowe 
106897;;BKT;AT 109;145/70-6;;;TL;2;84;0;2;quad;wielosezonowe 
106898;8903094066773;BKT;AGRIMAX RT 765;710/70R38;166/166;A8/B;TL;;8830;1;285;rolnicze;wielosezonowe 
106899;8903094066452;BKT;AGRIMAX RT 765;710/70R42;173/173;A8/B;TL;;10300;0;320;rolnicze;wielosezonowe 
106900;8903094021819;BKT;AGRIMAX RT 855;520/85R42;157A8/157B;/;TL;;5500;1;197;rolnicze;wielosezonowe 
106901;;BKT;AT 108;;;;;;410;0;;quad;wielosezonowe 
106902;;BKT;AT 108;;;;;;268;0;;quad;wielosezonowe 
106903;;BKT;AW 708;400/60-15.5;149;A8;TL;18;879;0;36.5;rolnicze;wielosezonowe 
106904;;BKT;AT 108;;;;;;309;0;;quad;wielosezonowe 
106905;8903094027088;BKT;W 207;26X10-12;52;J;TL;6;460;0;13;quad;wielosezonowe 
106906;8903094021987;BKT;AGRIMAX RT 765;380/70R20;132A8/132B;/;TL;;1715;1;59;rolnicze;wielosezonowe 
106907;8903094021833;BKT;AGRIMAX RT 945;380/90R46;159/159;A8/B;TL;;4460;0;140.5;rolnicze;wielosezonowe 
106908;8903094026852;BKT;AT 111;18x10-8;;;TL;4;161;1;6;quad;wielosezonowe 
106909;8903094001514;BKT;W 207;23X8-10;;;TL;6;298;2;8;quad;wielosezonowe 
106910;8903094000326;BKT;AT 108;23X8-10;34;F;TL;4;265;1;7;quad;wielosezonowe 
106911;;BKT;AGRIMAX RT 955; 270/95R32;136/136;A8/B;TL;;1690;0;56.5;inne;wielosezonowe 
106912;8903094027125;BKT;W 207;28X10-12;57;J;TL;6;514;2;14.5;quad;wielosezonowe 
106913;;BKT;W 207;25X12-9;;;TL;6;365;0;13;quad;wielosezonowe 
106914;8903094063116;BKT;AGRIMAX RT 765;620/70R42;160/160B;A8/;TL;;6900;0;228;rolnicze;wielosezonowe 
106915;8903094026715;BKT;EARTHMAX SR 30;23.5R25;195/185;A2/B;TL;;9550;1;342;przemysłowe;wielosezonowe 
106917;8903094012954;BKT;LG RIB;15X6.00-6;57/61;A6/A3;TL;4;84;0;2.20;rolnicze;wielosezonowe 
106918;;BKT;RIB 900;400/60-15.5;147;A8;TL;16;730;1;35;rolnicze;wielosezonowe 
106919;8903094055678;BKT;SP HD;12-16.5;140;A2;TL;10;760;1;35;przemysłowe;wielosezonowe 
106920;;BKT;PL 801;23X5;;;TL;6;248;0;10;quad;wielosezonowe 
106921;;BKT;PL 801;5.00-8;;;TL;8;132;0;6.5;quad;wielosezonowe 
106922;;BKT;XL GRIP;23.5-25;177;B;TL;20;5800;0;273;przemysłowe;wielosezonowe 
106924;;BKT;PL 801;6.00-9;;;TL;10;200;1;10;przemysłowe;wielosezonowe 
106927;;BKT;AGRIMAX RT 855;210/95R18;108/108;A8/B;TL;;695;1;24;rolnicze;wielosezonowe 
106928;8903094026678;BKT;AGRIMAX RT 955;230/95R32;128/128;A8/B;TL;;1500;1;45.5;rolnicze;wielosezonowe 
106929;8903094027477;BKT;AGRIMAX RT 955;230/95R36;130/130;A8/B;TL;;1670;0;48;rolnicze;wielosezonowe 
106930;8903094027484;BKT;AGRIMAX RT 955;270/95R36;139/139;A8/B;TL;;2200;1;61;rolnicze;wielosezonowe 
106931;8903094025640;BKT;AW 702;13.0/75-16;138;A8;TL;10;710;1;29;rolnicze;wielosezonowe 
106932;8903094027606;BKT;AGRIMAX RT 657;320/65R18;109/109;A8/B;TL;;1130;1;34;rolnicze;wielosezonowe 
106933;;BKT;AW 09  131A8;;;;;;285;0;;rolnicze;wielosezonowe 
106934;8903094028818;BKT;TR 135;11.2-20;111/107;A6/A8;TL;8;691;0;27;rolnicze;wielosezonowe 
106935;8903094028825;BKT;TR 135;320/85R20;119/119;A8/B;TL;;760;1;49;rolnicze;wielosezonowe 
106936;8903094028382;BKT;TR 135;14.9-26;129/125;A6/A8;TL;8;1290;1;58.5;rolnicze;wielosezonowe 
106937;8903094028221;BKT;TR 135;9.5-32;110/106;A6/A8;TL;6;762;2;33;rolnicze;wielosezonowe 
106938;8903094028610;BKT;AGRIMAX RT 955;230/95R42;133/133;A8/B;TL;;2400;1;55.5;rolnicze;wielosezonowe 
106939;8903094027415;BKT;AGRIMAX RT 955;230/95R44;134/134;A8/B;TL;;2050;1;57.1;rolnicze;wielosezonowe 
106940;8903094021680;BKT;AGRIMAX RT 855;380/85R30;135/135;A8/;TL;;2180;2;90.5;rolnicze;wielosezonowe 
106941;8903094021697;BKT;AGRIMAX RT 855;380/85R34;137/137;A8/B;TL;;2370;1;98;rolnicze;wielosezonowe 
106942;;BKT;AGRIMAX RT 657;440/65R24;138/135;A8/D;TL;;2500;1;77.5;rolnicze;wielosezonowe 
106943;8903094028528;BKT;AGRIMAX RT 657;480/65R24;140D/143A8;/;TL;;3040;1;94;rolnicze;wielosezonowe 
106944;8903094029150;BKT;AGRIMAX RT 657;540/65R30;150D/153A8;/;TL;;4330;1;131.5;rolnicze;wielosezonowe 
106945;8903094028412;BKT;AGRIMAX RT 657;540/65R34;152D/155A8;/;TL;;4800;1;145;rolnicze;wielosezonowe 
106946;8903094029167;BKT;AGRIMAX RT 657;153D/156A;153D/156A8;/;TL;;5260;0;157;rolnicze;wielosezonowe 
106947;8903094062256;BKT;AGRIMAX RT 765;600/70R30;152A8/152B;/;TL;;5050;1;166.5;rolnicze;wielosezonowe 
106948;8903094027422;BKT;AS 504;10.0/75-15.3;135;A8;TL;18;560;0;24;rolnicze;wielosezonowe 
106949;8903094006878;BKT;FL 252;6.50-10;;;TT;10;275;1;12.5;przemysłowe;wielosezonowe 
106950;;BKT;FL 252;7.00-12;;;TT;14;400;1;18;przemysłowe;wielosezonowe 
106951;;BKT;FL 252;8.25-15;;;TT;14;652;1;29;przemysłowe;wielosezonowe 
106952;8903094029426;BKT;AGRIMAX RT 955;340/85R48;152/152;A8/B;TL;;3800;1;108.5;inne;wielosezonowe 
106953;8903094028375;BKT;TR 135;16.9-26;137/133;A6/A8;TL;10;1788;1;76.5;rolnicze;wielosezonowe 
106954;8903094029143;BKT;AGRIMAX RT 657;440/65R28;138D/141A8;/;TL;;2840;0;86.5;rolnicze;wielosezonowe 
106955;8903094006489;BKT;FLOT 648;700/40-22.5;166/162;A8/B;TL;16;3320;0;111;inne;wielosezonowe 
106956;8903094006854;BKT;FL 252;6.00-9;;;TL;10;225;0;10;przemysłowe;wielosezonowe 
106957;;BKT;FL 252;8.15-15;;;TL;14;500;0;22.5;przemysłowe;wielosezonowe 
106958;8903094006502;BKT;FLOT 648;700/50-22.5;174/170;A8/B;TL;16;3610;1;127;inne;wielosezonowe 
106959;8903094028146;BKT;AGRIMAX RT 955;270/95R44;142/142;A8/B;TL;;2830;1;72;rolnicze;wielosezonowe 
110813;8903094025749;BKT;AW 705;15.0/70-18;151;A8;TL;16;1040;0;48;rolnicze;wielosezonowe 
111119;;BKT;GR 288;15.5-25;168/142;A2/A8;TL;12;2040;2;78;przemysłowe;wielosezonowe 
111123;8903094007387;BKT;PL 801;7.50-15;;;TT;14;460;1;24;przemysłowe;wielosezonowe 
111124;8903094007714;BKT;PT - HD;23X9-10;;;TT;20;570;2;22.5;przemysłowe;wielosezonowe 
111125;8903094007752;BKT;PT - HD;27X10-12;;;TT;16;640;2;28;przemysłowe;wielosezonowe 
111144;;BKT;GR 288;17.5-25;150;A8;TL;16;2550;1;93;przemysłowe;wielosezonowe 
111145;8903094014446;BKT;GR 288;20.5-25;156;A8;TL;16;3990;1;153;przemysłowe;wielosezonowe 
111185;8903094028535;BKT;AGRIMAX RT 657;480/65R28;142D/145A8;/;TL;;3450;0;106;rolnicze;wielosezonowe 
111239;8903094030354;BKT;TR 135;9.5-36;122/118;A6/A8;TL;10;1040;0;42;rolnicze;wielosezonowe 
111240;8903094030361;BKT;TR 135;9.5-42;125;A6;TL;10;1210;1;49;rolnicze;wielosezonowe 
112295;8903094019489;BKT;AS 507;185/65-15;85;A8;TL;4;250;2;10;rolnicze;wielosezonowe 
112900;;BKT;AW 09  138A8;300/80-15.3;126A8/138A8;/;TL;;443;0;23;rolnicze;wielosezonowe 
112968;;BKT;FS 216 STEL BLT;18.4-34;;;TL;14;2801;0;189;inne;wielosezonowe 
112989;;BKT;FLOT 648;550/60-22.5;148/144;A8/B;TL;12;2051;0;92.5;inne;wielosezonowe 
113138;8903094010585;BKT;AW 909;11.5/80-15.3;131;A8;TL;10;410;0;19;rolnicze;wielosezonowe 
113139;8903094010448;BKT;AW 909;10.0/75-15.3;130A8;;TL;14;350;0;15;rolnicze;wielosezonowe 
113140;8903094004720;BKT;AW 909;11.5/80-15.3;135;A8;TL;12;420;1;19;rolnicze;wielosezonowe 
113141;8903094022410;BKT;AW 909;11.5/80-15.3;141;A8;TL;16;465;1;21.5;rolnicze;wielosezonowe 
113316;8903094029501;BKT;AGRIMAX RT 657;650/65R42;168A8/165D;/;TL;;8510;1;250;rolnicze;wielosezonowe 
113317;;BKT;FL 693 M;560/60R22.5;174/161;A8/E;TL;;3720;1;121;inne;wielosezonowe 
113318;8903094044269;BKT;FL 630 Ultra;650/55R26.5;180/169;A8/D;TL;;4950;2;145;inne;wielosezonowe 
113744;;BKT;PRO RIB;11L-15;106A8;;TL;8;525;1;22.66;rolnicze;wielosezonowe 
113746;8903094004324;BKT;TR 137;24.5-32;159;A6;TL;12;5390;1;222;rolnicze;wielosezonowe 
113773;8903094006328;BKT;FLOT 648;400/60-22.5;160/148;A8/A8;TL;18;1350;1;57.5;inne;wielosezonowe 
113796;8903094010097;BKT;AW 705;15.0/55-17;146A8;;TL;18;800;0;34;rolnicze;wielosezonowe 
113816;8903094004744;BKT;TR 144;9.5-22;104;A6;TL;6;580;0;24;rolnicze;wielosezonowe 
113912;;BKT;TR 137;30.5L-32;162;A6;TL;12;6770;1;284;rolnicze;wielosezonowe 
114017;8903094044955;BKT;FL 630 ULTRA;600/55R26.5;176/165;A8/D;TL;;4650;2;135.5;inne;wielosezonowe 
114114;8903094004539;BKT;TR 126;7x14;74;A6;TL;4;245;0;10;rolnicze;wielosezonowe 
114169;8903094010370;BKT;AW 708;500/50-17;149;A8;TL;14;1300;2;55;rolnicze;wielosezonowe 
114315;8903094029730;BKT;AGRIMAX FORTIS;650/85R38;173D/176A8;/;TL;;11540;1;350.50;rolnicze;wielosezonowe 
114552;8903094010585;BKT;AW 909;11.5/80-15.3;139;A8;TL;14;435;2;19;rolnicze;wielosezonowe 
114686;8903094066452;BKT;AGRIMAX RT 765;710/70R42;176/173;A8/D;TL;;11100;0;326.5;rolnicze;wielosezonowe 
114704;8903094005246;BKT;TR 390;28L-26;160/157;A6/A8;TL;16;5100;0;182.5;przemysłowe;wielosezonowe 
115056;;BKT;TR 144;$7-14;75A6;;TT;4;305;1;11.82;rolnicze;wielosezonowe 
115328;8903094002726;BKT;MULTIMAX MP 513;425/55R17;134;G;TL;;2280;1;52.5;inne;wielosezonowe 
115343;;BKT;AGRIMAX TERIS;900/60R32;181/178;A8/B;TL;;12800;1;398.5;rolnicze;wielosezonowe 
115344;8903094021826;BKT;AGRIMAX RT 855;480/80R46;158/158;A8/B;TL;;5600;2;191;rolnicze;wielosezonowe 
115345;8903094032327;BKT;AGRIMAX RT 657;600/65R34;160/157;A8/D;TL;;6100;1;180.5;rolnicze;wielosezonowe 
115346;8903094032129;BKT;AGRIMAX RT 657;600/65R28;157/154;A8/D;TL;;5800;1;156;rolnicze;wielosezonowe 
115387;;BKT;XL GRIP;14.00-24;153;B;TL;16;1816;0;101;przemysłowe;wielosezonowe 
115388;;BKT;EARTHMAX SR 41 E4**;29.5R25;208/200;A2/B;TL;;19760;1;662;przemysłowe;wielosezonowe 
115529;;BKT;RIDEMAX IT 696;480/80R30;162/157;A8/D;TL;;4600;1;140;rolnicze;wielosezonowe 
115694;8903094006441;BKT;FLOT 648;600/55-26.5;170/167;A8/B;TL;16;3650;2;124;inne;wielosezonowe 
115817;8903094029907;BKT;EARTHMAX SR 45  E4**C.R.;24.00R35;209;B;TL;;25300;1;;przemysłowe;wielosezonowe 
116074;8903094031801;BKT;AT 621;18.4-26;156;A8;TL;12;3170;0;115;przemysłowe;wielosezonowe 
117009;;BKT;AT 621;15.5/60-18;141A2/130A7;/;TL;12;1050;2;;przemysłowe;wielosezonowe 
117017;8903094032839;BKT;AGRIMAX RT 955;270/95R54;146/146;A8/B;TL;;3600;0;92.2;rolnicze;wielosezonowe 
117018;8903094004713;BKT;TR 144;8.3-20;96;A6;TT;6;450;0;18.28;rolnicze;wielosezonowe 
117019;;BKT;AGRIMAX RT 855;520/85R46;158/158;A8/B;TL;;6620;1;225.75;rolnicze;wielosezonowe 
117020;8903094032723;BKT;AGRIMAX TERIS CHO;1050/50R32;184/181;A8/B;TL;;16500;1;467.51;rolnicze;wielosezonowe 
117021;8903094031412;BKT;AGRIMAX TERIS;800/65R32;178/175;A8/B;TL;;11660;1;330.94;rolnicze;wielosezonowe 
117022;8903094047284;BKT;FLOT 630 ULTRA;710/50R26.5;181/170;A8/D;TL;;5150;2;160;inne;wielosezonowe 
117116;8903094030552;BKT;AGRIMAX RT 855;380/85R38;139/139;A8/B;TL;;2990;2;111.5;rolnicze;wielosezonowe 
118886;;BKT;TR 270;23.1-30;151;A6;TL;10;3301;0;191;rolnicze;wielosezonowe 
119435;8903094054220;BKT;FL 630 ULTRA RADIAL;600/50R22.5;170/159;A8/D;TL;;3500;0;113;inne;wielosezonowe 
119444;;BKT;TR 270;20.8-38;148;A6;TL;8;3001;0;182;rolnicze;wielosezonowe 
119932;8903094034710;BKT;AGRIMAX FORTIS;710/75R42;175/172;D/E;TL;;13500;1;391;rolnicze;wielosezonowe 
120362;8903094006465;BKT;FLOT 648;650/65-30.5;179/175;A8/B;TL;16;5800;2;200;inne;wielosezonowe 
120550;;BKT;FL 630 ULTRA;800/45R26.5;184/174;A8/D;TL;;6000;0;187.5;inne;wielosezonowe 
121256;;BKT;FLOT 648;600/50-22.5;165/161;A8/B;TL;16;2690;2;97;inne;wielosezonowe 
121665;8903094026869;BKT;AGRIMAX RT 765;200/70R16;94/94;A8/B;TL;;575;1;17;rolnicze;wielosezonowe 
122354;8903094027644;BKT;LG 306;11X4.00-5;39;A6;TL;4;45.5;2;1.5;inne;wielosezonowe 
122474;8903094019731;BKT;AT 621;12.5/80-18;142A6;;TL;12;1010;1;47;przemysłowe;wielosezonowe 
122744;;BKT;Koło kpl. (obr. Pro;;;;;;5792.22;2;;inne;wielosezonowe 
122754;8903094004522;BKT;TR 126;$6-14;66;A6;TT;4;245;0;1978;rolnicze;wielosezonowe 
123428;8903094027255;BKT;RIB-774;250/65-14.5;124;A8;TL;14;400;0;17;rolnicze;wielosezonowe 
123432;;BKT;AW 702;12.5/80-18;148;A8;TL;16;820;0;35;rolnicze;wielosezonowe 
123433;8903094028344;BKT;TR 461;12.5/80-18;129/142;A8/A8;TL;12;1000;0;42.5;przemysłowe;wielosezonowe 
123434;8903094041206;BKT;EARTHMAX SR 41 E4**;26.5R25;202/193;A2/B;TL;;15470;1;525;przemysłowe;wielosezonowe 
123435;8903094035649;BKT;AGRIMAX FORTIS;600/70R34;163/160;A8/D;TL;;7000;1;196;rolnicze;wielosezonowe 
123436;8903094032334;BKT;AGRIMAX RT 657;600/65R38;162/159;A8/D;TL;;6830;0;195;inne;wielosezonowe 
123437;8903094036844;BKT;MAGLIFT LIP (QUICK);18X7-8;134/125;A5/A5;;;460;0;21;przemysłowe;wielosezonowe 
123438;8903094036837;BKT;MAGLIFT LIP (QUICK);5.00-8;120/111;A5/A5;;;360;1;17;przemysłowe;wielosezonowe 
123439;;BKT;MAGLIFT LIP (QUICK);6.00-9;129/121;A5/A5;;;520;1;27;przemysłowe;wielosezonowe 
123440;8903094036868;BKT;MAGLIFT LIP (QUICK);6.50-10;138/128;A5/A5;;;752;1;35;przemysłowe;wielosezonowe 
123441;;BKT;EARTHMAX SR30;;;;;;4700;1;;inne;wielosezonowe 
123442;;BKT;Earthmax SR 30;20.5R25;186/177;A2/B;TL;;7000;2;245;przemysłowe;wielosezonowe 
123443;8903094028788;BKT;EARTHMAX SR 30 E3**;26.5R25;202/193;A2/B;TL;;13730;1;471;przemysłowe;wielosezonowe 
123480;8903094026272;BKT;EM 936;11.00-20;149;B;TL;16;1430;1;54;przemysłowe;wielosezonowe 
123963;;BKT;AGRIMAX FORTIS;600/70R30;161/158;A8/D;TL;;6000;0;182;rolnicze;wielosezonowe 
124262;8903094009558;BKT;AW 909;12.5/80-15.3;142;A8;TL;14;490;1;25;rolnicze;wielosezonowe 
126240;8903094032693;BKT;TR 135;12.4-38;127;A6;TL;8;1520;1;58;rolnicze;wielosezonowe 
126292;8903094037254;BKT;FL693 M;580/65R22.5;166/163;D/;TL;;4550;1;127.5;rolnicze;wielosezonowe 
126939;;BKT;TR 317;18X8.50-8;73;A3;TL;4;180;0;5.5;quad;wielosezonowe 
127996;8903094021918;BKT;AGRIMAX RT 855;280/85R20;112/112;A8/B;TL;;1005;2;37;inne;wielosezonowe 
129609;8903094028665;BKT;AGRIMAX RT 855;210/95R16;106/106;A8/B;TL;;622;1;21.5;inne;wielosezonowe 
129610;;BKT;MULTIMAX MP 513 (136G);16.0/70R20;136G;;TL;;3000;0;70;inne;wielosezonowe 
129611;8903094028139;BKT;AGRIMAX RT 955;270/95R38;140/140;A8/B;TL;;2230;2;63.5;inne;wielosezonowe 
129612;8903094028177;BKT;AGRIMAX RT 855;250/85R24;109/109;A8/B;TL;;915;1;35;inne;wielosezonowe 
129820;;BKT;MAGLIFT STD;5.00-8;120/111;A5/A5;;;350;0;17;inne;wielosezonowe 
129821;8903094044511;BKT;MAGLIFT LIP (QUICK);23X9-10;151/142;A5/A5;;;1005;1;50;inne;wielosezonowe 
129822;8903094036868;BKT;MAGLIFT STD;6.50-10;138/128;A5/A5;;;735;0;35;inne;wielosezonowe 
129823;8903094036875;BKT;MAGLIFT LIP (QUICK);7.00-12;145/136;A5/A5;;;990;0;48;inne;wielosezonowe 
129824;8903094035557;BKT;MAGLIFT STD;7.00-12;145/136;A5/A5;;;980;1;48;inne;wielosezonowe 
129825;8903094036943;BKT;MAGLIFT LIP (QUICK);8.15-15;151/142;A5/A5;;;1290;1;59;inne;wielosezonowe 
129895;;BKT;AT 108;;;;;;320;0;;quad;wielosezonowe 
129900;;BKT;AT 108;22X11-10;47;J;TL;6;328;0;9;quad;wielosezonowe 
129901;;BKT;AT 108;25X10.00-12;45J;;TL;4;274;0;10;quad;wielosezonowe 
129902;;BKT;AT 108;25X8-12;43J;;TL;6;295;0;8.5;quad;wielosezonowe 
129903;;BKT;AT 111;;;;;;290;0;;inne;wielosezonowe 
129904;;BKT;AT 111 HD;20X11-9;43J;;TL;6;365;0;8;quad;wielosezonowe 
129905;;BKT;AT 111 HD;20X11-10;42J;;TL;6;380;0;8;quad;wielosezonowe 
129906;;BKT;AT 111 HD;21X7-10;30J;;TL;6;256;0;6;quad;wielosezonowe 
129907;;BKT;AT 111 HD;22X11-10;47J;;TL;6;436;0;8.5;quad;wielosezonowe 
129908;;BKT;AT 111 HD;22X7.00-10;33J;;TL;6;262;0;6;quad;wielosezonowe 
129909;8903094027040;BKT;AT 111 HD;23x7-10;;;TL;6;282;1;7;quad;wielosezonowe 
129910;;BKT;GO KART SM48;11x7.10-5;;;TL;;68;0;2;quad;wielosezonowe 
129911;;BKT;GO KART SM54;11X4.5-5;;;TL;;37;0;1.5;quad;wielosezonowe 
129912;;BKT;GO KART SM54;11x7.10-5;;;TL;;57;0;2;quad;wielosezonowe 
129913;;BKT;GO KART SM68;10X4.5-5;;;TL;;36;0;1.5;quad;wielosezonowe 
130074;;BKT;MP 590;18-22.5;163;A8;TL;16;2300;0;90.5;przemysłowe;wielosezonowe 
130075;;BKT;AT 621;16.9-30;153;A8;TL;12;2600;1;101.5;przemysłowe;wielosezonowe 
130162;;BKT;FL 639;560/45R22.5;152/149;D/E;TL;;2800;1;100;rolnicze;wielosezonowe 
131248;8903094032969;BKT;AGRIMAX FORTIS; 800/70R38;181/178;A8/D;TL;;13400;1;388;rolnicze;wielosezonowe 
132759;5900007187153;BKT;FLOT648;500/50-17;157;A8;TL;18;1570;2;58;rolnicze;wielosezonowe 
133801;;BKT;SKID POWER;14-17.5;155;A2;TL;14;1070;0;46;inne;wielosezonowe 
134121;;BKT;FORESTECH (steel belted);;;;;;7420;1;;leśne;wielosezonowe 
134665;;BKT;FL 693 M.;;;;;;5790;0;;inne;wielosezonowe 
135861;;BKT;FLOT 648;385/65-22.5;144/140;A8/B;TL;16;1258;0;60;inne;wielosezonowe 
137437;;BKT;SURE-TRAX HD;10-16.5;134;A2;TL;10;685;1;27.5;przemysłowe;wielosezonowe 
137459;8903094030576;BKT;AGRIMAX RT 765;260/70R20;113/113;A8/B;TL;;915;0;27;inne;wielosezonowe 
137906;;BKT;GR 288;20.5-25;186/160;A2/A8;TL;20;4540;1;165;inne;wielosezonowe 
138752;8903094033843;BKT;RIDEMAX IT 696; 340/80R24;140/135;A8/D;TL;;2600;0;64.5;rolnicze;wielosezonowe 
139069;;BKT;PT - HD;10.00-20;166;A5;TT;18;1820;2;75;przemysłowe;wielosezonowe 
139223;8903094002726;BKT;AS 2001;16.9-28;143;A6;TT;12;1970;1;84.5;inne;wielosezonowe 
139935;;BKT;FL 630 ULTRA;500/60R22.5;166/155;A8/D;TL;;3050;1;99.5;rolnicze;wielosezonowe 
140954;8903094036424;BKT;MAGLIFT STD;6.00-9;129/121;A5/A5;;;535;1;27;inne;wielosezonowe 
140955;8903094036936;BKT;MAGLIFT LIP (QUICK);250-15;162/153;A5/A5;;;1430;2;66;inne;wielosezonowe 
141437;;BKT;OPONA JUMBOTRAX HD;10-16.5;;;TL;10;800;1;;inne;wielosezonowe 
141438;8903094055760;BKT;OPONA SURETRAX HD;12-16.5;143A2;;TL;12;970;0;36.30;inne;wielosezonowe 
141439;;BKT;OPONA JUMBOTRAX HD;12-16.5;;;TL;12;1009;0;42;inne;wielosezonowe 
142803;8903094040469;BKT;FLOT RIBIMPL HF1;31X13.50-15;;;TL;12;830;0;32;inne;wielosezonowe 
143148;8903094034505;BKT;Ridemax FL 693M;850/50R30.5;182D;;TL;;10190;1;271.5;inne;wielosezonowe 
143304;8903094044726;BKT;AGRIMAX RT 955;340/85R46;150/150;A8/B;TL;;3750;1;102;inne;wielosezonowe 
144008;;BKT;TR 387;18.4-26;156;A8;TL;12;3340;0;139;inne;wielosezonowe 
144234;;BKT;PT - HD;12.00-20;;;TT;;2380;1;101;przemysłowe;wielosezonowe 
144449;8903094029747;BKT;AGRIMAX RT 955;300/95R52;151/151;A8/;TL;;3570;0;97;inne;wielosezonowe 
144884;8903094046799;BKT;AGRIMAX RT 945;380/90R54;158/158;A8/B;TL;;5550;1;168;inne;wielosezonowe 
144976;8903094009862;BKT;AW 702;6.00-16;95;A8;TL;6;199;0;8.5;inne;wielosezonowe 
145000;;BKT;PACMASTER;11.00-20;;;TL;16;1600;1;66;przemysłowe;wielosezonowe 
145356;8903094036646;BKT;LG 306;13.6-16;106/96;A3/A8;TL;4;1260;0;40;quad;wielosezonowe 
145357;8903094045297;BKT;AGRIMAX SIRIO;540/65R34;152/149;D/E;TL;;5240;0;159;inne;wielosezonowe 
146421;8903094044320;BKT;AW 702;10.0/75-15.3;137;A8;TL;22;500;0;21;inne;wielosezonowe 
146432;8903094005987;BKT;FARM HIGHWAY SPL LR-F;12.5L-15;;;TL;12;732;0;23.5;inne;wielosezonowe 
146510;;BKT;AT 108;25X13.00-9;59;F;TL;6;360;0;13.5;quad;wielosezonowe 
146515;;BKT;AT 108;20X10.00-10;34;F;TL;4;280;0;7;quad;wielosezonowe 
146516;;BKT;AT 108;;;;;;310;0;;quad;wielosezonowe 
146517;;BKT;AT 108;;;;;;262;0;;quad;wielosezonowe 
146518;;BKT;AT 111;18X10-9;;;TL;4;245;0;6.5;quad;wielosezonowe 
146519;;BKT;AT 112;;;;;;240;1;;quad;wielosezonowe 
146520;;BKT;AT 112;20X10-10;;;TL;4;320;0;7.5;quad;wielosezonowe 
146521;;BKT;AT 112;;;;;;380;0;;quad;wielosezonowe 
146522;;BKT;AT 119;22X11-8;43;F;TL;2;275;0;8;quad;wielosezonowe 
146523;;BKT;AT 119;22X11-8;43;F;TL;4;258;0;8;quad;wielosezonowe 
146524;;BKT;W 207;22X11-9;48;J;TL;6;325;0;10;quad;wielosezonowe 
146525;;BKT;W 207;26X8-12;;;TL;6;430;0;12;quad;wielosezonowe 
146530;;BKT;FL 635;;;;;;4950;1;;inne;wielosezonowe 
146533;8903094040865;BKT;AGRIMAX TERIS;900/60R32;185/182;A8/B;TL;;12900;0;410;inne;wielosezonowe 
146534;;BKT;AS 504;9.0/70-16;;;TL;10;500;1;20;inne;wielosezonowe 
146535;;BKT;LIFT MAX LM81 146A5 (NOWOŚĆ);;;;;;1125;0;;inne;wielosezonowe 
146536;;BKT;MULTIMAX MP-522 IND;;;;;;1960;1;;inne;wielosezonowe 
146537;;BKT;MULTIMAX MP 527;;;;;;2020;0;;inne;wielosezonowe 
146538;;BKT;MULTIMAX  MP 540;335/80R20;149K;;TL;;2060;1;60;inne;wielosezonowe 
146541;8903094058051;BKT;PT - HD;27X10-12;;;TT;20;750;1;30;inne;wielosezonowe 
146797;;BKT;TR 387; 16.9-28;135;A6;TL;8;1760;1;68;przemysłowe;wielosezonowe 
147183;8903094039593;BKT;AGRIMAX RT 855;320/85R38;143/143;A8/B;TL;;2800;0;85;inne;wielosezonowe 
147184;8903094033034;BKT;TR 135;9.5-28;114/110;A6/A8;TL;8;760;2;30;inne;wielosezonowe 
147846;8903094046256;BKT;EARTH MAX SR 51;23.5R25;195;A2;TL;;11350;1;515;przemysłowe;wielosezonowe 
147858;8903094026593;BKT;PORT KING PLUS (GCRC);18.00-25;216;A2;TL;40;10520;1;405;przemysłowe;wielosezonowe 
147916;8903094029242;BKT;FLOT 648;550/45-22.5;166/162;A8/B;TL;20;2100;1;81;inne;wielosezonowe 
148845;8903094045303;BKT;380;380/85R38;161;D;TL;;4300;0;111,5;rolnicze;wielosezonowe 
148911;8903094006298;BKT;FLOT 648;850/50-30.5; 186/182;A8/B;TL;16;7050;0;252.5;rolnicze;wielosezonowe 
148933;8903094004737;BKT;TR 144;8-18;94;A6;TT;6;445;0;17;inne;wielosezonowe 
149020;;BKT;TR 144;9.5-16;96;A6;TT;6;510;0;20;rolnicze;wielosezonowe 
149141;8903094050437;BKT;MAGLIFT STD (NIEBRUDZĄCA);18X7-8;134/125;A5/A5;;;465;2;20;przemysłowe;wielosezonowe 
149363;8903094028658;BKT;AGRIMAX RT 657;540/65R24;149/146;A8/D;TL;;3500;1;112;inne;wielosezonowe 
150012;8903094010424;BKT;AW 909;10.0/75-15.3;126;A8;TL;12;330;0;14.5;rolnicze;wielosezonowe 
150426;8903094029556;BKT;AGRIMAX RT 855;420/85R24;137/137;A8/B;TL;;2410;1;93;inne;wielosezonowe 
151016;8903094043804;BKT;AGRIMAX RT 855;210/95R20;110/110;A8/B;TL;;770;2;25.5;inne;wielosezonowe 
151017;9999157188221;BKT;AS 504;420/55-17;145;A8;TL;16;1480;2;44.5;inne;wielosezonowe 
151019;8903094045334;BKT;MAGLIFT LIP (QUICK);15X4.5-8;;;;;215;2;9;inne;wielosezonowe 
151043;;BKT;XL GRIP IND-3;21.00-25;213;A2;TL;40;9631;0;426;przemysłowe;wielosezonowe 
151216;;BKT;MULTIMAX MP522 IND;400/80R24;162/162;A8/B;TL;;3050;1;88.5;inne;wielosezonowe 
151308;8903094039302;BKT;AGRIMAX RT 600;800/65R32;181/178;A8/B;TL;;10200;1;303;inne;wielosezonowe 
151797;8903094014545;BKT;TRAC GRADER+;13.00-24; 143;A8;TL;12;1690;1;69;przemysłowe;wielosezonowe 
151874;8903094030668;BKT;AGRIMAX TERIS CHO;750/65R26;166/166;A8/B;TL;;8300;1;242.5;inne;wielosezonowe 
151912;;BKT;FLOT648;500/55-20;150/146;A8/B;TL;12;1800;2;67;inne;wielosezonowe 
152075;8903094026302;BKT;RIB 774; 200/60-14.5;106;A8;TL;10;290;0;12;inne;wielosezonowe 
152108;8903094004720;BKT;TR 144;8x16;91;A6;TL;6;370;0;15;inne;wielosezonowe 
152112;8903094025589;BKT;TR 313;31X15.50-15;116;B;TL;8;870;1;27;inne;wielosezonowe 
152585;8903094040414;BKT;AGRIMAX RT 855;320/85R34;141/141;A8/B;TL;;2110;1;77;inne;wielosezonowe 
152845;8903094041602;BKT;AT 621;15.5/70-18;143;A2;TL;10;1250;0;52;inne;wielosezonowe 
153032;8903094042548;BKT;AGRIMAX RT 955;210/95R28;116/116;A8/B;TL;;1080;0;33.5;inne;wielosezonowe 
153432;;BKT;TR 171;12.4-26;121;A6;TT;8;1384;1;53.5;inne;wielosezonowe 
153862;8903094016815;BKT;MULTIMAX MP 527 IND;460/70R24;159/159;A8/B;TL;;3390;2;112;inne;wielosezonowe 
154347;8903094047277;BKT;RIDEMAX FL 693 M;600/55R26.5;165;D;TL;;5650;1;136;inne;wielosezonowe 
154488;8903094037520;BKT;AGRIMAX RT 855;250/85R28;112/112;A8/B;TL;;1070;0;39;inne;wielosezonowe 
154750;8903094046904;BKT;AGRIMAX FORCE;650/85R42;180;D;TL;;13400;1;379;inne;wielosezonowe 
154986;;BKT;MAGLIFT STD (NIEBRUDZĄCA);5.00-8 ;120/111;A5/A5;;;420;1;16.5;inne;wielosezonowe 
154988;8903094051557;BKT;MAGLIFT STD (NIEBRUDZĄCA);6.50-10;138/128;A5/A5;;;820;1;34;inne;wielosezonowe 
154989;8903094050000;BKT;MAGLIFT STD (NIEBRUDZĄCA);7.00-12;145/136;A5/A5;;;1067;1;46;inne;wielosezonowe 
154990;8903094036424;BKT;MAGLIFT STD (NIEBRUDZĄCA);6.00-9;129/121;A5/A5;;;545;1;26;inne;wielosezonowe 
154991;;BKT;MAGLIFT  LIP (QUICK); 300-15;169/160;A5/A5;;;2265;1;110;inne;wielosezonowe 
154992;8903094036912;BKT;MAGLIFT LIP (QUICK);8.25-15;162/153;A5/A5;;;1700;1;90;inne;wielosezonowe 
155644;;BKT;LG 306;24X8.50-14;84;A6;TL;4;290;0;9;quad;wielosezonowe 
155735;8903094013159;BKT;TRAC MASTER;33X15.50-15;124;B;TL;8;1000;1;30;inne;wielosezonowe 
156027;8903094039586;BKT;AGRIMAX TERIS CHO E;620/75R30;168/168;A8/B;TL;;7800;1;221.5;inne;wielosezonowe 
156082;8903094046096;BKT;FL 630 Super STBT E;750/45R26.5;170;D;TL;;6100;1;171;inne;wielosezonowe 
156083;;BKT;CON STAR IND;12.5/80-18(340/80-1;143;A8;TL;;1290;0;52;przemysłowe;wielosezonowe 
156148;8903094045310;BKT;AGRIMAX SIRIO;540/65R30;150/147;D/E;TL;;4750;0;147;inne;wielosezonowe 
156554;8903094045853;BKT;GIANT TRAX;10-16.5;138/126;A2/A5;TL;12;900;2;36.5;inne;wielosezonowe 
156584;8903094045181;BKT;RIDEMAX FL693M E;500/50R17;149/146;D/E;TL;;2400;2;58;inne;wielosezonowe 
156612;8903094019328;BKT;AS 504;7.50-16;112;A8;TL;8;325;2;13;rolnicze;wielosezonowe 
156646;8903094039807;BKT;FLOT 648;500/50-17;149;A8;TL;14;1520;2;58;inne;wielosezonowe 
156675;8903094032860;BKT;AGRIMAX TERIS E;650/75R32;172/B;A8/;TL;;9230;1;263;inne;wielosezonowe 
156750;;BKT;OPONA MAGLIFT STD;;;;;;248;1;;inne;wielosezonowe 
157281;;BKT;AGRIMAX FORCE;900/60R38;184;D;TL;;15500;2;434;inne;wielosezonowe 
157293;8903094006212;BKT;V-LINE;500/60-22.5;151/148;A8/B;TL;16;2080;2;79;inne;wielosezonowe 
157339;;BKT;TR 678 FRS SPL STBT;600/65-34;170/166;A2/A6;TL;20;7500;0;236;leśne;wielosezonowe 
157393;;BKT;AW 705;;;;;;695;1;;inne;wielosezonowe 
157630;8903094053360;BKT;AGRIMAX V-FLECTO NRO E;600/60R30;158;D;TL;;5500;0;152.5;inne;wielosezonowe 
157633;8903094053377;BKT;AGRIMAX V-FLECTO NRO E;710/60R42;173D;;TL;;10300;0;281;inne;wielosezonowe 
157701;8903094054909;BKT;FL637 STBT;520/50R17;151D/148E;/;TL;;1900;1;60.5;inne;wielosezonowe 
157875;8903094054541;BKT;MAGLIFT LIP (NIEBRUDZĄCA) (Quick);15x4.5-8;;;;;240;2;9.5;inne;wielosezonowe 
157876;8903094053438;BKT;MAGLIFT LIP (NIEBRUDZĄCA) (Quick);16x6-8;;;;;365;1;15;inne;wielosezonowe 
157877;8903094054794;BKT;MAGLIFT LIP (NIEBRUDZĄCA) (Quick);200/50-10;;;;;295;0;23.5;inne;wielosezonowe 
157878;8903094054800;BKT;MAGLIFT LIP (NIEBRUDZĄCA) (Quick);250-15;;;;;600;2;64.5;inne;wielosezonowe 
157879;;BKT;MAGLIFT LIP (NIEBRUDZĄCA) (Quick);;;;;;820;1;;inne;wielosezonowe 
157880;8903094054800;BKT;MAGLIFT LIP (NIEBRUDZĄCA) (Quick);250-15;162;A5;;;1630;2;64.5;inne;wielosezonowe 
157905;;BKT;SKID POWER HD;26X12-12;119;A2;TL;8;475;1;21;inne;wielosezonowe 
157956;8903094044559;BKT;MAGLIFT LIP (QUICK);21X8-9;143/134;A5/A5;;;600;0;35;inne;wielosezonowe 
158243;8903094038664;BKT;AGRIMAX RT 945;320/90R42;139/139;A8/B;TL;;3000;0;99;inne;wielosezonowe 
158313;8903094045587;BKT;FL 630 SUPER STBT;650/65R26.5;174;D;TL;;6400;1;170;inne;wielosezonowe 
158760;;BKT;FARM 2000 127A8;250/80-18;127;A8;TL;8;600;1;23.5;inne;wielosezonowe 
158797;;BKT;MULTIMAX MP 540 149K;;;;;;1750;0;;inne;wielosezonowe 
158802;;BKT;TF 9090 60A8;4.00-12;68/60;A6/A8;TL;6;135;1;4;inne;wielosezonowe 
158985;8903094056576;BKT;AS 504;4.00-16;69;A6;TL;4;127;0;5;inne;wielosezonowe 
158986;8903094055807;BKT;TF 8181;6.00-18;101/94;A6/A8;TL;8;340;0;;inne;wielosezonowe 
159290;;BKT;AW 909 E;11.5/80-15.3;143;A8;TL;18;515;0;25;inne;wielosezonowe 
159304;8903094022236;BKT;AGRIMAX FORCE E;900/60R42;186;D;TL;;15500;2;469;inne;wielosezonowe 
159305;;BKT;TR 678  DUAL BEAD;600/40-22.5;169;A8;TL;20;3000;0;107.5;inne;wielosezonowe 
159422;;BKT;AGRIMAX RT 600  (NOWOŚĆ);;;;;;7280;0;;inne;wielosezonowe 
159423;;BKT;AGRIMAX RT 600 E;;;;;;3900;0;;inne;wielosezonowe 
159928;8903094032723;BKT;AGRIMAX RT 600; 1050/50R32;184/181;A8/B;TL;;15800;1;428.5;inne;wielosezonowe 
160131;8903094027460;BKT;Agrimax RT 855;250/85R20;116/116;A8/B;TL;;860;1;29;inne;wielosezonowe 
160184;8903094044887;BKT;TR 128;$5-12;;;TT;4;179;1;;inne;wielosezonowe 
160185;;BKT;TR 128;6.00-12;;;TT;6;310;1;10;inne;wielosezonowe 
160186;8903094037117;BKT;TR 171;6.00-12;74A8;;TT;6;280;2;9;inne;wielosezonowe 
160275;8903094029914;BKT;Agrimax RT 855;480/80R50;159A8/159B;/;TL;;6970;1;231.14;inne;wielosezonowe 
160358;8903094050444;BKT;AGRIMAX RT 600;620/75R26;167/B;A8/;;;7240;1;177;inne;wielosezonowe 
160501;8903094031238;BKT;Forestech (steel belted);600/55-26.5;172/165;A2/A8;TL;20;6400;1;195;leśne;wielosezonowe 
160520;8903094016808;BKT;AT 621 IND;16.9-28;152;A8;TL;12;2285;1;97;inne;wielosezonowe 
160820;8903094040018;BKT;AGRIMAX RT 955; 210/95R32;120/120;A8/B;TL;;1300;1;39;inne;wielosezonowe 
160821;8903094042555;BKT;AGRIMAX RT 955;270/95R46;143/143;A8/B;TL;;2470;1;76.70;inne;wielosezonowe 
160895;8903094056804;BKT;TF 8181;4.00-15;66;A6;TL;4;125;0;5;inne;wielosezonowe 
160960;8903094039043;BKT;AIROMAX AM27 E;445/95R25;174;F;TL;;6100;1;204;inne;wielosezonowe 
161150;8903094006540;BKT;FLOT 648 E;750/60-30.5; 182/179;A8/B;TL;16;6600;0;222.5;inne;wielosezonowe 
161154;;BKT;SKID POWER;;;;;;295;0;;inne;wielosezonowe 
161207;;BKT;XL GRIP  IND-3;16.00-25;196/177;A2/B;TL;32;6500;0;232;przemysłowe;wielosezonowe 
161365;;BKT;RIDEMAX IT-696;;;;;;3450;0;;inne;wielosezonowe 
161375;;BKT;CON STAR IND E;;;;;;1950;0;;inne;wielosezonowe 
161377;8903094044689;BKT;AGRIMAX FORCE  E; 600/70R28;164;D;TL;;6230;1;182;rolnicze;wielosezonowe 
161473;;BKT;TR 391;;;;;;1440;0;;inne;wielosezonowe 
161484;;BKT;Ridemax IT 696 IND E;480/80R34;164/159;A8/D;TL;;5200;1;152.3;inne;wielosezonowe 
161485;8903094038640;BKT;RIDEMAX IT 696 IND E;400/80R24;149/144;A8/D;TL;;3400;0;87.16;inne;wielosezonowe 
161548;8903094018963;BKT;AS 504;400/80-24;162;A8;TL;;1670;0;77.2;inne;wielosezonowe 
161961;8903094037094;BKT;AGRIMAX RT 945;320/90R54;156/156;A8/B;TL;;3980;0;126;inne;wielosezonowe 
162247;;BKT;PAC MASTER;205/60-15;;;TT (dętkow;6;450;0;17;inne;wielosezonowe 
162279;8903094048038;BKT;FL 635;620/40R22.5;154;D;TL (bezdęt;;3530;1;105;inne;wielosezonowe 
162346;8903094038657;BKT;RIDEMAX IT 696;440/80R34;159A8/155D;/;TL (bezdęt;;4860;2;130;inne;wielosezonowe 
162839;;BKT;AW 702;14.5/80-18;155;A8;TT;12;1280;1;50.50;inne;wielosezonowe 
162840;8903094051366;BKT;MULTIMAX MP 513;365/70R18;133;G;TL (bezdęt;;1840;0;50;inne;wielosezonowe 
162876;8903094063529;BKT;AGRIMAX RT 765; 620/70R46;162/162;A8/B;TL;;9560;1;256;inne;wielosezonowe 
163181;8903094009732;BKT;AW 702;13.0/55-16;146;A8;TL (bezdęt;18;595;2;23;inne;wielosezonowe 
163291;8903094009831;BKT;V-LINE AW 702;13.0/65-18;144;A8;TL;16;725;0;31;inne;wielosezonowe 
163334;;BKT;AGRIMAX RT 945;380/90R50(14.9R50);151/B;A8/;TL (bezdęt;;4980;1;157;inne;wielosezonowe 
163335;;BKT;PT - HD  (ZESTAW-SET);10.00-20;;;TT (dętkow;18;1900;1;75;inne;wielosezonowe 
163356;;BKT;PL 801 (ZESTAW-SET);;;;;;159;0;;inne;wielosezonowe 
163359;;BKT;PL 801 (ZESTAW-SET);;;;;;280;0;;inne;wielosezonowe 
163360;;BKT;PL 801 (ZESTAW-SET);;;;;;840;1;;inne;wielosezonowe 
163361;;BKT;PL 801 (ZESTAW-SET);;;;;;565;0;;inne;wielosezonowe 
163362;;BKT;PL 801  (ZESTAW-SET);;;;;;235;0;;inne;wielosezonowe 
163363;;BKT;PT - HD  (ZESTAW-SET);;;;;;860;1;;inne;wielosezonowe 
163364;;BKT;PL 801  (ZESTAW-SET);;;;;;384;0;;inne;wielosezonowe 
163365;;BKT;PT - HD (ZESTAW-SET);;;;;;610;2;;inne;wielosezonowe 
163366;;BKT;PL 801 (ZESTAW-SET);;;;;;230;1;;inne;wielosezonowe 
163367;;BKT;PL 801TT (ZESTAW-SET);;;;;;365;1;;inne;wielosezonowe 
163368;;BKT;PL 801 (ZESTAW-SET);;;;;;700;1;;inne;wielosezonowe 
163369;;BKT;EM 936 (ZESTAW-SET);;;;;;1170;0;;inne;wielosezonowe 
163468;8903094044634;BKT;AGRIMAX TERIS CHO;520/85R42;168;D;TL;;7615;1;211;inne;wielosezonowe 
163469;8903094045211;BKT;AGRIMAX FORCE;600/70R30;165;D;TL;;6540;1;191;inne;wielosezonowe 
163470;;BKT;AGRIMAX FORCE;600/70R34;167;D;TL;;7235;0;210;inne;wielosezonowe 
163471;8903094055784;BKT;AGRIMAX FORCE; 800/70R38;184;D;TL;;14150;2;390;inne;wielosezonowe 
163472;8903094040926;BKT;AGRIMAX FORCE CFO;710/70R42;179;D;TL;;12500;0;351;inne;wielosezonowe 
163473;8903094038756;BKT;AGRIMAX SPARGO E;380/90R46;173;D;TL;;5900;1;155;inne;wielosezonowe 
163479;;BKT;TF 9090;;;;;;210;0;;inne;wielosezonowe 
163569;;BKT;AGRIMAX SIRIO;;;;;;5700;0;;inne;wielosezonowe 
163792;;BKT;Earthmax SR 51;;;;;;11260;1;;przemysłowe;wielosezonowe 
163867;;BKT;LG 306 ARAMID BELTED;20X10.00-10;90A6/94A3;/;TL;6;245;0;7;quad;wielosezonowe 
163974;;BKT;MP 600;;;;;;1850;0;;inne;wielosezonowe 
164016;;BKT;Ridemax IT 696;;;;;;1785;0;;inne;wielosezonowe 
164021;;BKT;LG 306;;;;;;2300;0;;quad;wielosezonowe 
164033;;BKT;TR 387;23.1-26;145A6;;TL;8;3390;1;137;inne;wielosezonowe 
164155;8903094009022;BKT;AW 702;10.0/75-15.3;123;A8;TL;10;315;0;16;rolnicze;wielosezonowe 
164169;;BKT;SKID POWER HD IND;;;;;;600;0;;inne;wielosezonowe 
164339;;BKT;GIANT TRAX;;;;;;1150;1;;inne;wielosezonowe 
164340;;BKT;AW 708;;;;;;995;2;;inne;wielosezonowe 
164341;;BKT;MULTIMAX MP 522;;;;;;3500;1;;inne;wielosezonowe 
164342;;BKT;IF AGRIMAX FORCE;;;;;;12100;0;;inne;wielosezonowe 
164383;;BKT;MP 567;;;;;;610;0;;inne;wielosezonowe 
164389;;BKT;MULTIMAX MP 513;;;;;;4240;1;;inne;wielosezonowe 
164390;;BKT;MULTIMAX MP 527 IND;;;;;;3350;0;;inne;wielosezonowe 
170202;;BKT;TR 882;;;;;;875;0;;inne;wielosezonowe 
170253;8903094053285;BKT;FL 635;710/40R22.5;161;D;TL (bezdęt;;4050;1;125;inne;wielosezonowe 
170275;8903094030545;BKT;PL 801;5.50-15;;;TL;8;315;1;12.40;inne;wielosezonowe 
170283;8903094046072;BKT;AGRIMAX RT 855;420/85R46(16.9R46);170/159;A2/D;TL (bezdęt;;4750;0;162;inne;wielosezonowe 
170286;;BKT;PACMASTER;11.00-20;169;A2;TT (dętkow;18 PR;2100;1;66;inne;wielosezonowe 
170302;;BKT;TR 678;;;;;;595;2;;inne;wielosezonowe 
170331;8903094041862;BKT;AGRIMAX RT 657;420/65R20;138/135;A8/D;TL (bezdęt;;2060;1;62;inne;wielosezonowe 
170480;8903094054534;BKT;MAGLIFT STD (NIEBRUDZĄCA);8.25-15;162;A2;;;1710;1;87;inne;wielosezonowe 
170481;;BKT;MAGLIFT LIP (NIEBRUDZĄCA) (QUICK);8.25-15;162;A5;;;2100;1;87;inne;wielosezonowe 
171651;8903094021888;BKT;AGRIMAX RT 765;260/70R16;109/B;A8/;TL (bezdęt;;768;1;23;inne;wielosezonowe 
171724;;BKT;Earthmax SR 51 L5*;17.5R25L5;176;A2;TL (bezdęt;;5850;0;250;inne;wielosezonowe 
171782;;BKT;ROCK GRIP;16.00-25;196/177;A2/B;TL (bezdęt;32;5650;0;270 kg;inne;wielosezonowe 
171932;8903094033546;BKT;TR 171 E;5-12;61;A6;TT (dętkow;4;210;0;6.7 kg;inne;wielosezonowe 
172065;8903094042531;BKT;AGRIMAX RT 955;210/90R24;107/B;A8/;TL (bezdęt;;1130;2;30;inne;wielosezonowe 
172075;;BKT;AT 621;12.5/70-16;125;A2;TL (bezdęt;8;750;1;32;inne;wielosezonowe 
172080;8903094053636;BKT;EARTHMAX SR35 CR;750/65R25;202/190;A2/B;TL (bezdęt;;13480;2;440;inne;wielosezonowe 
172081;;BKT;AT 108;22x11.00-10;47;J;TL (bezdęt;6;252;0;9;quad;wielosezonowe 
172096;;BKT;AT 108;25x10.00-12;;;TL (bezdęt;4;359;0;;quad;wielosezonowe 
172174;8903094032785;BKT;XL GRIP PORT IND-3;12,00x24;189;A2;TT (dętkow;24;2770;2;100;inne;wielosezonowe 
175030;;BKT;AS 504;;;;;;880;0;;inne;wielosezonowe 
175160;;BKT;AS 504;;;;TT;;790;0;;inne;wielosezonowe 
176637;8903094040636;BKT;AGRIMAX RT955 E;300/85R42;144/144;A8/B;TL;;2730;0;72.7;inne;wielosezonowe 
176958;;BKT;BK-LOADER 53 (155A2;16.0/70R20(405/70R2;155/151;A2/A4;TL (bezdęt;;4520;0;120;inne;wielosezonowe 
177519;;BKT;PL 801;7.00-12;;;TT;14;330;0;17;inne;wielosezonowe 
178853;;BKT;EARTHMAX SR 53 CR;20.5R25;186;A2;TL (bezdęt;;12100;1;395;inne;wielosezonowe 
179134;;BKT;LG 306;25x8.50-14;94;A6;TL (bezdęt;6;345;0;11;inne;wielosezonowe 
179282;8903094055210;BKT;AGRIMAX RT 955;230/95R40;132A8/B;/;TL (bezdęt;;1930;1;54;inne;wielosezonowe 
179882;8903094042753;BKT;AGRIMAX RT 657;440/65R20;141/138;A8/D;TL (bezdęt;;2160;0;67;inne;wielosezonowe 
180047;8903094061570;BKT;RM 500 (steel belted);500/85R24;182/170;A8/A8;TL (bezdęt;;4650;0;;inne;wielosezonowe 
181867;8903094038541;BKT;AGRIMAX FORCE;710/60R30;168;D;TL (bezdęt;;8000;1;223;inne;wielosezonowe 
182218;8903094029242;BKT;FLOT 648 T (WZM);550/45-22.5;166/162;A8/B;TL (bezdęt;20;2200;1;81;leśne;wielosezonowe 
182284;8903094038374;BKT;AGRIMAX RT 855 E;520/85R38(20.8R38);170/B;A8/;TL (bezdęt;;5100;0;204;inne;wielosezonowe 
182367;8903094063420;BKT;AGRIMAX RT 600;710/70R38;178D/181A8;/;TL (bezdęt;;8800;1;;inne;wielosezonowe 
182370;;BKT;LIFTMAX LM81 (NOWOŚĆ);250/70R15;153;A5;TL (bezdęt;;1100;1;;inne;wielosezonowe 
182546;8903094060733;BKT;AGRIMAX V-FLECTO NRO E;VF520/60R28NRO;149;D;TL (bezdęt;;4570;1;około 107 ;inne;wielosezonowe 
182547;8903094062119;BKT;AGRIMAX V-FLECTO NRO E;VF650/60R38NRO;166;D;TL (bezdęt;;8050;1;około 210 ;inne;wielosezonowe 
183045;;BKT;EM 936 (ZESTAW-SET);8.25-20;133;B;TT (dętkow;14;1010;0;34;inne;wielosezonowe 
183335;8903094035816;BKT;Ridemax IT 696;440/80R30(19.6R30);157/153;A8/D;TL (bezdęt;;4740;0;120 kg;inne;wielosezonowe 
183671;8903094055012;BKT;MULTIMAX MP 527 IND E;480/80R26;160/B;A8/;TL (bezdęt;;4529;1;142;inne;wielosezonowe 
183672;8903094052707;BKT;MULTIMAX MP 522 IND E;480/80R26;160/B;A8/;TL (bezdęt;;4400;0;130 kg;inne;wielosezonowe 
183998;8903094044283;BKT;AGRIMAX SIRIO (high speed);710/70R38;171D/168;/E;TL (bezdęt;;9500;1;310;inne;wielosezonowe 
184057;8903094022229;BKT;AGRIMAX FORCE;710/60R34;170;D;TL (bezdęt;;8300;2;244;inne;wielosezonowe 
184174;8903094034321;BKT;RIDEMAX FL 690 STBT;28LR26(750/65R26);176/173;A8/B;TL (bezdęt;;8150;1;235 kg;inne;wielosezonowe 
184292;8903094040742;BKT;AGRIMAX FORCE;;;;;;8145;0;;inne;wielosezonowe 
184294;8903094046010;BKT;AGRIMAX FORCE;;;;;;15500;1;;inne;wielosezonowe 
184643;8903094042562;BKT;AGRIMAX RT 657;;;;;;2180;2;;inne;wielosezonowe 
185201;;BKT;PT - HD;;;;;;380;0;;inne;wielosezonowe 
185268;;BKT;MAGLIFT STD;;;;;;1260;1;;inne;wielosezonowe 
185723;;BKT;MAGLIFT STD;;;;;;440;1;;inne;wielosezonowe 
186211;;BKT;PT - HD;;;;;;1080;1;;inne;wielosezonowe 
187132;;BKT;EARTHMAX SR 30 L3*;;;;;;3630;2;;inne;wielosezonowe 
187563;;BKT;AT 621;;;;;;870;2;;inne;wielosezonowe 
187802;;BKT;MULTIMAX MP 513;;;;;;2280;2;;inne;wielosezonowe 
187940;8903094052691;BKT;AGRIMAX RT 855;;;;;;2430;2;;inne;wielosezonowe 
188369;8903094065097;BKT;RM 500 STBT;;;;;;5200;2;;inne;wielosezonowe 
188914;8903094058563;BKT;AGRIMAX V-FLECTO NRO E;;;;;;9270;2;;inne;wielosezonowe 
189214;8903094059126;BKT;AGRIMAX V-FLECTO NRO;;;;;;6620;2;;inne;wielosezonowe 
189215;8903094065370;BKT;AGRIMAX V-FLECTO NRO;;;;;;7750;2;;inne;wielosezonowe 
189584;;BKT;XL GRIP;;;;;;1600;0;;inne;wielosezonowe 
190042;;BKT;MAGLIFT LIP (QUICK);;;;;;520;2;;inne;wielosezonowe 
191086;8903094039302;BKT;AGRIMAX RT 600 E;;;;;;11050;2;;inne;wielosezonowe 
191128;;BKT;MULTIMAX MP522 IND E (144A8;;;;;;2130;0;;inne;wielosezonowe 
191129;;BKT;MULTIMAX MP527 IND E 144A8;;;;;;2130;2;;inne;wielosezonowe 
191160;8903094039203;BKT;AGRIMAX RT 657;;;;;;1235;2;;inne;wielosezonowe 
191341;8903094045365;BKT;AGRIMAX RT 765;;;;;;585;2;;inne;wielosezonowe 
191345;8903094063482;BKT;AGRIMAX RT 765;;;;;;6740;0;;inne;wielosezonowe 
191346;8903094063895;BKT;AGRIMAX RT 765;;;;;;7800;2;;inne;wielosezonowe 
191349;8903094065493;BKT;AGRIMAX RT 765;;;;;;8100;2;;inne;wielosezonowe 
191492;8903094021895;BKT;AGRIMAX RT 765;;;;;;840;0;;inne;wielosezonowe 
191493;8903094063260;BKT;AGRIMAX RT 765;;;;;;2240;0;;inne;wielosezonowe 
191494;8903094038510;BKT;AGRIMAX RT 765 STBT E;;;;;;6500;2;;inne;wielosezonowe 
191819;;BKT;MAGLIFT STD (NIEBRUDZĄCA);;;;;;1160;2;;inne;wielosezonowe 
191820;;BKT;MAGLIFT LIP (NIEBRUDZĄCA) (Quick);;;;;;1200;2;;inne;wielosezonowe 
191821;;BKT;MAGLIFT LIP (QUICK);;;;;;1085;2;;inne;wielosezonowe 
191822;;BKT;MAGLIFT STD;;;;;;900;2;;inne;wielosezonowe 
191847;8903094058495;BKT;AGRIMAX V-FLECTO NRO E;;;;;;5490;2;;inne;wielosezonowe 
193759;8903094051694;BKT;AGRIMAX RT945 E;;;;;;3490;2;;inne;wielosezonowe 
194586;;BKT;MULTIMAX MP527 IND E;;;;;;2450;2;;inne;wielosezonowe 
195652;;BKT;EARTHMAX SR 22 G2;;;;;;3600;2;;inne;wielosezonowe 
196803;8903094065486;BKT;AGRIMAX RT600 CFO;;;;;;10500;0;;inne;wielosezonowe 
197099;8903094063628;BKT;AGRIMAXFORCE E;;;;;;6950;2;;inne;wielosezonowe 
197421;8903094048892;BKT;AGRIMAX FORCE;;;;;;16500;2;;inne;wielosezonowe 
197427;;BKT;RIDEMAX FL 693 STBT;;;;;;4480;2;;inne;wielosezonowe 
197603;;BKT;LOADER PLUS L-3;;;;;;5800;2;;inne;wielosezonowe 
197686;8903094053643;BKT;AGRIMAX  FORCE;;;;;;11400;0;;inne;wielosezonowe 
198376;;BKT;FORESTECH STBT;;;;;;5460;2;;leśne;wielosezonowe 
198377;;BKT;FORESTECH STBT E;;;;;;6260;0;;leśne;wielosezonowe 
198561;;BKT;LG 306;;;;;;400;2;;quad;wielosezonowe 
198650;;BKT;TR315 E;;;;;;485;2;;quad;wielosezonowe 
198662;;BKT;LG306;;;;;;65;0;;quad;wielosezonowe 
198663;;BKT;LG306 E;;;;;;75;0;;quad;wielosezonowe 
198664;;BKT;LG306 E;;;;;;162;0;;quad;wielosezonowe 
198665;;BKT;LG306 E;;;;;;183;0;;quad;wielosezonowe 
198666;;BKT;LG306 E;;;;;;267;2;;quad;wielosezonowe 
198668;;BKT;LG306 E Arma Turf;;;;;;151;0;;quad;wielosezonowe 
198669;;BKT;LG306 Arma Turf;;;;;;225;0;;quad;wielosezonowe 
198670;;BKT;LG306 Arma Turf;;;;;;260;0;;quad;wielosezonowe 
198671;;BKT;LG306  Arma Turf;;;;;;295;0;;quad;wielosezonowe 
198672;;BKT;LG306 Arma Turf;;;;;;330;0;;quad;wielosezonowe 
199066;8903094057993;BKT;AGRIMAX RT855 E;;;;;;8200;2;;inne;wielosezonowe 
199954;8903094068876;BKT;AGRIMAX RT 600 CFO E;;;;;;23800;2;;inne;wielosezonowe 
200037;8903094048632;BKT;AGRIMAX RT 851;;;;;;1620;0;;inne;wielosezonowe 
200140;;BKT;AS 509;;;;;;2500;2;;inne;wielosezonowe 
200588;;BKT;MAGLIFT LIP (QUICK);;;;;;1270;2;;inne;wielosezonowe 
201291;;BKT;SP IMP;;;;;;400;0;;inne;wielosezonowe 
201397;;BKT;PL 801 (ZESTAW-SET);;;;;;260;2;;inne;wielosezonowe 
201487;;BKT;MULTIMAX MP 522;;;;;;4350;2;;inne;wielosezonowe 
201508;;BKT;PT - HD;;;;;;1150;2;;inne;wielosezonowe 
201777;;BKT;EARTHMAX SR31;;;;;;10000;2;;inne;wielosezonowe 
202586;;BKT;FL 630 SUPET STBT;;;;;;3890;2;;inne;wielosezonowe 
202594;;BKT;EM 936 (ZESTAW-SET);;;;;;1270;0;;inne;wielosezonowe 
202768;8903094035809;BKT;AGRIMAX TERIS;;;;;;7400;2;;inne;wielosezonowe 
203264;;BKT;LG 306 ARMA TURF;;;;;;350;0;;quad;wielosezonowe 
203984;;BKT;PT - HD IMP;;;;;;865;2;;inne;wielosezonowe 
204566;8903094040544;BKT;AGRIMAX RT 855;;;;;;7200;0;;inne;wielosezonowe 
204778;;BKT;LG 306;;;;;;1267;2;;quad;wielosezonowe 
205575;;BKT;CON STAR 400;;;;;;1900;0;;inne;wielosezonowe 
205691;8903094065257;BKT;AGRIMAX V-FLECTO NRO E;;;;;;16100;2;;inne;wielosezonowe 
205692;8903094069507;BKT;AGRIMAX V-FLECTO NRO E;;;;;;8900;2;;inne;wielosezonowe 
205694;8903094069699;BKT;AGRIMAX V-FLECTO NRO E;;;;;;8100;2;;inne;wielosezonowe 
205696;8903094064601;BKT;AGRIMAX V-FLECTO NRO E;;;;;;6900;0;;inne;wielosezonowe 
205697;8903094066148;BKT;AGRIMAX V-FLECTO E;;;;;;12100;0;;inne;wielosezonowe 
205699;8903094062102;BKT;AGRIMAX V-FLECTO NRO E;;;;;;9850;2;;inne;wielosezonowe 
205701;8903094062133;BKT;AGRIMAX V-FLECTO NRO E;;;;;;5550;2;;inne;wielosezonowe 
205702;8903094069477;BKT;AGRIMAX FORCE E;;;;;;10400;2;;inne;wielosezonowe 
205707;8903094070152;BKT;AGRIMAX FACTOR (Nowość);;;;;;4960;2;;inne;wielosezonowe 
205708;8903094070169;BKT;AGRIMAX FACTOR (Nowość);;;;;;10500;2;;inne;wielosezonowe 
205837;;BKT;AT 111;;;;;;205;0;;quad;wielosezonowe 
205935;;BKT;CON STAR IND E;;;;;;2900;0;;inne;wielosezonowe 
205936;;BKT;CON STAR IND  E;;;;;;2550;2;;inne;wielosezonowe 
205937;;BKT;CON STAR IND E;;;;;;1800;0;;inne;wielosezonowe 
206102;;BKT;MP 567 IND E;;;;;;2150;0;;inne;wielosezonowe 
206103;;BKT;MP 590;;;;;;2400;0;;inne;wielosezonowe 
206312;;BKT;SIERRA MAX;;;;;;434;0;;quad;wielosezonowe 
206314;;BKT;SIERRA MAX;;;;;;363;0;;quad;wielosezonowe 
206378;8903094070633;BKT;AGRIMAX FACTOR E;;;;;;2500;0;;inne;wielosezonowe 
206379;8903094070718;BKT;AGRIMAX FACTOR E;;;;;;2950;0;;inne;wielosezonowe 
206380;8903094070725;BKT;AGRIMAX FACTOR E;;;;;;4400;0;;inne;wielosezonowe 
206383;8903094070527;BKT;AGRIMAX FACTOR E;;;;;;11330;2;;inne;wielosezonowe 
206638;;BKT;MAGLIFT STD;;;;;;1560;2;;inne;wielosezonowe 
206639;;BKT;MAGLIFT LIP;;;;;;1570;2;;inne;wielosezonowe 
206698;8903094065479;BKT;AGRIMAX RT 945;;;;;;5200;0;;inne;wielosezonowe 
206704;;BKT;EM933 (zam.10.00-20);;;;;;1575;0;;inne;wielosezonowe 
207085;8903094042036;BKT;AGRIMAX RT 657;;;;;;1050;2;;inne;wielosezonowe 
207127;8903094071012;BKT;AGRIMAX FACTOR E;;;;;;1870;0;;inne;wielosezonowe 
207129;8903094071029;BKT;AGRIMAX FACTOR E;;;;;;3400;0;;inne;wielosezonowe 
207130;8903094071036;BKT;AGRIMAX FACTOR E;;;;;;4200;2;;inne;wielosezonowe 
207131;8903094071043;BKT;AGRIMAX FACTOR E;;;;;;3690;2;;inne;wielosezonowe 
207132;8903094071050;BKT;AGRIMAX FACTOR E;;;;;;5780;2;;inne;wielosezonowe 
207134;8903094059942;BKT;Agrimax FORCE;;;;;;7600;2;;inne;wielosezonowe 
207307;8903094021772;BKT;AGRIMAX RT 855;;;;;;3400;0;;inne;wielosezonowe 
207414;;BKT;CON STAR IND;;;;;;1330;0;;inne;wielosezonowe 
207523;8903094052233;BKT;MULTIMAX MP 527;;;;;;4800;2;;inne;wielosezonowe 
207619;;BKT;CON STAR IND;;;;;;1300;0;;inne;wielosezonowe 
207658;8903094064717;BKT;AGRIMAXFORCE  IF CFO;;;;;;7700;2;;inne;wielosezonowe 
207662;8903094057252;BKT;RIDEMAX IT696 IND E;;;;;;2500;0;;inne;wielosezonowe 
207663;8903094048960;BKT;RIDEMAX IT696 IND E;;;;;;1770;2;;inne;wielosezonowe 
207665;;BKT;LG306 E;;;;;;370;0;;quad;wielosezonowe 
207666;;BKT;LG306 E;;;;;;575;0;;quad;wielosezonowe 
207667;8903094063857;BKT;AGRIMAX RT945 E;;;;;;3770;0;;inne;wielosezonowe 
207669;8903094065646;BKT;AGRIMAX V-FLECTO E;;;;;;9550;2;;inne;wielosezonowe 
207833;;BKT;PAC MASTER SMOOTH;;;;;;910;0;;inne;wielosezonowe 
207834;;BKT;RIDEMAX FL 693 STBT;;;;;;3400;0;;inne;wielosezonowe 
207958;;BKT;AT621;;;;;;550;0;;inne;wielosezonowe 
208925;;BKT;EARTHMAX SR33;;;;;;2300;2;;inne;wielosezonowe 
208926;;BKT;EARTHMAX SR33;;;;;;3100;2;;inne;wielosezonowe 
209732;8903094062423;BKT;AGRIMAX RT 600;;;;;;11930;2;;inne;wielosezonowe 
210284;;BKT;MAGLIFT STD (NIEBRUDZĄCA);;;;;;290;2;;inne;wielosezonowe 
210352;8903094063710;BKT;AGRIMAX V-FLECTO;;;;;;10500;0;;inne;wielosezonowe 
210353;8903094070930;BKT;AGRIMAX V-FLECTO;;;;;;6100;2;;inne;wielosezonowe 
210354;;BKT;MP567 IMP E;;;;;;850;0;;inne;wielosezonowe 
210494;;BKT;RIDEMAX IT 696;;;;;;5500;2;;inne;wielosezonowe 
210551;8903094039210;BKT;AGRIMAX RT 855;;;;;;500;2;;inne;wielosezonowe 
210697;;BKT;Earthmax SR 35;;;;;;11000;0;;inne;wielosezonowe 
211101;;BKT;AGRIMAX FORCE;;;;;;16200;0;;inne;wielosezonowe 
211121;;BKT;RIDEMAX FL 693 M STBT;;;;;;8760;0;;inne;wielosezonowe 
211510;;BKT;PAC MASTER E;;;;;;1050;0;;inne;wielosezonowe 
211761;;BKT;LG 306;;;;;;640;2;;quad;wielosezonowe 
211780;;BKT;PAC MASTER;;;;;;516;2;;inne;wielosezonowe 
211938;8903094062126;BKT;AGRIMAX V-FLECTO E;;;;;;4580;0;;inne;wielosezonowe 
212317;;BKT;MULTIMAX MP 527;;;;;;3300;0;;inne;wielosezonowe 
212811;;BKT;ROCK GRIP;;;;;;12390;0;;inne;wielosezonowe 
213723;;BKT;AGRIMAX V-FLECTO E;;;;;;8800;0;;inne;wielosezonowe 
217020;;BKT;AGRIMAX FACTOR;;;;;;2150;2;;inne;wielosezonowe 
217509;;BKT;GF 305 CLASSIC GOLF;;;;;;244;0;;quad;wielosezonowe 
